User_Interest,User_Budget,Place_Name,Place_Type,Place_Budget,State,User_Rating
City Life,Low,Kolkata,City Life,Low,West Bengal,5.0
Hill Station,High,Kolkata,City Life,High,West Bengal,2.91
Religious,High,Jim Corbett,Wildlife,Medium,Uttarakhand,2.01
Wildlife,Medium,Ooty,Hill Station,Low,Tamil Nadu,2.01
Hill Station,Medium,Hampi,Historical,Low,Karnataka,2.0
Adventure,High,Ooty,Hill Station,High,Tamil Nadu,2.9
City Life,Medium,Dandeli,Adventure,High,Karnataka,1.41
Beach,High,Khajuraho,Historical,High,MP,2.9
City Life,Medium,Varanasi,Religious,Medium,UP,2.91
Beach,Medium,Jaipur,Historical,High,Rajasthan,1.41
Religious,Low,Kolkata,City Life,Medium,West Bengal,1.4
Hill Station,Medium,Bandipur,Wildlife,Medium,Karnataka,2.91
Wildlife,Low,Bangalore,City Life,Medium,Karnataka,1.4
Hill Station,Medium,Yadadri,Religious,High,Telangana,1.41
Wildlife,High,Varanasi,Religious,Medium,UP,2.0
Historical,Medium,Hyderabad,City Life,Medium,Telangana,2.91
Religious,Low,Alibaug,Beach,High,Maharashtra,1.4
Beach,High,Baga,Beach,High,Goa,5.0
Beach,High,Rishikesh,Adventure,High,Uttarakhand,2.9
City Life,Medium,Radhanagar,Beach,High,Andaman,1.41
Religious,Medium,Puri,Beach,Low,Odisha,2.01
Wildlife,High,Rishikesh,Adventure,High,Uttarakhand,2.9
Wildlife,High,Alibaug,Beach,Medium,Maharashtra,2.0
Wildlife,High,Rishikesh,Adventure,High,Uttarakhand,2.9
Hill Station,Low,Rishikesh,Adventure,Low,Uttarakhand,2.91
Wildlife,Low,Hyderabad,City Life,High,Telangana,1.41
Religious,Low,Kolkata,City Life,High,West Bengal,1.4
Hill Station,Medium,Ajanta,Historical,Low,Maharashtra,2.0
Religious,Medium,Gir,Wildlife,Medium,Gujarat,2.9
Beach,High,Kaziranga,Wildlife,Low,Assam,2.0
Wildlife,Low,Bodh Gaya,Religious,Low,Bihar,2.9
Wildlife,High,Puri,Beach,Low,Odisha,2.01
Hill Station,High,Spiti,Adventure,Low,Himachal,2.0
Wildlife,Low,Ooty,Hill Station,Medium,Tamil Nadu,1.41
Adventure,Low,Red Fort,Historical,Low,Delhi,2.9
Hill Station,Medium,Yadadri,Religious,High,Telangana,1.4
Beach,Low,Spiti,Adventure,Medium,Himachal,1.41
Hill Station,Medium,CP,City Life,High,Delhi,1.41
Adventure,Low,Ahmedabad,City Life,Low,Gujarat,2.91
Wildlife,Medium,Rishikesh,Adventure,Low,Uttarakhand,2.0
Wildlife,Low,Dandeli,Adventure,High,Karnataka,1.4
Hill Station,High,Kolkata,City Life,High,West Bengal,2.9
Beach,High,Manali,Hill Station,High,Himachal,2.9
Beach,Medium,Ahmedabad,City Life,Medium,Gujarat,2.9
Religious,Medium,Radhanagar,Beach,Low,Andaman,2.0
Wildlife,Low,Khajuraho,Historical,High,MP,1.4
Adventure,High,Dandeli,Adventure,Medium,Karnataka,4.11
Religious,High,Radhanagar,Beach,Medium,Andaman,2.01
Wildlife,High,Kaziranga,Wildlife,High,Assam,5.0
Hill Station,Medium,Nainital,Hill Station,Medium,Uttarakhand,5.0
Historical,Low,Varanasi,Religious,Low,UP,2.9
Religious,High,Rishikesh,Adventure,Low,Uttarakhand,2.01
Adventure,High,Bandipur,Wildlife,Medium,Karnataka,2.01
Wildlife,Low,Spiti,Adventure,High,Himachal,1.4
Historical,Medium,Radhanagar,Beach,High,Andaman,1.4
Historical,Low,Dandeli,Adventure,High,Karnataka,1.41
Beach,Medium,Ajanta,Historical,Low,Maharashtra,2.01
Religious,Low,Nalanda,Historical,Low,Bihar,2.91
City Life,High,Varanasi,Religious,High,UP,2.9
City Life,Low,Leh,Adventure,Low,Ladakh,2.9
Wildlife,Medium,Spiti,Adventure,Medium,Himachal,2.91
Wildlife,High,Gangtok,Hill Station,Medium,Sikkim,2.01
Beach,Low,Varkala,Beach,Medium,Kerala,3.5
Historical,Medium,Bangalore,City Life,High,Karnataka,1.4
Historical,Medium,Mumbai,City Life,Low,Maharashtra,2.0
Wildlife,Medium,Madurai,Religious,High,Tamil Nadu,1.4
Hill Station,Medium,Ahmedabad,City Life,High,Gujarat,1.4
City Life,Medium,Ajanta,Historical,Medium,Maharashtra,2.91
Beach,Medium,Bandipur,Wildlife,High,Karnataka,1.4
Beach,Low,Somnath,Religious,Low,Gujarat,2.9
Wildlife,Low,Yadadri,Religious,High,Telangana,1.41
Religious,Low,Ooty,Hill Station,Medium,Tamil Nadu,1.4
Beach,High,Dandeli,Adventure,Medium,Karnataka,2.0
Historical,Medium,Ajanta,Historical,High,Maharashtra,3.5
Religious,Low,Marina,Beach,Medium,Tamil Nadu,1.4
Hill Station,Medium,Kaziranga,Wildlife,Low,Assam,2.0
Historical,High,Hyderabad,City Life,Medium,Telangana,2.01
Adventure,Medium,Zulruk,Adventure,Medium,Sikkim,5.0
Wildlife,Low,Mumbai,City Life,Medium,Maharashtra,1.41
Religious,Low,Amritsar,Religious,Medium,Punjab,3.5
City Life,Low,Bandipur,Wildlife,Low,Karnataka,2.9
Hill Station,Medium,Hampi,Historical,Medium,Karnataka,2.9
Hill Station,Medium,Leh,Adventure,Low,Ladakh,2.01
Historical,High,Manali,Hill Station,High,Himachal,2.91
Religious,Medium,Dandeli,Adventure,Low,Karnataka,2.0
Adventure,High,Hampi,Historical,High,Karnataka,2.91
Hill Station,High,Bodh Gaya,Religious,Low,Bihar,2.0
Wildlife,Medium,Khajuraho,Historical,Medium,MP,2.91
Beach,Medium,Jaipur,Historical,Medium,Rajasthan,2.9
Hill Station,High,Radhanagar,Beach,Medium,Andaman,2.01
Historical,High,Hampi,Historical,Low,Karnataka,4.11
Beach,Medium,Red Fort,Historical,High,Delhi,1.41
Religious,Medium,Puri,Beach,Low,Odisha,2.0
City Life,Low,Mumbai,City Life,High,Maharashtra,3.5
Beach,Low,Ranthambore,Wildlife,Low,Rajasthan,2.9
Adventure,High,Radhanagar,Beach,Low,Andaman,2.01
Religious,Low,CP,City Life,Medium,Delhi,1.41
Religious,High,Gulmarg,Hill Station,Low,Kashmir,2.0
Beach,High,Hampi,Historical,Low,Karnataka,2.01
Beach,High,Nalanda,Historical,Medium,Bihar,2.01
Wildlife,High,Gulmarg,Hill Station,High,Kashmir,2.91
Adventure,High,Ooty,Hill Station,Low,Tamil Nadu,2.01
Religious,Low,Ajanta,Historical,High,Maharashtra,1.4
Hill Station,Low,Gangtok,Hill Station,Medium,Sikkim,3.5
Historical,Low,Gir,Wildlife,Low,Gujarat,2.9
Religious,Low,Mumbai,City Life,Low,Maharashtra,2.91
Wildlife,High,Zulruk,Adventure,Medium,Sikkim,2.01
Hill Station,Medium,Spiti,Adventure,High,Himachal,1.4
Hill Station,Medium,Ooty,Hill Station,Low,Tamil Nadu,4.11
City Life,Low,Zulruk,Adventure,Medium,Sikkim,1.4
Religious,Low,Baga,Beach,Medium,Goa,1.4
Hill Station,Low,Nalanda,Historical,High,Bihar,1.41
Wildlife,Low,Dandeli,Adventure,Low,Karnataka,2.9
Adventure,Low,Manali,Hill Station,Low,Himachal,2.91
City Life,Low,Ajanta,Historical,Medium,Maharashtra,1.4
City Life,Low,Dandeli,Adventure,Medium,Karnataka,1.41
Wildlife,Low,Ooty,Hill Station,Medium,Tamil Nadu,1.4
Religious,Medium,Somnath,Religious,Low,Gujarat,4.11
Adventure,Medium,Mumbai,City Life,Low,Maharashtra,2.0
Religious,Low,Bodh Gaya,Religious,Low,Bihar,5.0
Historical,Medium,Gangtok,Hill Station,Low,Sikkim,2.01
Hill Station,Medium,Kanha,Wildlife,High,MP,1.4
City Life,Low,Kaziranga,Wildlife,Medium,Assam,1.41
Beach,High,Jaipur,Historical,High,Rajasthan,2.9
Adventure,High,Alibaug,Beach,Low,Maharashtra,2.0
Adventure,High,Alibaug,Beach,High,Maharashtra,2.91
Beach,Low,Hyderabad,City Life,Medium,Telangana,1.41
City Life,Low,Nalanda,Historical,Medium,Bihar,1.41
Beach,Low,Kaziranga,Wildlife,Medium,Assam,1.4
Historical,Low,Yadadri,Religious,Low,Telangana,2.91
Hill Station,High,Bangalore,City Life,Medium,Karnataka,2.01
Wildlife,High,Leh,Adventure,Low,Ladakh,2.01
Historical,Medium,Gir,Wildlife,Low,Gujarat,2.01
City Life,High,Hyderabad,City Life,Low,Telangana,4.11
Adventure,High,Ahmedabad,City Life,Medium,Gujarat,2.0
Hill Station,Medium,Gir,Wildlife,High,Gujarat,1.41
Religious,Low,Kaziranga,Wildlife,High,Assam,1.4
City Life,Medium,Rishikesh,Adventure,Low,Uttarakhand,2.01
Hill Station,Low,Manali,Hill Station,Low,Himachal,5.0
Historical,Medium,Ajanta,Historical,High,Maharashtra,3.51
Adventure,High,Mumbai,City Life,High,Maharashtra,2.9
City Life,High,Ranthambore,Wildlife,Low,Rajasthan,2.01
Adventure,High,Jaipur,Historical,Low,Rajasthan,2.0
Adventure,Low,Jaipur,Historical,Medium,Rajasthan,1.4
Historical,Medium,Alibaug,Beach,Low,Maharashtra,2.0
Wildlife,Medium,Puri,Beach,Medium,Odisha,2.91
Beach,Medium,Baga,Beach,Medium,Goa,5.0
Wildlife,High,Hyderabad,City Life,Low,Telangana,2.0
Beach,Low,Zulruk,Adventure,High,Sikkim,1.41
Wildlife,Medium,Ooty,Hill Station,High,Tamil Nadu,1.41
Hill Station,Low,Shillong,Hill Station,High,Meghalaya,3.5
City Life,High,Ahmedabad,City Life,High,Gujarat,5.0
Historical,Medium,Shillong,Hill Station,High,Meghalaya,1.4
Beach,High,Hampi,Historical,Medium,Karnataka,2.01
Beach,High,Kanha,Wildlife,Medium,MP,2.0
Beach,Low,Varanasi,Religious,Medium,UP,1.41
Historical,Medium,CP,City Life,High,Delhi,1.41
City Life,Low,Madurai,Religious,Medium,Tamil Nadu,1.4
Wildlife,Medium,Gangtok,Hill Station,High,Sikkim,1.41
Historical,Low,Alibaug,Beach,Medium,Maharashtra,1.4
Wildlife,High,Yadadri,Religious,High,Telangana,2.9
Wildlife,High,Mumbai,City Life,High,Maharashtra,2.9
City Life,Low,Yadadri,Religious,Medium,Telangana,1.41
Adventure,High,Bandipur,Wildlife,Low,Karnataka,2.0
Wildlife,High,Kaziranga,Wildlife,Medium,Assam,4.11
Hill Station,High,Hampi,Historical,Low,Karnataka,2.0
Wildlife,High,Varanasi,Religious,Low,UP,2.01
Beach,Medium,Bandipur,Wildlife,Low,Karnataka,2.01
City Life,Low,Tawang,Adventure,Low,Arunachal,2.9
Hill Station,Low,Bangalore,City Life,Medium,Karnataka,1.4
Hill Station,Low,Hyderabad,City Life,Low,Telangana,2.91
Adventure,High,Gir,Wildlife,Medium,Gujarat,2.0
Historical,Medium,Somnath,Religious,Medium,Gujarat,2.9
Adventure,Low,Ooty,Hill Station,High,Tamil Nadu,1.4
Wildlife,Low,Rishikesh,Adventure,Low,Uttarakhand,2.9
Wildlife,High,Nalanda,Historical,Low,Bihar,2.0
Wildlife,Medium,Ranthambore,Wildlife,Low,Rajasthan,4.11
Beach,Medium,Ahmedabad,City Life,High,Gujarat,1.41
Beach,High,Mumbai,City Life,Low,Maharashtra,2.0
City Life,High,Shillong,Hill Station,Low,Meghalaya,2.01
Adventure,High,Spiti,Adventure,Medium,Himachal,4.1
Adventure,Medium,Bodh Gaya,Religious,Low,Bihar,2.01
City Life,High,Bodh Gaya,Religious,Medium,Bihar,2.01
Historical,Low,Rishikesh,Adventure,Medium,Uttarakhand,1.4
Hill Station,Medium,Khajuraho,Historical,Medium,MP,2.9
Wildlife,Low,CP,City Life,Low,Delhi,2.9
City Life,Low,Nalanda,Historical,High,Bihar,1.4
Historical,Medium,Tawang,Adventure,High,Arunachal,1.41
Hill Station,High,Zulruk,Adventure,High,Sikkim,2.91
Wildlife,Medium,Bangalore,City Life,Medium,Karnataka,2.91
Hill Station,Low,Kanha,Wildlife,Low,MP,2.9
Religious,High,Somnath,Religious,Low,Gujarat,4.11
City Life,Medium,Radhanagar,Beach,High,Andaman,1.41
Wildlife,High,Ajanta,Historical,Low,Maharashtra,2.01
City Life,Low,Jim Corbett,Wildlife,Low,Uttarakhand,2.9
Religious,Medium,Mumbai,City Life,Low,Maharashtra,2.01
City Life,High,Hyderabad,City Life,High,Telangana,5.0
Beach,Medium,Varanasi,Religious,Low,UP,2.01
Adventure,High,Varanasi,Religious,Medium,UP,2.01
Hill Station,High,Gangtok,Hill Station,Medium,Sikkim,4.11
Adventure,High,Madurai,Religious,High,Tamil Nadu,2.9
Beach,High,Yadadri,Religious,Low,Telangana,2.01
Beach,Low,Kolkata,City Life,Medium,West Bengal,1.4
Hill Station,Low,Baga,Beach,Low,Goa,2.9
Wildlife,Medium,Bodh Gaya,Religious,Low,Bihar,2.0
Historical,Medium,Kolkata,City Life,High,West Bengal,1.41
Wildlife,Medium,Red Fort,Historical,Low,Delhi,2.0
Adventure,Medium,Puri,Beach,High,Odisha,1.4
Hill Station,Medium,Varanasi,Religious,Medium,UP,2.9
Adventure,High,Varanasi,Religious,Low,UP,2.0
Adventure,Medium,Gangtok,Hill Station,Medium,Sikkim,2.91
Beach,High,CP,City Life,Medium,Delhi,2.01
Beach,Low,Kolkata,City Life,High,West Bengal,1.41
Historical,Medium,Alibaug,Beach,High,Maharashtra,1.41
Religious,High,Gangtok,Hill Station,Medium,Sikkim,2.01
Wildlife,High,Somnath,Religious,Low,Gujarat,2.0
Wildlife,High,Bangalore,City Life,High,Karnataka,2.91
Beach,High,Khajuraho,Historical,Low,MP,2.01
Historical,Medium,Manali,Hill Station,High,Himachal,1.41
Adventure,Medium,Bangalore,City Life,High,Karnataka,1.41
Religious,Low,Ajanta,Historical,Medium,Maharashtra,1.4
Historical,High,Amritsar,Religious,Medium,Punjab,2.01
Beach,Medium,Gir,Wildlife,Medium,Gujarat,2.9
Beach,Medium,Rishikesh,Adventure,Medium,Uttarakhand,2.91
Hill Station,Low,Baga,Beach,Medium,Goa,1.41
Wildlife,Medium,Gulmarg,Hill Station,Low,Kashmir,2.01
Historical,High,Kanha,Wildlife,Low,MP,2.01
Beach,Medium,Manali,Hill Station,Low,Himachal,2.01
Hill Station,High,Jaipur,Historical,Medium,Rajasthan,2.0
Beach,High,Gir,Wildlife,Medium,Gujarat,2.01
Beach,Low,Bangalore,City Life,Low,Karnataka,2.91
Historical,Medium,Shillong,Hill Station,Medium,Meghalaya,2.9
Adventure,Low,Zulruk,Adventure,High,Sikkim,3.5
Historical,High,Dandeli,Adventure,Low,Karnataka,2.01
Adventure,Medium,Shillong,Hill Station,Medium,Meghalaya,2.91
Beach,Medium,Somnath,Religious,High,Gujarat,1.41
Adventure,Low,Gir,Wildlife,Low,Gujarat,2.9
Beach,Medium,Gulmarg,Hill Station,Low,Kashmir,2.0
Beach,Low,Alibaug,Beach,High,Maharashtra,3.51
Beach,High,Tawang,Adventure,Medium,Arunachal,2.01
Religious,High,Bandipur,Wildlife,Medium,Karnataka,2.0
Historical,High,Rishikesh,Adventure,Low,Uttarakhand,2.01
Beach,High,Radhanagar,Beach,Medium,Andaman,4.11
Adventure,High,Red Fort,Historical,High,Delhi,2.91
Wildlife,Low,Manali,Hill Station,High,Himachal,1.41
Beach,Low,Nainital,Hill Station,High,Uttarakhand,1.41
Hill Station,Low,Kanha,Wildlife,High,MP,1.4
Historical,High,Varkala,Beach,Medium,Kerala,2.0
Historical,Medium,Ahmedabad,City Life,High,Gujarat,1.4
Adventure,Medium,Mumbai,City Life,Medium,Maharashtra,2.91
Adventure,Low,Gangtok,Hill Station,Low,Sikkim,2.91
Hill Station,High,CP,City Life,High,Delhi,2.9
Beach,Low,Kaziranga,Wildlife,Low,Assam,2.91
Historical,Medium,Yadadri,Religious,Medium,Telangana,2.9
Hill Station,Medium,Gir,Wildlife,High,Gujarat,1.4
Hill Station,High,Spiti,Adventure,Low,Himachal,2.01
Historical,Medium,Hampi,Historical,Low,Karnataka,4.11
Religious,High,Marina,Beach,Medium,Tamil Nadu,2.0
City Life,Low,Puri,Beach,Low,Odisha,2.9
Wildlife,Medium,Ooty,Hill Station,Medium,Tamil Nadu,2.9
Beach,Low,Ajanta,Historical,High,Maharashtra,1.4
Beach,Low,Somnath,Religious,High,Gujarat,1.41
Historical,Low,Dandeli,Adventure,Medium,Karnataka,1.41
City Life,Medium,Spiti,Adventure,Low,Himachal,2.01
City Life,High,Bodh Gaya,Religious,High,Bihar,2.9
Adventure,Low,Kanha,Wildlife,High,MP,1.4
Hill Station,Low,Marina,Beach,High,Tamil Nadu,1.41
Historical,Low,Kaziranga,Wildlife,Low,Assam,2.91
Hill Station,Low,Khajuraho,Historical,Medium,MP,1.41
Hill Station,Medium,Varkala,Beach,High,Kerala,1.4
Historical,High,Baga,Beach,Medium,Goa,2.01
Adventure,Low,Tawang,Adventure,Low,Arunachal,5.0
Beach,Medium,Amritsar,Religious,Low,Punjab,2.0
Beach,Low,Tawang,Adventure,Medium,Arunachal,1.4
City Life,Medium,Zulruk,Adventure,Medium,Sikkim,2.91
Historical,Low,Bodh Gaya,Religious,Low,Bihar,2.91
Historical,Medium,Khajuraho,Historical,Medium,MP,5.0
Hill Station,High,Nalanda,Historical,Low,Bihar,2.01
Adventure,Low,Tawang,Adventure,Low,Arunachal,5.0
Historical,Low,Jaipur,Historical,High,Rajasthan,3.51
Religious,High,Khajuraho,Historical,Low,MP,2.01
Adventure,High,Bangalore,City Life,Medium,Karnataka,2.01
Historical,Medium,Bangalore,City Life,Medium,Karnataka,2.91
Historical,High,Gulmarg,Hill Station,Medium,Kashmir,2.0
Beach,Low,Bangalore,City Life,Low,Karnataka,2.91
Wildlife,High,Kanha,Wildlife,Low,MP,4.11
City Life,High,Jim Corbett,Wildlife,Low,Uttarakhand,2.01
Religious,Medium,Madurai,Religious,Low,Tamil Nadu,4.11
Beach,Medium,Kaziranga,Wildlife,Medium,Assam,2.91
Adventure,Medium,Shillong,Hill Station,High,Meghalaya,1.41
Religious,High,Dandeli,Adventure,Low,Karnataka,2.0
Historical,High,Puri,Beach,High,Odisha,2.9
Adventure,High,Nainital,Hill Station,Medium,Uttarakhand,2.0
Historical,Low,Zulruk,Adventure,Low,Sikkim,2.9
City Life,Low,Khajuraho,Historical,Medium,MP,1.41
Religious,Medium,Tawang,Adventure,High,Arunachal,1.41
Religious,Low,Nalanda,Historical,High,Bihar,1.41
Adventure,Low,Khajuraho,Historical,High,MP,1.4
Religious,Medium,Bangalore,City Life,Low,Karnataka,2.0
Beach,Low,Amritsar,Religious,High,Punjab,1.4
Adventure,Medium,Baga,Beach,Low,Goa,2.01
City Life,High,Kanha,Wildlife,High,MP,2.91
Religious,Low,Amritsar,Religious,High,Punjab,3.5
City Life,Low,Bandipur,Wildlife,High,Karnataka,1.4
Religious,Low,Kaziranga,Wildlife,High,Assam,1.41
Historical,Low,Gangtok,Hill Station,Low,Sikkim,2.9
Historical,Medium,Kanha,Wildlife,Medium,MP,2.91
Wildlife,High,Red Fort,Historical,Low,Delhi,2.01
Beach,High,Gir,Wildlife,Low,Gujarat,2.0
Beach,Medium,Ahmedabad,City Life,Medium,Gujarat,2.9
Beach,Medium,Ooty,Hill Station,Low,Tamil Nadu,2.01
Beach,Low,Ajanta,Historical,Low,Maharashtra,2.91
Hill Station,Medium,Bangalore,City Life,Medium,Karnataka,2.91
Wildlife,Medium,Nainital,Hill Station,Medium,Uttarakhand,2.9
Beach,High,Khajuraho,Historical,High,MP,2.9
Wildlife,Low,Mumbai,City Life,Medium,Maharashtra,1.41
Hill Station,Medium,Yadadri,Religious,High,Telangana,1.41
City Life,High,Somnath,Religious,Medium,Gujarat,2.01
Hill Station,High,Rishikesh,Adventure,Medium,Uttarakhand,2.0
Hill Station,Medium,Somnath,Religious,Low,Gujarat,2.0
Adventure,Medium,Spiti,Adventure,Low,Himachal,4.1
City Life,Low,Kolkata,City Life,Medium,West Bengal,3.5
Adventure,Medium,Red Fort,Historical,High,Delhi,1.41
Hill Station,High,Zulruk,Adventure,Low,Sikkim,2.0
City Life,Low,CP,City Life,Low,Delhi,5.0
City Life,Medium,Hampi,Historical,Low,Karnataka,2.0
Religious,Medium,Somnath,Religious,Medium,Gujarat,5.0
Beach,Medium,Jaipur,Historical,Medium,Rajasthan,2.91
Religious,Medium,Bangalore,City Life,High,Karnataka,1.41
Wildlife,Low,Madurai,Religious,Low,Tamil Nadu,2.9
Historical,High,Varkala,Beach,Medium,Kerala,2.01
Wildlife,High,Ooty,Hill Station,Medium,Tamil Nadu,2.01
City Life,Low,Ajanta,Historical,Low,Maharashtra,2.9
Wildlife,Low,Ahmedabad,City Life,High,Gujarat,1.4
Hill Station,High,Kaziranga,Wildlife,High,Assam,2.9
Religious,Medium,Zulruk,Adventure,Low,Sikkim,2.0
Religious,Low,Kolkata,City Life,Medium,West Bengal,1.4
Wildlife,Medium,Jaipur,Historical,Medium,Rajasthan,2.9
Historical,High,Varanasi,Religious,Low,UP,2.0
Religious,Low,Zulruk,Adventure,High,Sikkim,1.41
Historical,Low,Radhanagar,Beach,High,Andaman,1.41
Religious,High,Hampi,Historical,Medium,Karnataka,2.01
Beach,High,Hampi,Historical,Medium,Karnataka,2.0
City Life,High,Jim Corbett,Wildlife,Low,Uttarakhand,2.0
Beach,Low,Spiti,Adventure,Medium,Himachal,1.4
Hill Station,High,Spiti,Adventure,Medium,Himachal,2.0
Historical,Low,Kolkata,City Life,Medium,West Bengal,1.4
Wildlife,High,Jim Corbett,Wildlife,Medium,Uttarakhand,4.1
City Life,Medium,Red Fort,Historical,High,Delhi,1.41
Wildlife,Low,Ahmedabad,City Life,High,Gujarat,1.41
City Life,High,Gangtok,Hill Station,Medium,Sikkim,2.0
Hill Station,Low,Manali,Hill Station,High,Himachal,3.51
Wildlife,Low,Varkala,Beach,High,Kerala,1.41
Historical,Low,Marina,Beach,Medium,Tamil Nadu,1.41
Hill Station,Medium,Mumbai,City Life,Low,Maharashtra,2.0
Historical,Low,Nalanda,Historical,High,Bihar,3.51
Religious,Medium,Ajanta,Historical,Medium,Maharashtra,2.91
Adventure,Medium,Nainital,Hill Station,Low,Uttarakhand,2.01
Adventure,Low,Rishikesh,Adventure,Medium,Uttarakhand,3.51
Beach,Low,Mumbai,City Life,Medium,Maharashtra,1.4
Historical,High,Bodh Gaya,Religious,Low,Bihar,2.01
Beach,High,Yadadri,Religious,Medium,Telangana,2.01
Wildlife,Medium,Nainital,Hill Station,Medium,Uttarakhand,2.91
Historical,Medium,Shillong,Hill Station,Low,Meghalaya,2.01
Beach,Low,Gulmarg,Hill Station,High,Kashmir,1.41
City Life,High,Ahmedabad,City Life,Medium,Gujarat,4.11
Adventure,High,Nalanda,Historical,High,Bihar,2.9
City Life,Low,Varanasi,Religious,High,UP,1.4
Religious,Low,Ajanta,Historical,High,Maharashtra,1.4
Historical,Low,Yadadri,Religious,High,Telangana,1.41
Religious,High,Ooty,Hill Station,Medium,Tamil Nadu,2.01
Beach,Low,Amritsar,Religious,Low,Punjab,2.91
City Life,High,Amritsar,Religious,High,Punjab,2.91
City Life,High,Marina,Beach,Low,Tamil Nadu,2.0
Religious,Medium,Ahmedabad,City Life,Low,Gujarat,2.0
Historical,Medium,Kolkata,City Life,Low,West Bengal,2.01
Wildlife,Low,Ranthambore,Wildlife,Low,Rajasthan,5.0
City Life,Medium,Manali,Hill Station,Low,Himachal,2.01
Beach,Medium,Zulruk,Adventure,Medium,Sikkim,2.91
Religious,High,Manali,Hill Station,Medium,Himachal,2.01
Hill Station,Low,Bangalore,City Life,Low,Karnataka,2.9
Adventure,Medium,Alibaug,Beach,Low,Maharashtra,2.0
Historical,High,Dandeli,Adventure,High,Karnataka,2.91
Hill Station,Low,Jim Corbett,Wildlife,Low,Uttarakhand,2.9
Beach,Medium,Zulruk,Adventure,Medium,Sikkim,2.9
Wildlife,Low,Mumbai,City Life,Low,Maharashtra,2.9
Religious,Medium,Dandeli,Adventure,Medium,Karnataka,2.9
City Life,Low,Ranthambore,Wildlife,Low,Rajasthan,2.91
Adventure,Low,Varkala,Beach,Medium,Kerala,1.4
Religious,Low,Radhanagar,Beach,Medium,Andaman,1.41
Religious,High,Ajanta,Historical,Medium,Maharashtra,2.01
Religious,Low,Gangtok,Hill Station,Medium,Sikkim,1.41
City Life,Medium,Kaziranga,Wildlife,High,Assam,1.41
Wildlife,Medium,Amritsar,Religious,Low,Punjab,2.0
City Life,High,Marina,Beach,Medium,Tamil Nadu,2.0
City Life,Low,Somnath,Religious,High,Gujarat,1.41
Historical,High,Madurai,Religious,Medium,Tamil Nadu,2.01
Religious,Low,Puri,Beach,Low,Odisha,2.9
Wildlife,Medium,Mumbai,City Life,Low,Maharashtra,2.01
Wildlife,Medium,Ajanta,Historical,Low,Maharashtra,2.0
Historical,Medium,Alibaug,Beach,Medium,Maharashtra,2.91
Beach,Low,Tawang,Adventure,Medium,Arunachal,1.4
Religious,Medium,Ahmedabad,City Life,High,Gujarat,1.41
City Life,Medium,Bodh Gaya,Religious,Medium,Bihar,2.91
Beach,Medium,Kanha,Wildlife,Low,MP,2.0
Hill Station,Medium,Bandipur,Wildlife,High,Karnataka,1.41
Religious,Medium,Alibaug,Beach,High,Maharashtra,1.4
Hill Station,High,Shillong,Hill Station,Medium,Meghalaya,4.11
Beach,Medium,Alibaug,Beach,Medium,Maharashtra,5.0
City Life,Medium,Puri,Beach,Medium,Odisha,2.91
Religious,High,Rishikesh,Adventure,Medium,Uttarakhand,2.0
Historical,Medium,Jaipur,Historical,Low,Rajasthan,4.1
Historical,Low,Ahmedabad,City Life,Medium,Gujarat,1.4
City Life,Medium,Khajuraho,Historical,Medium,MP,2.91
City Life,High,Kolkata,City Life,Low,West Bengal,4.11
Hill Station,Low,Shillong,Hill Station,High,Meghalaya,3.51
City Life,High,Varkala,Beach,Low,Kerala,2.0
Beach,Medium,Gir,Wildlife,High,Gujarat,1.41
Religious,Low,Somnath,Religious,High,Gujarat,3.5
Historical,High,Somnath,Religious,Low,Gujarat,2.01
Religious,Medium,Bangalore,City Life,High,Karnataka,1.41
City Life,Medium,Khajuraho,Historical,High,MP,1.41
Wildlife,Medium,Hyderabad,City Life,Low,Telangana,2.01
Wildlife,High,Shillong,Hill Station,High,Meghalaya,2.9
Wildlife,High,Jaipur,Historical,High,Rajasthan,2.9
City Life,Low,Alibaug,Beach,Low,Maharashtra,2.91
Historical,Low,Jaipur,Historical,Low,Rajasthan,5.0
Religious,Low,Rishikesh,Adventure,High,Uttarakhand,1.4
Religious,High,Jaipur,Historical,Medium,Rajasthan,2.0
Religious,Medium,Rishikesh,Adventure,Low,Uttarakhand,2.0
Wildlife,Medium,Jaipur,Historical,Low,Rajasthan,2.0
Beach,Low,Baga,Beach,Medium,Goa,3.5
Historical,Low,Nainital,Hill Station,Medium,Uttarakhand,1.4
Historical,High,Bangalore,City Life,High,Karnataka,2.9
Beach,High,Radhanagar,Beach,High,Andaman,5.0
Adventure,Low,Varanasi,Religious,High,UP,1.41
Historical,Low,Kolkata,City Life,Low,West Bengal,2.9
Adventure,Low,Hampi,Historical,Low,Karnataka,2.9
City Life,Medium,Madurai,Religious,High,Tamil Nadu,1.41
Adventure,High,Leh,Adventure,Low,Ladakh,4.11
Wildlife,Medium,Ranthambore,Wildlife,Low,Rajasthan,4.1
Beach,Low,Nainital,Hill Station,High,Uttarakhand,1.4
Wildlife,Medium,Baga,Beach,Low,Goa,2.01
Wildlife,High,Nainital,Hill Station,Low,Uttarakhand,2.0
Adventure,Medium,Jim Corbett,Wildlife,Low,Uttarakhand,2.01
Religious,Medium,Leh,Adventure,High,Ladakh,1.4
Hill Station,High,Baga,Beach,High,Goa,2.91
Hill Station,Low,Shillong,Hill Station,Medium,Meghalaya,3.51
Religious,High,Kaziranga,Wildlife,Low,Assam,2.0
Wildlife,High,Mumbai,City Life,Low,Maharashtra,2.01
Historical,Low,Jim Corbett,Wildlife,Medium,Uttarakhand,1.41
Wildlife,High,CP,City Life,High,Delhi,2.9
Wildlife,High,Puri,Beach,Low,Odisha,2.01
Hill Station,Low,Hampi,Historical,High,Karnataka,1.41
City Life,High,CP,City Life,Low,Delhi,4.1
Historical,Low,Varkala,Beach,High,Kerala,1.4
City Life,Low,Ranthambore,Wildlife,High,Rajasthan,1.41
Historical,High,Nainital,Hill Station,Low,Uttarakhand,2.01
Adventure,Low,Madurai,Religious,Medium,Tamil Nadu,1.41
Beach,Medium,Ajanta,Historical,High,Maharashtra,1.41
Hill Station,Low,Red Fort,Historical,Medium,Delhi,1.41
Hill Station,Medium,Varanasi,Religious,Medium,UP,2.9
Hill Station,Low,Radhanagar,Beach,High,Andaman,1.41
City Life,High,Gir,Wildlife,Low,Gujarat,2.0
City Life,Low,Somnath,Religious,Medium,Gujarat,1.41
Adventure,Medium,Ajanta,Historical,Low,Maharashtra,2.0
City Life,Low,Shillong,Hill Station,Medium,Meghalaya,1.4
Beach,Low,Varanasi,Religious,High,UP,1.41
Historical,Medium,Zulruk,Adventure,Medium,Sikkim,2.91
Religious,Medium,Shillong,Hill Station,Medium,Meghalaya,2.91
Religious,High,Puri,Beach,High,Odisha,2.9
Historical,Medium,Shillong,Hill Station,Low,Meghalaya,2.01
Adventure,Low,Yadadri,Religious,High,Telangana,1.41
Beach,Medium,CP,City Life,Low,Delhi,2.01
Adventure,High,Rishikesh,Adventure,Medium,Uttarakhand,4.11
Beach,Medium,Somnath,Religious,High,Gujarat,1.4
Wildlife,High,Ranthambore,Wildlife,High,Rajasthan,5.0
Hill Station,Low,Radhanagar,Beach,Low,Andaman,2.91
Adventure,Low,Rishikesh,Adventure,Medium,Uttarakhand,3.51
Historical,Medium,Varkala,Beach,Low,Kerala,2.01
Adventure,Medium,Spiti,Adventure,Medium,Himachal,5.0
Historical,Low,Varanasi,Religious,Low,UP,2.9
Historical,Medium,Ooty,Hill Station,Medium,Tamil Nadu,2.91
Hill Station,High,Baga,Beach,Medium,Goa,2.0
Wildlife,Low,CP,City Life,Low,Delhi,2.91
Wildlife,Medium,Bandipur,Wildlife,High,Karnataka,3.5
Religious,Medium,Shillong,Hill Station,High,Meghalaya,1.4
Historical,Medium,Varanasi,Religious,Low,UP,2.01
Adventure,Medium,Gangtok,Hill Station,Low,Sikkim,2.0
Hill Station,Low,Spiti,Adventure,High,Himachal,1.4
Adventure,High,Hyderabad,City Life,Medium,Telangana,2.01
Wildlife,Low,Jaipur,Historical,Low,Rajasthan,2.9
Adventure,High,Gulmarg,Hill Station,Low,Kashmir,2.0
Beach,Low,Varanasi,Religious,Low,UP,2.9
Hill Station,Low,Amritsar,Religious,Low,Punjab,2.91
City Life,Low,Alibaug,Beach,Low,Maharashtra,2.91
Hill Station,High,Puri,Beach,Low,Odisha,2.01
Wildlife,Medium,Kanha,Wildlife,Low,MP,4.1
Historical,Medium,Kaziranga,Wildlife,Medium,Assam,2.9
Adventure,Low,Ahmedabad,City Life,High,Gujarat,1.41
Religious,High,Gangtok,Hill Station,High,Sikkim,2.91
City Life,Low,Amritsar,Religious,High,Punjab,1.41
Religious,Medium,Hyderabad,City Life,High,Telangana,1.41
Religious,Medium,Zulruk,Adventure,Low,Sikkim,2.01
Religious,Medium,Marina,Beach,Low,Tamil Nadu,2.0
Adventure,Low,Ooty,Hill Station,High,Tamil Nadu,1.4
Religious,High,Varkala,Beach,Medium,Kerala,2.0
Historical,High,Dandeli,Adventure,Medium,Karnataka,2.0
Religious,Low,Bodh Gaya,Religious,Low,Bihar,5.0
Beach,High,Ahmedabad,City Life,Medium,Gujarat,2.0
Religious,Medium,Amritsar,Religious,High,Punjab,3.51
Historical,High,Leh,Adventure,High,Ladakh,2.91
Beach,Low,Hyderabad,City Life,High,Telangana,1.4
Wildlife,Medium,Bandipur,Wildlife,High,Karnataka,3.51
Religious,High,Kaziranga,Wildlife,High,Assam,2.9
Historical,Low,Jim Corbett,Wildlife,Medium,Uttarakhand,1.4
Wildlife,Medium,Kolkata,City Life,High,West Bengal,1.4
Historical,Low,Rishikesh,Adventure,Low,Uttarakhand,2.91
Hill Station,Medium,Jim Corbett,Wildlife,High,Uttarakhand,1.4
Historical,Low,Yadadri,Religious,Medium,Telangana,1.4
Religious,Low,Leh,Adventure,High,Ladakh,1.41
Beach,Low,Shillong,Hill Station,High,Meghalaya,1.41
Wildlife,Medium,Hampi,Historical,Medium,Karnataka,2.9
Historical,High,Amritsar,Religious,Low,Punjab,2.01
Hill Station,Medium,Rishikesh,Adventure,High,Uttarakhand,1.41
Wildlife,Low,Hampi,Historical,High,Karnataka,1.41
Adventure,High,Radhanagar,Beach,Low,Andaman,2.01
Hill Station,High,Yadadri,Religious,Low,Telangana,2.01
Beach,High,Kolkata,City Life,Medium,West Bengal,2.01
Wildlife,High,Hyderabad,City Life,High,Telangana,2.91
Historical,Medium,Yadadri,Religious,Low,Telangana,2.01
Adventure,Low,Bangalore,City Life,High,Karnataka,1.41
Adventure,High,Kolkata,City Life,High,West Bengal,2.9
Wildlife,Medium,Ranthambore,Wildlife,Low,Rajasthan,4.11
Adventure,High,Bandipur,Wildlife,High,Karnataka,2.9
Beach,Medium,Shillong,Hill Station,High,Meghalaya,1.4
Beach,High,Gir,Wildlife,High,Gujarat,2.91
Beach,Low,Ahmedabad,City Life,High,Gujarat,1.41
Religious,High,Radhanagar,Beach,High,Andaman,2.91
Wildlife,Medium,Nalanda,Historical,Low,Bihar,2.0
Beach,Low,Gir,Wildlife,Low,Gujarat,2.9
Adventure,Medium,Kaziranga,Wildlife,High,Assam,1.41
Hill Station,Low,Ajanta,Historical,Medium,Maharashtra,1.41
City Life,High,Hyderabad,City Life,Medium,Telangana,4.11
Wildlife,High,Spiti,Adventure,Medium,Himachal,2.01
Historical,Low,Bodh Gaya,Religious,High,Bihar,1.4
Historical,Low,Alibaug,Beach,Low,Maharashtra,2.91
Beach,Medium,Alibaug,Beach,High,Maharashtra,3.5
Religious,Medium,Yadadri,Religious,High,Telangana,3.5
Adventure,Medium,Bodh Gaya,Religious,Medium,Bihar,2.91
Adventure,Medium,Varanasi,Religious,Low,UP,2.01
City Life,High,Somnath,Religious,Medium,Gujarat,2.01
Adventure,Medium,Amritsar,Religious,Medium,Punjab,2.9
Beach,Low,Ahmedabad,City Life,Medium,Gujarat,1.41
Hill Station,Low,Hampi,Historical,Medium,Karnataka,1.4
Adventure,Medium,Baga,Beach,Low,Goa,2.0
Adventure,Medium,Zulruk,Adventure,Low,Sikkim,4.11
Wildlife,Low,Kaziranga,Wildlife,Medium,Assam,3.51
Religious,Low,Gulmarg,Hill Station,Low,Kashmir,2.91
Wildlife,Medium,Spiti,Adventure,Medium,Himachal,2.9
Historical,Low,Baga,Beach,Low,Goa,2.9
City Life,High,Alibaug,Beach,High,Maharashtra,2.9
Adventure,Low,Ahmedabad,City Life,Low,Gujarat,2.9
Religious,High,Bodh Gaya,Religious,Low,Bihar,4.1
Historical,Low,Jaipur,Historical,High,Rajasthan,3.51
Historical,Low,Spiti,Adventure,High,Himachal,1.41
City Life,High,Radhanagar,Beach,Medium,Andaman,2.0
Religious,Medium,Radhanagar,Beach,Medium,Andaman,2.9
City Life,Low,Radhanagar,Beach,Medium,Andaman,1.4
Beach,High,Gulmarg,Hill Station,Low,Kashmir,2.01
Adventure,High,Jaipur,Historical,Medium,Rajasthan,2.01
Wildlife,Low,Radhanagar,Beach,High,Andaman,1.41
Adventure,Low,Gulmarg,Hill Station,Medium,Kashmir,1.41
Wildlife,Medium,Baga,Beach,Medium,Goa,2.91
Adventure,Low,Hyderabad,City Life,High,Telangana,1.4
Historical,Medium,Baga,Beach,High,Goa,1.41
Wildlife,Low,Gir,Wildlife,Medium,Gujarat,3.5
Historical,High,Alibaug,Beach,Medium,Maharashtra,2.01
Religious,Medium,Tawang,Adventure,High,Arunachal,1.41
City Life,High,Gangtok,Hill Station,Low,Sikkim,2.0
Religious,Low,Bangalore,City Life,Low,Karnataka,2.91
Historical,Low,Radhanagar,Beach,High,Andaman,1.4
Religious,Medium,Madurai,Religious,High,Tamil Nadu,3.5
Adventure,Medium,Rishikesh,Adventure,Low,Uttarakhand,4.11
Historical,Medium,Somnath,Religious,Medium,Gujarat,2.9
Religious,Low,Jaipur,Historical,Low,Rajasthan,2.9
Adventure,High,Zulruk,Adventure,Medium,Sikkim,4.1
Wildlife,High,Leh,Adventure,High,Ladakh,2.9
Adventure,Low,Hyderabad,City Life,Medium,Telangana,1.4
Hill Station,Low,Jaipur,Historical,Low,Rajasthan,2.9
Wildlife,Medium,Varanasi,Religious,Low,UP,2.0
Adventure,High,Ranthambore,Wildlife,Low,Rajasthan,2.0
Wildlife,Low,Red Fort,Historical,Low,Delhi,2.91
Historical,Medium,Khajuraho,Historical,High,MP,3.5
Hill Station,Medium,Khajuraho,Historical,Medium,MP,2.9
Wildlife,High,Bodh Gaya,Religious,High,Bihar,2.91
Adventure,Low,Bodh Gaya,Religious,High,Bihar,1.4
Hill Station,High,Madurai,Religious,Low,Tamil Nadu,2.01
Religious,Medium,Kaziranga,Wildlife,Medium,Assam,2.9
City Life,Low,Bodh Gaya,Religious,Low,Bihar,2.91
Wildlife,High,Kolkata,City Life,Low,West Bengal,2.01
Wildlife,Low,CP,City Life,Medium,Delhi,1.4
Adventure,High,Bodh Gaya,Religious,Low,Bihar,2.01
Beach,Medium,Ooty,Hill Station,Medium,Tamil Nadu,2.9
Adventure,Medium,Somnath,Religious,Medium,Gujarat,2.91
Hill Station,Medium,Rishikesh,Adventure,Medium,Uttarakhand,2.91
City Life,High,Rishikesh,Adventure,High,Uttarakhand,2.91
Adventure,Low,Gir,Wildlife,Medium,Gujarat,1.4
City Life,High,CP,City Life,High,Delhi,5.0
City Life,Low,Bodh Gaya,Religious,Low,Bihar,2.91
Beach,High,Ahmedabad,City Life,High,Gujarat,2.9
Historical,High,Jim Corbett,Wildlife,High,Uttarakhand,2.91
Hill Station,Medium,Ajanta,Historical,High,Maharashtra,1.41
Hill Station,Medium,Jim Corbett,Wildlife,Medium,Uttarakhand,2.9
Adventure,Medium,Puri,Beach,High,Odisha,1.41
Hill Station,Medium,Puri,Beach,High,Odisha,1.4
Religious,Low,Red Fort,Historical,High,Delhi,1.4
Historical,Low,Mumbai,City Life,High,Maharashtra,1.41
City Life,Low,Shillong,Hill Station,Medium,Meghalaya,1.4
Wildlife,High,Gir,Wildlife,High,Gujarat,5.0
Wildlife,Low,Jaipur,Historical,Low,Rajasthan,2.91
Adventure,Medium,Manali,Hill Station,High,Himachal,1.41
Religious,Medium,Amritsar,Religious,Medium,Punjab,5.0
City Life,High,Amritsar,Religious,High,Punjab,2.9
City Life,Medium,Gir,Wildlife,Medium,Gujarat,2.9
Historical,High,Baga,Beach,Low,Goa,2.0
Historical,Low,Zulruk,Adventure,High,Sikkim,1.41
Wildlife,High,Puri,Beach,Medium,Odisha,2.01
Wildlife,Medium,Kanha,Wildlife,Medium,MP,5.0
City Life,Medium,Ranthambore,Wildlife,Low,Rajasthan,2.01
Hill Station,High,Ahmedabad,City Life,Medium,Gujarat,2.0
Hill Station,High,Rishikesh,Adventure,Low,Uttarakhand,2.0
City Life,Low,Gulmarg,Hill Station,Medium,Kashmir,1.41
Wildlife,Medium,Marina,Beach,Low,Tamil Nadu,2.0
Religious,Low,Hampi,Historical,High,Karnataka,1.41
Adventure,High,Varkala,Beach,Medium,Kerala,2.0
Religious,Medium,Kolkata,City Life,Low,West Bengal,2.0
Wildlife,High,Red Fort,Historical,Medium,Delhi,2.0
Historical,Low,Madurai,Religious,Low,Tamil Nadu,2.91
Hill Station,High,Hyderabad,City Life,Low,Telangana,2.01
Historical,Low,Madurai,Religious,Low,Tamil Nadu,2.91
Beach,Medium,Alibaug,Beach,High,Maharashtra,3.51
Historical,Medium,Alibaug,Beach,Medium,Maharashtra,2.91
Religious,Low,Leh,Adventure,Medium,Ladakh,1.41
Beach,High,Alibaug,Beach,Medium,Maharashtra,4.11
Religious,High,Manali,Hill Station,Low,Himachal,2.01
Wildlife,Medium,Radhanagar,Beach,Low,Andaman,2.01
Historical,Medium,Radhanagar,Beach,Medium,Andaman,2.91
Wildlife,Low,Yadadri,Religious,Medium,Telangana,1.41
Historical,High,Zulruk,Adventure,Low,Sikkim,2.01
Wildlife,Medium,Hampi,Historical,High,Karnataka,1.41
Wildlife,Low,Ajanta,Historical,Medium,Maharashtra,1.4
Religious,Medium,Gangtok,Hill Station,Low,Sikkim,2.01
Wildlife,Low,Yadadri,Religious,Low,Telangana,2.9
Religious,Medium,Amritsar,Religious,Medium,Punjab,5.0
City Life,High,Radhanagar,Beach,Medium,Andaman,2.01
Wildlife,Low,Gangtok,Hill Station,High,Sikkim,1.41
Hill Station,Low,Jim Corbett,Wildlife,Low,Uttarakhand,2.91
Hill Station,High,Varanasi,Religious,Medium,UP,2.01
Adventure,Low,Bodh Gaya,Religious,High,Bihar,1.41
Adventure,Low,Rishikesh,Adventure,High,Uttarakhand,3.51
Historical,Medium,Dandeli,Adventure,High,Karnataka,1.41
Historical,Medium,Ooty,Hill Station,Low,Tamil Nadu,2.01
City Life,Medium,Amritsar,Religious,Low,Punjab,2.0
Religious,Medium,Dandeli,Adventure,Medium,Karnataka,2.9
Adventure,Medium,Amritsar,Religious,Low,Punjab,2.01
Hill Station,High,Khajuraho,Historical,High,MP,2.91
Religious,High,CP,City Life,High,Delhi,2.9
Beach,High,Yadadri,Religious,Medium,Telangana,2.0
City Life,High,Puri,Beach,Medium,Odisha,2.01
Hill Station,Low,Somnath,Religious,Low,Gujarat,2.9
Wildlife,Low,Shillong,Hill Station,High,Meghalaya,1.41
Historical,Medium,Ajanta,Historical,Low,Maharashtra,4.11
Wildlife,Medium,Kanha,Wildlife,Medium,MP,5.0
Historical,High,Gir,Wildlife,Medium,Gujarat,2.01
Religious,Low,Dandeli,Adventure,Low,Karnataka,2.9
Adventure,Low,Gangtok,Hill Station,High,Sikkim,1.4
Wildlife,Low,Madurai,Religious,High,Tamil Nadu,1.41
Beach,High,Red Fort,Historical,Medium,Delhi,2.01
City Life,Medium,Kanha,Wildlife,Medium,MP,2.9
Religious,High,Khajuraho,Historical,Low,MP,2.01
Adventure,High,Jaipur,Historical,Medium,Rajasthan,2.01
Historical,Medium,Ranthambore,Wildlife,High,Rajasthan,1.4
Adventure,High,Varkala,Beach,Medium,Kerala,2.01
Wildlife,Low,Jaipur,Historical,Low,Rajasthan,2.9
Religious,Medium,Kolkata,City Life,Low,West Bengal,2.0
Religious,Medium,Kolkata,City Life,Medium,West Bengal,2.9
Beach,Low,Dandeli,Adventure,Low,Karnataka,2.9
Religious,Low,Gir,Wildlife,Medium,Gujarat,1.41
Beach,Low,Mumbai,City Life,High,Maharashtra,1.4
Historical,Medium,Tawang,Adventure,Low,Arunachal,2.0
Hill Station,Medium,Marina,Beach,Low,Tamil Nadu,2.0
Religious,Low,Leh,Adventure,Low,Ladakh,2.9
Hill Station,Medium,Hampi,Historical,High,Karnataka,1.41
Adventure,Low,Alibaug,Beach,Medium,Maharashtra,1.41
Wildlife,Medium,Red Fort,Historical,Low,Delhi,2.0
Adventure,High,Khajuraho,Historical,Medium,MP,2.01
Historical,High,Bangalore,City Life,Low,Karnataka,2.0
Religious,High,Ooty,Hill Station,High,Tamil Nadu,2.91
Historical,Low,Varkala,Beach,High,Kerala,1.4
Wildlife,Low,Dandeli,Adventure,Medium,Karnataka,1.41
Historical,Low,Tawang,Adventure,High,Arunachal,1.4
Hill Station,Low,Ooty,Hill Station,High,Tamil Nadu,3.51
Beach,High,Hampi,Historical,High,Karnataka,2.91
City Life,Medium,Ajanta,Historical,Low,Maharashtra,2.0
Beach,Medium,Jim Corbett,Wildlife,Low,Uttarakhand,2.01
City Life,High,Jim Corbett,Wildlife,Low,Uttarakhand,2.0
Adventure,Medium,CP,City Life,Medium,Delhi,2.91
Religious,High,Alibaug,Beach,Low,Maharashtra,2.0
Hill Station,Medium,Jim Corbett,Wildlife,Low,Uttarakhand,2.0
Adventure,Medium,Puri,Beach,High,Odisha,1.41
Religious,High,Jim Corbett,Wildlife,Medium,Uttarakhand,2.01
Beach,High,Bangalore,City Life,Medium,Karnataka,2.0
Hill Station,High,Kaziranga,Wildlife,Low,Assam,2.01
Hill Station,Medium,Baga,Beach,High,Goa,1.41
Historical,Low,Kaziranga,Wildlife,Low,Assam,2.91
Adventure,Low,Marina,Beach,High,Tamil Nadu,1.41
Adventure,Medium,Marina,Beach,High,Tamil Nadu,1.41
Beach,Low,Gangtok,Hill Station,Low,Sikkim,2.9
Historical,Medium,Ranthambore,Wildlife,Low,Rajasthan,2.01
City Life,Low,Bodh Gaya,Religious,High,Bihar,1.41
Beach,High,Ooty,Hill Station,Medium,Tamil Nadu,2.0
Adventure,High,Kanha,Wildlife,Low,MP,2.01
Historical,High,Madurai,Religious,Low,Tamil Nadu,2.01
Beach,Low,Varkala,Beach,Low,Kerala,5.0
Adventure,Medium,Ajanta,Historical,High,Maharashtra,1.41
Adventure,High,Manali,Hill Station,High,Himachal,2.9
City Life,Medium,Gir,Wildlife,Low,Gujarat,2.01
City Life,Medium,Kolkata,City Life,Medium,West Bengal,5.0
Adventure,High,Ooty,Hill Station,Low,Tamil Nadu,2.01
Wildlife,Low,Zulruk,Adventure,High,Sikkim,1.4
Wildlife,Low,Red Fort,Historical,Medium,Delhi,1.41
Adventure,Low,Kanha,Wildlife,Low,MP,2.91
Historical,High,Shillong,Hill Station,High,Meghalaya,2.9
Beach,Low,Yadadri,Religious,High,Telangana,1.41
Wildlife,High,Spiti,Adventure,Low,Himachal,2.0
Historical,Medium,Bangalore,City Life,Low,Karnataka,2.01
Hill Station,Medium,Jaipur,Historical,Low,Rajasthan,2.0
Hill Station,Low,Yadadri,Religious,Low,Telangana,2.91
Hill Station,Low,Varkala,Beach,Low,Kerala,2.9
Adventure,High,Nainital,Hill Station,Low,Uttarakhand,2.01
Hill Station,Medium,Bandipur,Wildlife,Medium,Karnataka,2.91
City Life,High,Ajanta,Historical,High,Maharashtra,2.9
Religious,High,Madurai,Religious,High,Tamil Nadu,5.0
Historical,Medium,Gir,Wildlife,Medium,Gujarat,2.9
Hill Station,Low,Puri,Beach,Low,Odisha,2.91
Adventure,Medium,Hampi,Historical,Low,Karnataka,2.0
Beach,Medium,Khajuraho,Historical,Medium,MP,2.91
Historical,High,Ranthambore,Wildlife,Medium,Rajasthan,2.0
Historical,Low,Alibaug,Beach,High,Maharashtra,1.4
Religious,High,Marina,Beach,Low,Tamil Nadu,2.01
Hill Station,Medium,Kaziranga,Wildlife,Medium,Assam,2.9
Wildlife,Medium,Dandeli,Adventure,High,Karnataka,1.4
Beach,High,CP,City Life,Low,Delhi,2.01
Adventure,Medium,Dandeli,Adventure,Low,Karnataka,4.11
Beach,Medium,Ooty,Hill Station,Low,Tamil Nadu,2.0
Beach,Low,CP,City Life,High,Delhi,1.4
Beach,Low,Jim Corbett,Wildlife,High,Uttarakhand,1.4
Adventure,Low,Gangtok,Hill Station,Medium,Sikkim,1.41
Adventure,Medium,Kanha,Wildlife,Medium,MP,2.91
Adventure,High,Hyderabad,City Life,Medium,Telangana,2.0
Wildlife,Low,Kolkata,City Life,Medium,West Bengal,1.4
Wildlife,Medium,Baga,Beach,Low,Goa,2.01
Beach,High,Radhanagar,Beach,Low,Andaman,4.11
Beach,Medium,Zulruk,Adventure,Medium,Sikkim,2.91
Adventure,High,Yadadri,Religious,Medium,Telangana,2.0
Hill Station,High,Hampi,Historical,Medium,Karnataka,2.01
Wildlife,High,Manali,Hill Station,Low,Himachal,2.0
City Life,Low,Spiti,Adventure,High,Himachal,1.4
Adventure,Medium,Kanha,Wildlife,Low,MP,2.0
Wildlife,Low,Nalanda,Historical,Low,Bihar,2.9
Historical,Medium,Kolkata,City Life,Low,West Bengal,2.01
Adventure,High,Bodh Gaya,Religious,Low,Bihar,2.0
Religious,High,Manali,Hill Station,Low,Himachal,2.01
Hill Station,Low,Ajanta,Historical,High,Maharashtra,1.41
Religious,Medium,Manali,Hill Station,Medium,Himachal,2.9
Beach,Low,Nalanda,Historical,Low,Bihar,2.9
Historical,High,Ahmedabad,City Life,Low,Gujarat,2.01
Hill Station,High,Radhanagar,Beach,High,Andaman,2.9
Wildlife,Low,Ahmedabad,City Life,Low,Gujarat,2.9
Historical,High,Ajanta,Historical,High,Maharashtra,5.0
Historical,Low,Hyderabad,City Life,Medium,Telangana,1.41
Religious,Medium,Bandipur,Wildlife,Medium,Karnataka,2.9
Beach,Medium,Leh,Adventure,High,Ladakh,1.4
Hill Station,High,Madurai,Religious,Medium,Tamil Nadu,2.01
Religious,High,Bandipur,Wildlife,High,Karnataka,2.9
City Life,Medium,Madurai,Religious,Low,Tamil Nadu,2.0
Beach,Medium,Varkala,Beach,High,Kerala,3.51
City Life,Medium,Alibaug,Beach,Medium,Maharashtra,2.9
Historical,Medium,Marina,Beach,Low,Tamil Nadu,2.01
Historical,Low,Nalanda,Historical,Low,Bihar,5.0
Hill Station,Low,Hyderabad,City Life,Low,Telangana,2.91
Adventure,High,Manali,Hill Station,High,Himachal,2.9
Beach,Medium,Varkala,Beach,Low,Kerala,4.11
Adventure,High,Nalanda,Historical,High,Bihar,2.91
Religious,Low,Ranthambore,Wildlife,Low,Rajasthan,2.91
Beach,Low,Puri,Beach,Low,Odisha,5.0
Adventure,Medium,Puri,Beach,Low,Odisha,2.0
Hill Station,Low,Khajuraho,Historical,High,MP,1.4
Wildlife,Low,Gangtok,Hill Station,Medium,Sikkim,1.4
Wildlife,Medium,Varanasi,Religious,High,UP,1.4
Beach,Low,Jaipur,Historical,Medium,Rajasthan,1.41
Wildlife,High,Bodh Gaya,Religious,High,Bihar,2.9
Adventure,High,Spiti,Adventure,Medium,Himachal,4.1
Adventure,High,Ranthambore,Wildlife,High,Rajasthan,2.9
Adventure,Medium,Kolkata,City Life,High,West Bengal,1.4
Hill Station,Medium,Baga,Beach,High,Goa,1.41
Historical,High,Radhanagar,Beach,Low,Andaman,2.01
Historical,Low,Kanha,Wildlife,Low,MP,2.9
Adventure,Low,Dandeli,Adventure,Low,Karnataka,5.0
Wildlife,Low,Manali,Hill Station,High,Himachal,1.41
Historical,Medium,Amritsar,Religious,Low,Punjab,2.01
Wildlife,Medium,Amritsar,Religious,Low,Punjab,2.01
Wildlife,High,Alibaug,Beach,High,Maharashtra,2.91
Wildlife,Medium,Madurai,Religious,High,Tamil Nadu,1.41
Hill Station,Medium,Ooty,Hill Station,High,Tamil Nadu,3.51
Hill Station,Medium,Puri,Beach,Medium,Odisha,2.91
Adventure,Medium,Spiti,Adventure,Low,Himachal,4.1
Historical,Low,Shillong,Hill Station,Low,Meghalaya,2.91
City Life,Medium,Gulmarg,Hill Station,High,Kashmir,1.41
City Life,High,Ranthambore,Wildlife,Medium,Rajasthan,2.01
Religious,Low,Varanasi,Religious,Low,UP,5.0
Wildlife,Low,Khajuraho,Historical,High,MP,1.41
Wildlife,Medium,Kaziranga,Wildlife,Medium,Assam,5.0
City Life,Low,Hyderabad,City Life,Medium,Telangana,3.5
Adventure,Low,Jim Corbett,Wildlife,Medium,Uttarakhand,1.4
Religious,High,Khajuraho,Historical,Low,MP,2.01
Historical,High,Zulruk,Adventure,Low,Sikkim,2.0
Religious,High,Zulruk,Adventure,High,Sikkim,2.9
Wildlife,High,Bodh Gaya,Religious,High,Bihar,2.9
City Life,Medium,Manali,Hill Station,High,Himachal,1.41
Adventure,Medium,Tawang,Adventure,Low,Arunachal,4.11
Hill Station,High,Radhanagar,Beach,Low,Andaman,2.01
Adventure,High,Nainital,Hill Station,Low,Uttarakhand,2.0
Religious,High,Kolkata,City Life,Medium,West Bengal,2.0
Religious,Low,Kolkata,City Life,Low,West Bengal,2.91
Religious,Medium,Yadadri,Religious,Low,Telangana,4.1
Wildlife,Low,Gir,Wildlife,High,Gujarat,3.51
Adventure,High,Kanha,Wildlife,High,MP,2.91
Religious,Low,Mumbai,City Life,High,Maharashtra,1.41
Beach,Medium,Shillong,Hill Station,High,Meghalaya,1.41
City Life,Low,CP,City Life,Medium,Delhi,3.5
City Life,Low,Ajanta,Historical,Medium,Maharashtra,1.4
Hill Station,Low,Kolkata,City Life,High,West Bengal,1.4
Wildlife,Medium,Gir,Wildlife,Medium,Gujarat,5.0
Historical,Medium,Red Fort,Historical,Medium,Delhi,5.0
Wildlife,Medium,Dandeli,Adventure,High,Karnataka,1.4
Historical,Medium,Kaziranga,Wildlife,High,Assam,1.41
Wildlife,High,Hyderabad,City Life,High,Telangana,2.91
Adventure,Low,Mumbai,City Life,High,Maharashtra,1.4
Historical,Medium,Baga,Beach,High,Goa,1.41
Wildlife,Medium,Somnath,Religious,High,Gujarat,1.4
Religious,Low,Marina,Beach,Medium,Tamil Nadu,1.4
Wildlife,High,Nainital,Hill Station,High,Uttarakhand,2.9
Hill Station,High,Amritsar,Religious,Medium,Punjab,2.01
Religious,High,Hampi,Historical,High,Karnataka,2.91
Beach,High,Spiti,Adventure,Low,Himachal,2.0
Religious,Medium,CP,City Life,Low,Delhi,2.0
Historical,Low,Shillong,Hill Station,High,Meghalaya,1.41
Wildlife,High,Ahmedabad,City Life,Medium,Gujarat,2.01
Adventure,Medium,Jim Corbett,Wildlife,Medium,Uttarakhand,2.91
Wildlife,High,Somnath,Religious,Medium,Gujarat,2.01
Beach,High,Bangalore,City Life,Low,Karnataka,2.01
Historical,Medium,Puri,Beach,Low,Odisha,2.0
Hill Station,High,Varanasi,Religious,High,UP,2.9
City Life,High,Hyderabad,City Life,Low,Telangana,4.11
Religious,Medium,Zulruk,Adventure,Medium,Sikkim,2.9
Beach,High,Somnath,Religious,Medium,Gujarat,2.01
City Life,Low,Leh,Adventure,High,Ladakh,1.41
Adventure,Low,Jim Corbett,Wildlife,Low,Uttarakhand,2.91
Historical,Medium,Zulruk,Adventure,Low,Sikkim,2.01
Wildlife,High,Ranthambore,Wildlife,High,Rajasthan,5.0
Historical,High,Bandipur,Wildlife,Low,Karnataka,2.0
Religious,High,Ajanta,Historical,Medium,Maharashtra,2.01
Historical,Medium,Ahmedabad,City Life,Low,Gujarat,2.01
Adventure,Medium,Tawang,Adventure,Low,Arunachal,4.11
Historical,High,Ajanta,Historical,Low,Maharashtra,4.1
City Life,Medium,Jaipur,Historical,High,Rajasthan,1.41
Religious,Low,Jaipur,Historical,Medium,Rajasthan,1.4
Religious,Low,Puri,Beach,Low,Odisha,2.91
Historical,Low,Nainital,Hill Station,High,Uttarakhand,1.4
Wildlife,High,Gangtok,Hill Station,Low,Sikkim,2.0
Beach,Low,Jaipur,Historical,Medium,Rajasthan,1.4
Beach,Medium,Hyderabad,City Life,Medium,Telangana,2.9
Wildlife,Medium,Khajuraho,Historical,Low,MP,2.01
City Life,Low,Dandeli,Adventure,High,Karnataka,1.41
Hill Station,High,Hampi,Historical,Medium,Karnataka,2.01
Religious,Low,Kaziranga,Wildlife,High,Assam,1.41
Beach,High,Varanasi,Religious,Low,UP,2.0
Beach,High,Ranthambore,Wildlife,Low,Rajasthan,2.01
Hill Station,Medium,Tawang,Adventure,High,Arunachal,1.4
Beach,Low,Gulmarg,Hill Station,Low,Kashmir,2.91
City Life,Medium,Kanha,Wildlife,Medium,MP,2.9
Adventure,Medium,Baga,Beach,High,Goa,1.4
Beach,Low,Leh,Adventure,High,Ladakh,1.4
City Life,High,Puri,Beach,High,Odisha,2.9
Religious,Medium,Jim Corbett,Wildlife,High,Uttarakhand,1.41
Wildlife,Medium,Varkala,Beach,Medium,Kerala,2.9
Hill Station,Low,Radhanagar,Beach,High,Andaman,1.4
Adventure,Medium,Madurai,Religious,Medium,Tamil Nadu,2.9
Adventure,Low,Nainital,Hill Station,Low,Uttarakhand,2.91
Hill Station,Medium,Madurai,Religious,Low,Tamil Nadu,2.0
Religious,High,Ahmedabad,City Life,Low,Gujarat,2.0
Hill Station,High,Shillong,Hill Station,Medium,Meghalaya,4.11
Hill Station,Medium,Tawang,Adventure,Low,Arunachal,2.0
Adventure,Low,Kolkata,City Life,Low,West Bengal,2.91
Hill Station,High,Nainital,Hill Station,High,Uttarakhand,5.0
City Life,Low,Kaziranga,Wildlife,Medium,Assam,1.4
Hill Station,Low,Radhanagar,Beach,Low,Andaman,2.91
Historical,Medium,Red Fort,Historical,Medium,Delhi,5.0
Hill Station,Medium,Ranthambore,Wildlife,High,Rajasthan,1.4
Historical,Low,Gulmarg,Hill Station,Medium,Kashmir,1.41
Religious,High,CP,City Life,High,Delhi,2.91
Religious,High,Gir,Wildlife,Medium,Gujarat,2.01
Religious,Low,Kolkata,City Life,Low,West Bengal,2.91
Hill Station,Low,Nalanda,Historical,High,Bihar,1.41
Historical,Low,Varkala,Beach,Medium,Kerala,1.41
Religious,High,Gir,Wildlife,High,Gujarat,2.9
Adventure,High,Nalanda,Historical,Medium,Bihar,2.0
Wildlife,Low,Bangalore,City Life,Low,Karnataka,2.9
Hill Station,High,CP,City Life,Low,Delhi,2.01
City Life,Medium,Red Fort,Historical,Low,Delhi,2.0
Hill Station,Medium,Gulmarg,Hill Station,High,Kashmir,3.51
Wildlife,High,Ajanta,Historical,High,Maharashtra,2.9
Wildlife,Medium,Red Fort,Historical,Medium,Delhi,2.9
Wildlife,Low,Gir,Wildlife,Medium,Gujarat,3.5
Historical,High,Jim Corbett,Wildlife,High,Uttarakhand,2.91
City Life,Low,Dandeli,Adventure,Medium,Karnataka,1.41
Hill Station,Low,Mumbai,City Life,Medium,Maharashtra,1.4
Historical,Medium,Yadadri,Religious,Medium,Telangana,2.91
Hill Station,Medium,Varanasi,Religious,Low,UP,2.01
Historical,High,Madurai,Religious,High,Tamil Nadu,2.91
Religious,High,Varkala,Beach,High,Kerala,2.9
Adventure,Medium,Bodh Gaya,Religious,Low,Bihar,2.0
Adventure,Medium,Varkala,Beach,Low,Kerala,2.01
Wildlife,Low,Ahmedabad,City Life,High,Gujarat,1.4
Wildlife,Low,Ooty,Hill Station,Low,Tamil Nadu,2.91
Adventure,Medium,Kolkata,City Life,High,West Bengal,1.41
Historical,Medium,CP,City Life,High,Delhi,1.4
Historical,Low,Spiti,Adventure,Medium,Himachal,1.4
Hill Station,Low,Nalanda,Historical,High,Bihar,1.41
Adventure,Medium,Nalanda,Historical,Medium,Bihar,2.91
Hill Station,Low,Ranthambore,Wildlife,Low,Rajasthan,2.91
Hill Station,Medium,Bangalore,City Life,Low,Karnataka,2.0
Religious,Medium,Tawang,Adventure,Medium,Arunachal,2.9
Beach,High,Varanasi,Religious,Low,UP,2.0
Wildlife,Medium,Spiti,Adventure,Low,Himachal,2.0
City Life,High,Khajuraho,Historical,Medium,MP,2.0
Religious,High,Kaziranga,Wildlife,Medium,Assam,2.0
Beach,Low,Bangalore,City Life,High,Karnataka,1.41
Historical,High,Yadadri,Religious,Low,Telangana,2.0
Historical,High,Marina,Beach,Medium,Tamil Nadu,2.01
Wildlife,Medium,Kaziranga,Wildlife,Low,Assam,4.11
Religious,Medium,Gangtok,Hill Station,High,Sikkim,1.4
Historical,Medium,Red Fort,Historical,Medium,Delhi,5.0
Religious,Low,Nainital,Hill Station,Medium,Uttarakhand,1.4
Beach,High,Gangtok,Hill Station,Low,Sikkim,2.01
Wildlife,Low,Madurai,Religious,High,Tamil Nadu,1.4
Hill Station,Low,Yadadri,Religious,Medium,Telangana,1.4
Adventure,High,Ahmedabad,City Life,High,Gujarat,2.9
Religious,Low,Gir,Wildlife,Low,Gujarat,2.9
Beach,Low,Jaipur,Historical,Medium,Rajasthan,1.4
Religious,Low,Bandipur,Wildlife,Medium,Karnataka,1.41
Religious,Low,Nalanda,Historical,High,Bihar,1.4
City Life,Medium,Madurai,Religious,Low,Tamil Nadu,2.01
Historical,High,CP,City Life,Low,Delhi,2.0
Wildlife,High,Amritsar,Religious,Medium,Punjab,2.0
Hill Station,Low,Ranthambore,Wildlife,Medium,Rajasthan,1.4
City Life,Medium,Khajuraho,Historical,Medium,MP,2.91
Religious,Medium,Somnath,Religious,High,Gujarat,3.5
City Life,High,Spiti,Adventure,Medium,Himachal,2.01
City Life,Low,Varanasi,Religious,Medium,UP,1.4
Religious,High,Gir,Wildlife,Low,Gujarat,2.0
Religious,Low,Amritsar,Religious,Low,Punjab,5.0
Hill Station,High,CP,City Life,High,Delhi,2.9
City Life,High,Alibaug,Beach,Low,Maharashtra,2.01
City Life,Low,Gangtok,Hill Station,Medium,Sikkim,1.4
Religious,Low,Jim Corbett,Wildlife,High,Uttarakhand,1.41
Beach,High,Hyderabad,City Life,High,Telangana,2.9
Hill Station,High,Baga,Beach,High,Goa,2.91
Beach,High,Bodh Gaya,Religious,Medium,Bihar,2.01
Hill Station,High,Gangtok,Hill Station,Medium,Sikkim,4.11
Historical,High,Madurai,Religious,Medium,Tamil Nadu,2.01
Wildlife,Medium,Marina,Beach,Medium,Tamil Nadu,2.9
Wildlife,Low,Jaipur,Historical,Medium,Rajasthan,1.4
Historical,Low,Kanha,Wildlife,High,MP,1.4
Historical,Medium,Radhanagar,Beach,Medium,Andaman,2.9
Beach,Medium,Manali,Hill Station,Medium,Himachal,2.9
Beach,Medium,Marina,Beach,Low,Tamil Nadu,4.1
Religious,High,Amritsar,Religious,Low,Punjab,4.11
Religious,Medium,Leh,Adventure,High,Ladakh,1.41
Hill Station,Low,CP,City Life,Low,Delhi,2.91
Historical,High,Jaipur,Historical,Medium,Rajasthan,4.1
Hill Station,Medium,Nainital,Hill Station,Medium,Uttarakhand,5.0
Religious,Low,Yadadri,Religious,Medium,Telangana,3.51
Historical,Low,Alibaug,Beach,Medium,Maharashtra,1.41
City Life,Low,Tawang,Adventure,Low,Arunachal,2.91
Adventure,Medium,Ahmedabad,City Life,Medium,Gujarat,2.91
Beach,Low,Ahmedabad,City Life,Low,Gujarat,2.9
City Life,Low,Puri,Beach,High,Odisha,1.4
Historical,Low,Dandeli,Adventure,High,Karnataka,1.41
Adventure,Medium,Kolkata,City Life,Low,West Bengal,2.0
Adventure,Low,Madurai,Religious,Medium,Tamil Nadu,1.4
City Life,Low,Dandeli,Adventure,High,Karnataka,1.41
Historical,Medium,Mumbai,City Life,High,Maharashtra,1.4
Historical,Low,Madurai,Religious,Low,Tamil Nadu,2.9
Beach,High,Spiti,Adventure,High,Himachal,2.91
Hill Station,High,Yadadri,Religious,High,Telangana,2.91
Hill Station,Low,Mumbai,City Life,Low,Maharashtra,2.9
Religious,Medium,Khajuraho,Historical,Low,MP,2.01
Adventure,Low,Dandeli,Adventure,Low,Karnataka,5.0
City Life,High,Gir,Wildlife,Medium,Gujarat,2.0
Adventure,Low,Hampi,Historical,Low,Karnataka,2.9
Religious,High,Nalanda,Historical,Medium,Bihar,2.0
Religious,Medium,Gangtok,Hill Station,Medium,Sikkim,2.9
Historical,Low,Madurai,Religious,High,Tamil Nadu,1.41
City Life,High,Ahmedabad,City Life,High,Gujarat,5.0
Adventure,High,Kanha,Wildlife,High,MP,2.9
Wildlife,Medium,Yadadri,Religious,Low,Telangana,2.01
Beach,High,Dandeli,Adventure,Medium,Karnataka,2.01
City Life,High,Hyderabad,City Life,Low,Telangana,4.11
Wildlife,Medium,Madurai,Religious,High,Tamil Nadu,1.41
Wildlife,Low,Alibaug,Beach,Low,Maharashtra,2.91
Wildlife,Low,Yadadri,Religious,High,Telangana,1.41
City Life,Medium,Gangtok,Hill Station,Medium,Sikkim,2.91
Historical,High,Ooty,Hill Station,High,Tamil Nadu,2.91
Hill Station,Low,Jim Corbett,Wildlife,High,Uttarakhand,1.4
Wildlife,Medium,Spiti,Adventure,Low,Himachal,2.0
Wildlife,Medium,Bodh Gaya,Religious,Low,Bihar,2.0
Beach,High,Kanha,Wildlife,High,MP,2.91
Wildlife,Medium,Kaziranga,Wildlife,Medium,Assam,5.0
Beach,Medium,Baga,Beach,Medium,Goa,5.0
City Life,Low,Shillong,Hill Station,High,Meghalaya,1.4
Beach,Low,Amritsar,Religious,Low,Punjab,2.91
Wildlife,Medium,Varanasi,Religious,High,UP,1.41
Beach,Low,Zulruk,Adventure,High,Sikkim,1.4
Religious,High,Tawang,Adventure,Medium,Arunachal,2.0
Religious,Low,Tawang,Adventure,High,Arunachal,1.4
Historical,Low,Ahmedabad,City Life,Medium,Gujarat,1.4
Beach,Medium,Bandipur,Wildlife,High,Karnataka,1.41
Religious,Medium,Amritsar,Religious,Medium,Punjab,5.0
City Life,Low,Marina,Beach,Medium,Tamil Nadu,1.41
Historical,Medium,Ranthambore,Wildlife,Medium,Rajasthan,2.9
Hill Station,High,Jim Corbett,Wildlife,Medium,Uttarakhand,2.01
Beach,Medium,Hampi,Historical,Medium,Karnataka,2.91
City Life,Low,Jim Corbett,Wildlife,High,Uttarakhand,1.4
Adventure,Medium,Jaipur,Historical,High,Rajasthan,1.4
Wildlife,Medium,Tawang,Adventure,Medium,Arunachal,2.9
Historical,Medium,Radhanagar,Beach,High,Andaman,1.4
Adventure,High,Ooty,Hill Station,Low,Tamil Nadu,2.01
Wildlife,Medium,Yadadri,Religious,Medium,Telangana,2.91
Beach,Low,Kolkata,City Life,High,West Bengal,1.41
Religious,High,Mumbai,City Life,Low,Maharashtra,2.0
Wildlife,Low,Hyderabad,City Life,Medium,Telangana,1.4
Adventure,Medium,Leh,Adventure,High,Ladakh,3.51
Adventure,High,Tawang,Adventure,Medium,Arunachal,4.1
City Life,High,Ranthambore,Wildlife,High,Rajasthan,2.91
Historical,High,Leh,Adventure,High,Ladakh,2.91
Historical,High,Nalanda,Historical,High,Bihar,5.0
Religious,Medium,Nalanda,Historical,Low,Bihar,2.01
City Life,Medium,Manali,Hill Station,Medium,Himachal,2.91
Historical,Low,Gangtok,Hill Station,Medium,Sikkim,1.4
Beach,Low,Ooty,Hill Station,Low,Tamil Nadu,2.9
Hill Station,Medium,Kaziranga,Wildlife,Low,Assam,2.0
Wildlife,High,Khajuraho,Historical,Low,MP,2.0
Historical,High,Ranthambore,Wildlife,Medium,Rajasthan,2.01
City Life,Low,Madurai,Religious,High,Tamil Nadu,1.41
Beach,Low,Yadadri,Religious,Low,Telangana,2.9
Adventure,Medium,Bandipur,Wildlife,Low,Karnataka,2.0
Beach,Medium,Nainital,Hill Station,Medium,Uttarakhand,2.91
Historical,Medium,CP,City Life,High,Delhi,1.4
City Life,Low,Kolkata,City Life,High,West Bengal,3.51
Historical,Medium,Bandipur,Wildlife,Medium,Karnataka,2.91
Beach,Low,Tawang,Adventure,High,Arunachal,1.41
Wildlife,High,Ooty,Hill Station,High,Tamil Nadu,2.9
Religious,High,Varkala,Beach,High,Kerala,2.9
Wildlife,Low,Jaipur,Historical,High,Rajasthan,1.4
Adventure,Medium,Ajanta,Historical,High,Maharashtra,1.41
Wildlife,High,Bodh Gaya,Religious,Medium,Bihar,2.0
City Life,High,Jim Corbett,Wildlife,Medium,Uttarakhand,2.01
Beach,Low,Puri,Beach,High,Odisha,3.5
City Life,High,Spiti,Adventure,Low,Himachal,2.01
City Life,High,Alibaug,Beach,Low,Maharashtra,2.0
Adventure,Low,Amritsar,Religious,High,Punjab,1.41
Adventure,Medium,Bangalore,City Life,High,Karnataka,1.4
Beach,Low,Red Fort,Historical,High,Delhi,1.4
Historical,Low,Radhanagar,Beach,Low,Andaman,2.91
Religious,Low,Varanasi,Religious,Medium,UP,3.5
Hill Station,Low,Gir,Wildlife,Low,Gujarat,2.9
Wildlife,Low,Spiti,Adventure,Medium,Himachal,1.41
City Life,Low,Rishikesh,Adventure,High,Uttarakhand,1.41
Beach,Low,Khajuraho,Historical,Medium,MP,1.41
Beach,Low,Radhanagar,Beach,Medium,Andaman,3.51
Beach,Medium,Khajuraho,Historical,High,MP,1.4
Wildlife,High,Baga,Beach,Medium,Goa,2.0
Hill Station,High,Nainital,Hill Station,Low,Uttarakhand,4.11
Wildlife,Low,Shillong,Hill Station,Low,Meghalaya,2.9
City Life,High,Nainital,Hill Station,Medium,Uttarakhand,2.01
Hill Station,Low,Radhanagar,Beach,High,Andaman,1.41
Historical,Low,Ooty,Hill Station,Low,Tamil Nadu,2.9
Adventure,Low,Bodh Gaya,Religious,High,Bihar,1.41
City Life,Medium,Bangalore,City Life,Low,Karnataka,4.11
Hill Station,Low,Gulmarg,Hill Station,High,Kashmir,3.5
Adventure,High,Kaziranga,Wildlife,Medium,Assam,2.0
Adventure,Low,Jaipur,Historical,Low,Rajasthan,2.9
Historical,Low,Ooty,Hill Station,Low,Tamil Nadu,2.91
Hill Station,Medium,Bodh Gaya,Religious,High,Bihar,1.4
Hill Station,High,Red Fort,Historical,High,Delhi,2.91
Religious,High,Alibaug,Beach,Medium,Maharashtra,2.01
Hill Station,High,Amritsar,Religious,High,Punjab,2.91
Hill Station,High,Gangtok,Hill Station,Medium,Sikkim,4.1
Historical,High,Gir,Wildlife,High,Gujarat,2.91
Wildlife,Low,Varanasi,Religious,High,UP,1.41
Wildlife,Low,Spiti,Adventure,High,Himachal,1.4
Beach,Low,Ahmedabad,City Life,High,Gujarat,1.4
Religious,High,Manali,Hill Station,High,Himachal,2.91
City Life,High,Nainital,Hill Station,Low,Uttarakhand,2.01
Hill Station,High,Jim Corbett,Wildlife,Medium,Uttarakhand,2.0
Beach,Medium,Leh,Adventure,High,Ladakh,1.4
Hill Station,High,Spiti,Adventure,Low,Himachal,2.0
Hill Station,Low,Bandipur,Wildlife,High,Karnataka,1.41
Religious,Medium,Rishikesh,Adventure,Low,Uttarakhand,2.01
City Life,Medium,Madurai,Religious,High,Tamil Nadu,1.41
Historical,High,Rishikesh,Adventure,High,Uttarakhand,2.9
City Life,High,Varkala,Beach,High,Kerala,2.91
Beach,Medium,CP,City Life,Low,Delhi,2.01
City Life,Low,Zulruk,Adventure,High,Sikkim,1.41
Wildlife,High,Yadadri,Religious,High,Telangana,2.91
Historical,High,Mumbai,City Life,High,Maharashtra,2.91
Wildlife,Medium,Shillong,Hill Station,High,Meghalaya,1.41
Religious,High,Kolkata,City Life,Medium,West Bengal,2.01
Beach,Medium,Ajanta,Historical,Low,Maharashtra,2.0
Hill Station,Medium,CP,City Life,Medium,Delhi,2.9
Hill Station,Medium,Jim Corbett,Wildlife,High,Uttarakhand,1.41
Historical,Low,Bandipur,Wildlife,High,Karnataka,1.4
Beach,Low,Kaziranga,Wildlife,Medium,Assam,1.4
Historical,Low,Ajanta,Historical,High,Maharashtra,3.51
Hill Station,Medium,Varkala,Beach,Low,Kerala,2.0
City Life,Medium,Bodh Gaya,Religious,High,Bihar,1.4
Wildlife,Low,Mumbai,City Life,Low,Maharashtra,2.9
Adventure,Low,Red Fort,Historical,Low,Delhi,2.91
Hill Station,Low,Dandeli,Adventure,Medium,Karnataka,1.41
Wildlife,Medium,Hyderabad,City Life,Medium,Telangana,2.91
Beach,Medium,Mumbai,City Life,High,Maharashtra,1.4
Religious,Low,Gangtok,Hill Station,High,Sikkim,1.41
Beach,Medium,Radhanagar,Beach,Medium,Andaman,5.0
Hill Station,High,Nainital,Hill Station,Low,Uttarakhand,4.1
Hill Station,Medium,Red Fort,Historical,Low,Delhi,2.01
Historical,Medium,Marina,Beach,High,Tamil Nadu,1.41
Wildlife,Medium,Nainital,Hill Station,High,Uttarakhand,1.41
Hill Station,Medium,Ahmedabad,City Life,Medium,Gujarat,2.91
Religious,Medium,Radhanagar,Beach,Medium,Andaman,2.9
Historical,Medium,Kaziranga,Wildlife,High,Assam,1.4
Hill Station,High,Spiti,Adventure,High,Himachal,2.9
Beach,Medium,Baga,Beach,High,Goa,3.5
Wildlife,High,Radhanagar,Beach,High,Andaman,2.9
Historical,Medium,Dandeli,Adventure,Medium,Karnataka,2.9
Beach,Medium,Manali,Hill Station,High,Himachal,1.4
Hill Station,High,Manali,Hill Station,Medium,Himachal,4.1
Beach,High,Bandipur,Wildlife,High,Karnataka,2.91
Adventure,Low,Amritsar,Religious,High,Punjab,1.41
Beach,Low,Ajanta,Historical,Low,Maharashtra,2.9
Beach,High,Nalanda,Historical,High,Bihar,2.91
Hill Station,Low,Amritsar,Religious,High,Punjab,1.4
Adventure,High,CP,City Life,Low,Delhi,2.0
City Life,Medium,Jim Corbett,Wildlife,Medium,Uttarakhand,2.91
City Life,High,Nainital,Hill Station,Medium,Uttarakhand,2.0
Historical,Medium,Kaziranga,Wildlife,Low,Assam,2.0
Historical,Medium,Gir,Wildlife,Medium,Gujarat,2.9
Beach,High,Bangalore,City Life,Low,Karnataka,2.01
Religious,High,Manali,Hill Station,High,Himachal,2.91
City Life,High,Alibaug,Beach,Low,Maharashtra,2.01
Hill Station,Low,Ahmedabad,City Life,High,Gujarat,1.4
Historical,Medium,Tawang,Adventure,High,Arunachal,1.41
Beach,Low,Varkala,Beach,Medium,Kerala,3.51
Hill Station,High,Mumbai,City Life,Low,Maharashtra,2.01
Religious,Medium,Bangalore,City Life,High,Karnataka,1.41
Wildlife,Low,Ranthambore,Wildlife,Low,Rajasthan,5.0
Adventure,High,Bangalore,City Life,High,Karnataka,2.91
Beach,High,Gir,Wildlife,Low,Gujarat,2.0
Adventure,Medium,Nainital,Hill Station,High,Uttarakhand,1.4
City Life,Low,Mumbai,City Life,High,Maharashtra,3.5
City Life,Medium,Varkala,Beach,Medium,Kerala,2.91
Adventure,Low,Kaziranga,Wildlife,Low,Assam,2.91
Wildlife,Low,Alibaug,Beach,Low,Maharashtra,2.9
Beach,Medium,Radhanagar,Beach,Low,Andaman,4.1
Hill Station,Medium,Gangtok,Hill Station,Low,Sikkim,4.11
City Life,Low,Gulmarg,Hill Station,Low,Kashmir,2.9
Religious,Low,Jaipur,Historical,Low,Rajasthan,2.9
Beach,Low,CP,City Life,Medium,Delhi,1.41
City Life,High,Varanasi,Religious,Low,UP,2.0
City Life,Low,Kolkata,City Life,Medium,West Bengal,3.51
Beach,Medium,Shillong,Hill Station,Low,Meghalaya,2.0
Historical,High,Manali,Hill Station,Medium,Himachal,2.01
Religious,Low,Varanasi,Religious,High,UP,3.51
Beach,High,Gangtok,Hill Station,Low,Sikkim,2.01
Wildlife,Medium,Bodh Gaya,Religious,Medium,Bihar,2.9
Beach,Low,Shillong,Hill Station,Medium,Meghalaya,1.41
City Life,Medium,Varanasi,Religious,Medium,UP,2.91
Hill Station,Medium,Mumbai,City Life,Medium,Maharashtra,2.9
Religious,High,Dandeli,Adventure,Low,Karnataka,2.0
Hill Station,Medium,Yadadri,Religious,Low,Telangana,2.01
Religious,Low,Ajanta,Historical,Medium,Maharashtra,1.4
Hill Station,Low,Somnath,Religious,Medium,Gujarat,1.4
City Life,High,Red Fort,Historical,Medium,Delhi,2.0
Hill Station,High,Gir,Wildlife,High,Gujarat,2.91
Hill Station,Medium,Leh,Adventure,Low,Ladakh,2.01
Historical,Medium,Ooty,Hill Station,High,Tamil Nadu,1.41
Historical,High,Kolkata,City Life,Medium,West Bengal,2.0
Historical,High,Khajuraho,Historical,Low,MP,4.1
Adventure,Medium,Nalanda,Historical,Low,Bihar,2.0
Adventure,Low,Kaziranga,Wildlife,Medium,Assam,1.4
Historical,Low,Spiti,Adventure,Medium,Himachal,1.41
Adventure,High,Bandipur,Wildlife,Medium,Karnataka,2.01
Religious,High,Kanha,Wildlife,Low,MP,2.01
Beach,Low,Spiti,Adventure,High,Himachal,1.41
Religious,High,Amritsar,Religious,Low,Punjab,4.11
Historical,Medium,Radhanagar,Beach,Medium,Andaman,2.91
Hill Station,Low,Nainital,Hill Station,Medium,Uttarakhand,3.5
Adventure,High,Mumbai,City Life,High,Maharashtra,2.9
Hill Station,Medium,Dandeli,Adventure,Low,Karnataka,2.01
Historical,Low,Ooty,Hill Station,Low,Tamil Nadu,2.91
Wildlife,Medium,Ajanta,Historical,Low,Maharashtra,2.0
Wildlife,High,Varanasi,Religious,Low,UP,2.01
Wildlife,Medium,Hampi,Historical,Medium,Karnataka,2.9
City Life,Medium,Shillong,Hill Station,Low,Meghalaya,2.01
Wildlife,High,Gulmarg,Hill Station,Medium,Kashmir,2.01
Wildlife,High,Varkala,Beach,Medium,Kerala,2.0
Beach,Medium,Leh,Adventure,Medium,Ladakh,2.91
Hill Station,Medium,Manali,Hill Station,High,Himachal,3.51
Beach,Medium,Hyderabad,City Life,High,Telangana,1.4
Beach,Low,Nainital,Hill Station,High,Uttarakhand,1.4
Hill Station,High,Leh,Adventure,Low,Ladakh,2.01
Wildlife,Medium,Ajanta,Historical,Low,Maharashtra,2.0
Religious,Low,Leh,Adventure,Medium,Ladakh,1.41
Beach,High,Red Fort,Historical,Medium,Delhi,2.01
Historical,Medium,Leh,Adventure,High,Ladakh,1.4
Beach,Medium,Red Fort,Historical,Medium,Delhi,2.91
Historical,Medium,Bandipur,Wildlife,Low,Karnataka,2.0
Adventure,Medium,Leh,Adventure,Medium,Ladakh,5.0
Hill Station,High,Somnath,Religious,Medium,Gujarat,2.0
Wildlife,Medium,Hyderabad,City Life,High,Telangana,1.41
Religious,High,Ranthambore,Wildlife,Low,Rajasthan,2.0
Historical,Low,Khajuraho,Historical,Medium,MP,3.51
Beach,Low,Kanha,Wildlife,High,MP,1.4
City Life,High,Madurai,Religious,High,Tamil Nadu,2.91
Religious,Low,Kaziranga,Wildlife,High,Assam,1.41
Historical,Low,Hyderabad,City Life,Low,Telangana,2.9
Historical,Low,Zulruk,Adventure,High,Sikkim,1.41
Wildlife,Low,CP,City Life,High,Delhi,1.4
Beach,Medium,Red Fort,Historical,Low,Delhi,2.01
Wildlife,Medium,Madurai,Religious,Low,Tamil Nadu,2.01
Hill Station,Low,Bangalore,City Life,Low,Karnataka,2.91
Wildlife,High,Shillong,Hill Station,Low,Meghalaya,2.0
Beach,Low,Leh,Adventure,High,Ladakh,1.41
Wildlife,High,Nalanda,Historical,High,Bihar,2.9
Hill Station,Medium,Amritsar,Religious,Low,Punjab,2.0
Hill Station,Low,Rishikesh,Adventure,Low,Uttarakhand,2.91
Adventure,High,Kaziranga,Wildlife,High,Assam,2.9
Wildlife,Low,Alibaug,Beach,Medium,Maharashtra,1.41
Hill Station,Low,Nainital,Hill Station,Low,Uttarakhand,5.0
Hill Station,Low,Tawang,Adventure,High,Arunachal,1.41
Wildlife,High,Manali,Hill Station,Medium,Himachal,2.01
Wildlife,Low,Rishikesh,Adventure,High,Uttarakhand,1.4
Beach,High,Gir,Wildlife,High,Gujarat,2.91
Beach,Medium,Alibaug,Beach,High,Maharashtra,3.5
Wildlife,Medium,Madurai,Religious,Medium,Tamil Nadu,2.91
Hill Station,Low,Ooty,Hill Station,Low,Tamil Nadu,5.0
Historical,High,Amritsar,Religious,High,Punjab,2.9
Religious,High,CP,City Life,Low,Delhi,2.0
Beach,Medium,Nalanda,Historical,High,Bihar,1.4
Hill Station,Medium,Ranthambore,Wildlife,High,Rajasthan,1.4
City Life,Low,Bodh Gaya,Religious,High,Bihar,1.41
Historical,High,Nainital,Hill Station,Low,Uttarakhand,2.0
Historical,Medium,Nainital,Hill Station,Medium,Uttarakhand,2.9
Adventure,Low,Radhanagar,Beach,Low,Andaman,2.9
Historical,Medium,Red Fort,Historical,Low,Delhi,4.1
Hill Station,Low,Ranthambore,Wildlife,Low,Rajasthan,2.91
Adventure,High,Dandeli,Adventure,Medium,Karnataka,4.1
Wildlife,Low,Jim Corbett,Wildlife,High,Uttarakhand,3.51
Hill Station,Medium,Ahmedabad,City Life,Low,Gujarat,2.01
Hill Station,High,Hampi,Historical,High,Karnataka,2.9
Wildlife,High,Somnath,Religious,Medium,Gujarat,2.0
Religious,Low,Jaipur,Historical,High,Rajasthan,1.4
Historical,High,Baga,Beach,Low,Goa,2.0
Historical,High,Varkala,Beach,Low,Kerala,2.0
Wildlife,Low,CP,City Life,Low,Delhi,2.91
City Life,High,Gir,Wildlife,Low,Gujarat,2.01
City Life,Low,Alibaug,Beach,Medium,Maharashtra,1.41
City Life,Medium,Bangalore,City Life,Medium,Karnataka,5.0
Beach,Low,Leh,Adventure,High,Ladakh,1.41
Adventure,Low,Jaipur,Historical,Low,Rajasthan,2.91
City Life,Low,CP,City Life,Low,Delhi,5.0
Beach,Low,Ranthambore,Wildlife,Low,Rajasthan,2.9
Adventure,Medium,Jaipur,Historical,Medium,Rajasthan,2.91
Religious,Medium,Puri,Beach,High,Odisha,1.4
Beach,Low,CP,City Life,Low,Delhi,2.91
Religious,Low,Spiti,Adventure,High,Himachal,1.4
Religious,Low,Red Fort,Historical,Low,Delhi,2.91
City Life,High,Spiti,Adventure,High,Himachal,2.91
Hill Station,Medium,Dandeli,Adventure,Medium,Karnataka,2.91
Beach,Low,Ooty,Hill Station,Medium,Tamil Nadu,1.41
Hill Station,High,Amritsar,Religious,Medium,Punjab,2.0
Beach,High,Puri,Beach,High,Odisha,5.0
Hill Station,Low,Ranthambore,Wildlife,Medium,Rajasthan,1.41
Religious,Low,Somnath,Religious,Medium,Gujarat,3.51
Wildlife,High,CP,City Life,Low,Delhi,2.0
Religious,High,Baga,Beach,High,Goa,2.9
Religious,Medium,Hampi,Historical,Medium,Karnataka,2.9
Religious,High,Nainital,Hill Station,Medium,Uttarakhand,2.01
Religious,Medium,Radhanagar,Beach,High,Andaman,1.41
City Life,High,Madurai,Religious,High,Tamil Nadu,2.9
Hill Station,Medium,Shillong,Hill Station,Low,Meghalaya,4.11
Wildlife,Medium,Yadadri,Religious,Medium,Telangana,2.91
Hill Station,High,Spiti,Adventure,Medium,Himachal,2.01
Adventure,Low,Bodh Gaya,Religious,Low,Bihar,2.91
Hill Station,Medium,Mumbai,City Life,Medium,Maharashtra,2.91
Hill Station,Low,Zulruk,Adventure,High,Sikkim,1.4
Wildlife,High,Tawang,Adventure,Low,Arunachal,2.0
Wildlife,High,CP,City Life,Low,Delhi,2.01
Religious,Medium,Jim Corbett,Wildlife,High,Uttarakhand,1.41
Religious,Low,Rishikesh,Adventure,Low,Uttarakhand,2.91
Historical,Medium,Somnath,Religious,High,Gujarat,1.41
Wildlife,High,Tawang,Adventure,High,Arunachal,2.91
Religious,Low,Bodh Gaya,Religious,Low,Bihar,5.0
Historical,Low,Manali,Hill Station,Low,Himachal,2.91
Historical,High,Zulruk,Adventure,Medium,Sikkim,2.01
City Life,Low,Nainital,Hill Station,Medium,Uttarakhand,1.4
City Life,High,Nalanda,Historical,Medium,Bihar,2.01
City Life,Low,Nainital,Hill Station,Low,Uttarakhand,2.91
City Life,Low,Khajuraho,Historical,Medium,MP,1.41
Adventure,Medium,Bandipur,Wildlife,Medium,Karnataka,2.91
Religious,Low,CP,City Life,Low,Delhi,2.91
Historical,Low,Varanasi,Religious,Medium,UP,1.41
Historical,High,Shillong,Hill Station,Medium,Meghalaya,2.0
Wildlife,High,Bangalore,City Life,High,Karnataka,2.9
Religious,Medium,Mumbai,City Life,Medium,Maharashtra,2.91
Hill Station,Medium,Jim Corbett,Wildlife,Low,Uttarakhand,2.0
Historical,High,Bodh Gaya,Religious,High,Bihar,2.91
Historical,High,Kanha,Wildlife,Low,MP,2.0
City Life,Medium,Hyderabad,City Life,High,Telangana,3.5
City Life,Medium,Jaipur,Historical,High,Rajasthan,1.41
Historical,Medium,Jaipur,Historical,High,Rajasthan,3.5
Wildlife,High,Hampi,Historical,High,Karnataka,2.9
Hill Station,High,Rishikesh,Adventure,Low,Uttarakhand,2.0
Wildlife,Medium,Gangtok,Hill Station,High,Sikkim,1.41
Adventure,Low,Kolkata,City Life,High,West Bengal,1.41
City Life,Low,Varkala,Beach,Medium,Kerala,1.41
City Life,High,Nainital,Hill Station,Medium,Uttarakhand,2.01
Hill Station,Low,Marina,Beach,Medium,Tamil Nadu,1.4
Historical,High,Nainital,Hill Station,Medium,Uttarakhand,2.01
City Life,Medium,Varkala,Beach,Medium,Kerala,2.91
Hill Station,Low,Nalanda,Historical,Medium,Bihar,1.41
Religious,Medium,Ajanta,Historical,High,Maharashtra,1.41
Beach,Low,Dandeli,Adventure,High,Karnataka,1.41
City Life,High,Jaipur,Historical,Medium,Rajasthan,2.01
Hill Station,Medium,Gir,Wildlife,Medium,Gujarat,2.91
Adventure,Low,Ajanta,Historical,Low,Maharashtra,2.9
Wildlife,High,Hampi,Historical,Medium,Karnataka,2.01
Hill Station,Low,Red Fort,Historical,High,Delhi,1.41
Hill Station,Low,Ranthambore,Wildlife,Low,Rajasthan,2.9
Wildlife,High,Mumbai,City Life,Low,Maharashtra,2.0
Religious,Medium,Ahmedabad,City Life,Low,Gujarat,2.0
Beach,Low,Kolkata,City Life,Low,West Bengal,2.9
Adventure,Low,Dandeli,Adventure,High,Karnataka,3.51
Hill Station,High,Ooty,Hill Station,Low,Tamil Nadu,4.1
Wildlife,Medium,Baga,Beach,Low,Goa,2.01
City Life,Medium,Ooty,Hill Station,Low,Tamil Nadu,2.0
Adventure,Medium,Jaipur,Historical,Medium,Rajasthan,2.91
Hill Station,Medium,Nainital,Hill Station,Medium,Uttarakhand,5.0
City Life,Low,Baga,Beach,High,Goa,1.41
Religious,Low,Kaziranga,Wildlife,High,Assam,1.41
City Life,High,Ranthambore,Wildlife,Low,Rajasthan,2.01
Beach,High,Gangtok,Hill Station,High,Sikkim,2.91
Wildlife,High,Mumbai,City Life,Medium,Maharashtra,2.01
City Life,Medium,Dandeli,Adventure,High,Karnataka,1.41
Historical,Medium,Leh,Adventure,Medium,Ladakh,2.9
Hill Station,Medium,Kolkata,City Life,High,West Bengal,1.41
City Life,Low,Manali,Hill Station,Low,Himachal,2.91
Hill Station,Low,CP,City Life,Medium,Delhi,1.41
Religious,Low,Radhanagar,Beach,High,Andaman,1.4
Wildlife,Low,Mumbai,City Life,Medium,Maharashtra,1.41
Historical,High,Gir,Wildlife,Low,Gujarat,2.0
Historical,Low,Nainital,Hill Station,Low,Uttarakhand,2.9
Hill Station,Low,Somnath,Religious,High,Gujarat,1.4
Historical,Medium,Gulmarg,Hill Station,Low,Kashmir,2.01
City Life,High,Puri,Beach,Low,Odisha,2.0
Religious,Medium,Gir,Wildlife,Low,Gujarat,2.01
City Life,Medium,Kolkata,City Life,Medium,West Bengal,5.0
Adventure,High,Jaipur,Historical,Low,Rajasthan,2.0
City Life,High,Red Fort,Historical,Medium,Delhi,2.01
Hill Station,High,Alibaug,Beach,Low,Maharashtra,2.0
Beach,Low,Somnath,Religious,Medium,Gujarat,1.4
Beach,Low,Jaipur,Historical,Medium,Rajasthan,1.4
Wildlife,Medium,Nalanda,Historical,Medium,Bihar,2.9
Beach,High,Spiti,Adventure,High,Himachal,2.9
Wildlife,Medium,Jim Corbett,Wildlife,Medium,Uttarakhand,5.0
City Life,Medium,Baga,Beach,Medium,Goa,2.9
City Life,Medium,Radhanagar,Beach,Low,Andaman,2.0
Hill Station,Low,Jim Corbett,Wildlife,High,Uttarakhand,1.4
Hill Station,Low,Gir,Wildlife,Medium,Gujarat,1.4
Historical,High,Manali,Hill Station,Low,Himachal,2.0
Hill Station,Medium,Gir,Wildlife,Medium,Gujarat,2.91
Adventure,Low,CP,City Life,High,Delhi,1.41
Beach,Medium,Ajanta,Historical,Low,Maharashtra,2.01
City Life,High,Nainital,Hill Station,Low,Uttarakhand,2.01
Hill Station,Medium,Amritsar,Religious,High,Punjab,1.4
Hill Station,Low,Bandipur,Wildlife,Medium,Karnataka,1.41
Historical,High,Manali,Hill Station,Medium,Himachal,2.01
Wildlife,High,Amritsar,Religious,Low,Punjab,2.01
Beach,Medium,Leh,Adventure,Medium,Ladakh,2.9
Religious,Medium,Yadadri,Religious,Low,Telangana,4.1
Hill Station,High,Hyderabad,City Life,Medium,Telangana,2.01
Beach,High,Varkala,Beach,Low,Kerala,4.11
Adventure,High,Tawang,Adventure,Medium,Arunachal,4.1
Adventure,Medium,Gulmarg,Hill Station,High,Kashmir,1.41
Beach,High,Khajuraho,Historical,Low,MP,2.0
City Life,High,Ooty,Hill Station,Low,Tamil Nadu,2.0
Historical,Low,Marina,Beach,Low,Tamil Nadu,2.9
Historical,Low,Rishikesh,Adventure,High,Uttarakhand,1.41
Historical,Medium,Gulmarg,Hill Station,High,Kashmir,1.41
Beach,Low,Kanha,Wildlife,Low,MP,2.91
Hill Station,Medium,Nainital,Hill Station,High,Uttarakhand,3.51
Religious,Medium,Puri,Beach,Low,Odisha,2.0
Wildlife,Medium,Bandipur,Wildlife,Medium,Karnataka,5.0
Adventure,Medium,Gir,Wildlife,High,Gujarat,1.4
Hill Station,Low,Nalanda,Historical,Low,Bihar,2.9
City Life,High,Radhanagar,Beach,Medium,Andaman,2.01
Hill Station,High,Nainital,Hill Station,High,Uttarakhand,5.0
City Life,Medium,Spiti,Adventure,High,Himachal,1.4
Beach,High,Leh,Adventure,High,Ladakh,2.9
Religious,Low,Tawang,Adventure,Low,Arunachal,2.91
Historical,Low,Dandeli,Adventure,High,Karnataka,1.4
Religious,Low,Marina,Beach,Low,Tamil Nadu,2.9
Adventure,Medium,Madurai,Religious,High,Tamil Nadu,1.41
Historical,High,Ranthambore,Wildlife,High,Rajasthan,2.9
Adventure,Medium,Varkala,Beach,Medium,Kerala,2.9
Hill Station,Medium,Kolkata,City Life,Medium,West Bengal,2.91
Hill Station,Medium,Baga,Beach,Low,Goa,2.01
Hill Station,Medium,Puri,Beach,High,Odisha,1.4
Beach,Low,Leh,Adventure,High,Ladakh,1.4
Religious,Low,Varkala,Beach,Medium,Kerala,1.41
Religious,High,Amritsar,Religious,Medium,Punjab,4.11
Wildlife,Low,Alibaug,Beach,High,Maharashtra,1.4
Adventure,Low,Manali,Hill Station,High,Himachal,1.41
Historical,High,Somnath,Religious,High,Gujarat,2.91
Beach,Medium,Varkala,Beach,High,Kerala,3.5
Historical,Low,Gulmarg,Hill Station,Low,Kashmir,2.91
Religious,High,Ajanta,Historical,Medium,Maharashtra,2.0
Beach,Medium,Kaziranga,Wildlife,Low,Assam,2.01
Beach,High,Nalanda,Historical,High,Bihar,2.91
Beach,Low,Tawang,Adventure,Medium,Arunachal,1.4
Wildlife,High,Red Fort,Historical,High,Delhi,2.9
Religious,Low,Bodh Gaya,Religious,Medium,Bihar,3.51
Hill Station,Medium,Somnath,Religious,Low,Gujarat,2.01
City Life,Low,Bandipur,Wildlife,High,Karnataka,1.4
Hill Station,High,Gulmarg,Hill Station,High,Kashmir,5.0
City Life,Low,Hyderabad,City Life,Medium,Telangana,3.5
Hill Station,Medium,Marina,Beach,High,Tamil Nadu,1.4
Historical,High,Leh,Adventure,Medium,Ladakh,2.0
Historical,Medium,Mumbai,City Life,Low,Maharashtra,2.01
Beach,High,Varkala,Beach,Low,Kerala,4.1
Historical,Medium,Zulruk,Adventure,High,Sikkim,1.4
Hill Station,High,Bandipur,Wildlife,Low,Karnataka,2.01
Hill Station,Low,Alibaug,Beach,Medium,Maharashtra,1.41
Adventure,Medium,Zulruk,Adventure,Medium,Sikkim,5.0
Religious,Medium,Gulmarg,Hill Station,High,Kashmir,1.4
Hill Station,Low,Ajanta,Historical,High,Maharashtra,1.4
City Life,High,Shillong,Hill Station,High,Meghalaya,2.9
Hill Station,High,Varanasi,Religious,Low,UP,2.0
Adventure,Low,Manali,Hill Station,Low,Himachal,2.9
Adventure,Medium,Mumbai,City Life,High,Maharashtra,1.41
Wildlife,Low,Gulmarg,Hill Station,Medium,Kashmir,1.41
Hill Station,Medium,Ahmedabad,City Life,High,Gujarat,1.41
Adventure,High,Jaipur,Historical,Low,Rajasthan,2.01
Religious,Medium,Ajanta,Historical,High,Maharashtra,1.4
Religious,Medium,Kanha,Wildlife,Low,MP,2.01
Religious,High,Yadadri,Religious,Medium,Telangana,4.11
Wildlife,Low,Madurai,Religious,High,Tamil Nadu,1.41
City Life,Low,CP,City Life,Medium,Delhi,3.5
Religious,High,Kolkata,City Life,Low,West Bengal,2.0
Historical,Medium,Leh,Adventure,Medium,Ladakh,2.91
Religious,Medium,Shillong,Hill Station,High,Meghalaya,1.41
Adventure,High,Amritsar,Religious,High,Punjab,2.91
Adventure,Low,Shillong,Hill Station,Medium,Meghalaya,1.4
Hill Station,High,Varkala,Beach,High,Kerala,2.91
Religious,High,Ajanta,Historical,High,Maharashtra,2.9
Historical,Medium,Tawang,Adventure,Medium,Arunachal,2.9
Religious,Medium,Hyderabad,City Life,Low,Telangana,2.0
Wildlife,Low,Varkala,Beach,High,Kerala,1.4
Hill Station,Medium,Varkala,Beach,Low,Kerala,2.0
Adventure,High,Shillong,Hill Station,Medium,Meghalaya,2.0
Religious,Low,Nainital,Hill Station,High,Uttarakhand,1.41
Beach,High,Ranthambore,Wildlife,Medium,Rajasthan,2.0
Beach,Medium,Gir,Wildlife,Medium,Gujarat,2.9
Historical,Medium,Gangtok,Hill Station,Medium,Sikkim,2.9
Beach,Medium,Somnath,Religious,Low,Gujarat,2.01
Religious,High,Hyderabad,City Life,Medium,Telangana,2.01
Hill Station,High,Bodh Gaya,Religious,Medium,Bihar,2.0
Hill Station,Medium,Ooty,Hill Station,Medium,Tamil Nadu,5.0
Historical,High,Bodh Gaya,Religious,Low,Bihar,2.01
Wildlife,High,Bangalore,City Life,Low,Karnataka,2.01
City Life,High,Yadadri,Religious,High,Telangana,2.9
Wildlife,Low,Shillong,Hill Station,Medium,Meghalaya,1.41
Beach,High,Ranthambore,Wildlife,Low,Rajasthan,2.01
City Life,High,Nainital,Hill Station,High,Uttarakhand,2.91
Adventure,High,Hyderabad,City Life,High,Telangana,2.9
Hill Station,High,Manali,Hill Station,High,Himachal,5.0
Historical,Medium,Radhanagar,Beach,Medium,Andaman,2.9
Adventure,High,Kolkata,City Life,Medium,West Bengal,2.0
Adventure,High,CP,City Life,Low,Delhi,2.01
Wildlife,Low,Gangtok,Hill Station,Medium,Sikkim,1.41
Historical,Low,Gangtok,Hill Station,Medium,Sikkim,1.4
Wildlife,High,Dandeli,Adventure,Low,Karnataka,2.01
Hill Station,Low,Bangalore,City Life,Low,Karnataka,2.91
Hill Station,High,Ajanta,Historical,Low,Maharashtra,2.01
Religious,High,Khajuraho,Historical,High,MP,2.9
Religious,Low,Jim Corbett,Wildlife,Low,Uttarakhand,2.9
Beach,Medium,Manali,Hill Station,High,Himachal,1.4
City Life,High,Ajanta,Historical,Medium,Maharashtra,2.01
Religious,Medium,Ahmedabad,City Life,Medium,Gujarat,2.9
Adventure,High,Tawang,Adventure,Low,Arunachal,4.1
Wildlife,Low,Dandeli,Adventure,Medium,Karnataka,1.41
Religious,High,Baga,Beach,High,Goa,2.9
Wildlife,Low,Baga,Beach,Low,Goa,2.91
Historical,Medium,Nalanda,Historical,Medium,Bihar,5.0
Adventure,Low,Red Fort,Historical,Low,Delhi,2.9
Hill Station,Low,Baga,Beach,High,Goa,1.41
Hill Station,Low,Baga,Beach,Low,Goa,2.91
Wildlife,High,Jaipur,Historical,Medium,Rajasthan,2.01
Beach,Medium,Bodh Gaya,Religious,Medium,Bihar,2.91
Adventure,Low,Yadadri,Religious,High,Telangana,1.41
Religious,High,Jim Corbett,Wildlife,High,Uttarakhand,2.91
Hill Station,Low,Dandeli,Adventure,High,Karnataka,1.4
City Life,High,Shillong,Hill Station,Medium,Meghalaya,2.01
Beach,Medium,Nalanda,Historical,High,Bihar,1.4
Beach,Low,Gulmarg,Hill Station,High,Kashmir,1.4
Religious,High,Mumbai,City Life,Medium,Maharashtra,2.01
Beach,High,Gir,Wildlife,Low,Gujarat,2.0
Historical,Low,Hyderabad,City Life,Medium,Telangana,1.41
Historical,Low,Madurai,Religious,Low,Tamil Nadu,2.91
City Life,High,Ahmedabad,City Life,High,Gujarat,5.0
City Life,Low,Bangalore,City Life,Medium,Karnataka,3.5
Beach,High,Puri,Beach,Low,Odisha,4.11
Wildlife,Medium,Dandeli,Adventure,Medium,Karnataka,2.9
Adventure,Medium,Jaipur,Historical,Low,Rajasthan,2.01
Wildlife,Medium,Nalanda,Historical,Low,Bihar,2.01
City Life,High,Baga,Beach,High,Goa,2.9
Religious,Low,Bangalore,City Life,High,Karnataka,1.41
Hill Station,High,Madurai,Religious,Medium,Tamil Nadu,2.0
Wildlife,Low,Jim Corbett,Wildlife,Medium,Uttarakhand,3.5
Beach,Medium,Ooty,Hill Station,Medium,Tamil Nadu,2.91
Hill Station,Low,Bodh Gaya,Religious,Medium,Bihar,1.41
Historical,High,Marina,Beach,High,Tamil Nadu,2.91
Wildlife,Medium,Gir,Wildlife,High,Gujarat,3.5
Historical,Medium,Gangtok,Hill Station,Medium,Sikkim,2.9
City Life,High,Ranthambore,Wildlife,Medium,Rajasthan,2.0
Hill Station,Low,Bandipur,Wildlife,High,Karnataka,1.41
City Life,Medium,Alibaug,Beach,High,Maharashtra,1.4
Religious,Medium,Radhanagar,Beach,Medium,Andaman,2.91
Hill Station,High,Amritsar,Religious,Low,Punjab,2.01
Adventure,Medium,Rishikesh,Adventure,High,Uttarakhand,3.51
Hill Station,High,Bandipur,Wildlife,High,Karnataka,2.91
City Life,Medium,Bodh Gaya,Religious,Low,Bihar,2.0
Wildlife,Low,Tawang,Adventure,Medium,Arunachal,1.4
Adventure,High,Kanha,Wildlife,High,MP,2.9
Beach,Low,Bodh Gaya,Religious,Medium,Bihar,1.41
City Life,Low,Radhanagar,Beach,Low,Andaman,2.9
City Life,Low,Bangalore,City Life,Low,Karnataka,5.0
City Life,Low,Bangalore,City Life,High,Karnataka,3.5
Adventure,High,Somnath,Religious,Low,Gujarat,2.0
Adventure,Medium,Red Fort,Historical,Medium,Delhi,2.91
City Life,Low,Jim Corbett,Wildlife,High,Uttarakhand,1.41
City Life,Low,Leh,Adventure,High,Ladakh,1.41
Historical,Medium,Nalanda,Historical,Low,Bihar,4.11
Religious,High,Ahmedabad,City Life,Low,Gujarat,2.01
Beach,Medium,Spiti,Adventure,Low,Himachal,2.0
Beach,High,Spiti,Adventure,High,Himachal,2.91
City Life,Medium,Dandeli,Adventure,Medium,Karnataka,2.91
Beach,Low,Hampi,Historical,Medium,Karnataka,1.4
Beach,Low,Mumbai,City Life,High,Maharashtra,1.4
Hill Station,High,Baga,Beach,Low,Goa,2.0
Beach,High,Manali,Hill Station,Medium,Himachal,2.0
Beach,High,Jim Corbett,Wildlife,Low,Uttarakhand,2.01
Beach,Medium,Red Fort,Historical,Medium,Delhi,2.91
Historical,Medium,Bodh Gaya,Religious,Low,Bihar,2.01
City Life,Low,Ooty,Hill Station,Low,Tamil Nadu,2.9
Religious,Low,Ajanta,Historical,Medium,Maharashtra,1.41
Religious,Low,Madurai,Religious,Low,Tamil Nadu,5.0
Hill Station,High,Ranthambore,Wildlife,Medium,Rajasthan,2.01
Wildlife,Low,Zulruk,Adventure,Low,Sikkim,2.9
Historical,High,Puri,Beach,High,Odisha,2.9
City Life,Low,Gir,Wildlife,High,Gujarat,1.4
Religious,Low,Rishikesh,Adventure,Low,Uttarakhand,2.91
City Life,High,Baga,Beach,Medium,Goa,2.0
Adventure,Medium,Somnath,Religious,High,Gujarat,1.4
Adventure,Medium,Alibaug,Beach,Low,Maharashtra,2.0
Wildlife,Medium,Kaziranga,Wildlife,Low,Assam,4.1
Hill Station,High,Jim Corbett,Wildlife,Medium,Uttarakhand,2.0
Hill Station,Low,Yadadri,Religious,Medium,Telangana,1.41
Adventure,Medium,Gangtok,Hill Station,High,Sikkim,1.41
Hill Station,Low,Manali,Hill Station,High,Himachal,3.51
Beach,Medium,Amritsar,Religious,Medium,Punjab,2.9
Adventure,High,Gir,Wildlife,High,Gujarat,2.9
Historical,Medium,Kaziranga,Wildlife,Medium,Assam,2.9
City Life,Medium,Ooty,Hill Station,Low,Tamil Nadu,2.0
Religious,Medium,Leh,Adventure,High,Ladakh,1.4
Hill Station,Low,Rishikesh,Adventure,Medium,Uttarakhand,1.4
Adventure,Medium,Hampi,Historical,Low,Karnataka,2.01
Religious,High,Yadadri,Religious,Medium,Telangana,4.11
Wildlife,Low,Ranthambore,Wildlife,Low,Rajasthan,5.0
Religious,High,Hyderabad,City Life,Low,Telangana,2.0
Hill Station,Medium,Bandipur,Wildlife,Low,Karnataka,2.0
Adventure,High,Zulruk,Adventure,Low,Sikkim,4.11
Wildlife,High,Ooty,Hill Station,Low,Tamil Nadu,2.01
Religious,Medium,Leh,Adventure,Medium,Ladakh,2.9
Hill Station,Medium,Nainital,Hill Station,High,Uttarakhand,3.5
Historical,Medium,Nainital,Hill Station,Low,Uttarakhand,2.01
City Life,High,Madurai,Religious,Low,Tamil Nadu,2.0
Wildlife,Low,Baga,Beach,Low,Goa,2.9
Religious,Low,Varanasi,Religious,Low,UP,5.0
Hill Station,Medium,Rishikesh,Adventure,Medium,Uttarakhand,2.9
Wildlife,High,Hyderabad,City Life,Low,Telangana,2.01
City Life,High,Jim Corbett,Wildlife,Low,Uttarakhand,2.01
Hill Station,Medium,Jim Corbett,Wildlife,Low,Uttarakhand,2.01
Wildlife,High,Somnath,Religious,Medium,Gujarat,2.0
Hill Station,Low,Bodh Gaya,Religious,Low,Bihar,2.9
Historical,High,Manali,Hill Station,Medium,Himachal,2.0
Religious,High,Alibaug,Beach,Medium,Maharashtra,2.01
Historical,Low,Madurai,Religious,Low,Tamil Nadu,2.91
Hill Station,Medium,Radhanagar,Beach,Low,Andaman,2.0
Wildlife,High,Manali,Hill Station,Low,Himachal,2.0
Adventure,Medium,Jaipur,Historical,Low,Rajasthan,2.01
Hill Station,Medium,Somnath,Religious,Low,Gujarat,2.01
Hill Station,Low,Somnath,Religious,Medium,Gujarat,1.4
Religious,High,Kanha,Wildlife,Low,MP,2.0
Hill Station,Medium,Nainital,Hill Station,Low,Uttarakhand,4.1
Beach,High,Somnath,Religious,Low,Gujarat,2.0
City Life,Low,Ooty,Hill Station,Medium,Tamil Nadu,1.41
Hill Station,High,Jaipur,Historical,Medium,Rajasthan,2.0
Historical,Low,Red Fort,Historical,High,Delhi,3.51
Historical,High,Baga,Beach,Medium,Goa,2.0
Adventure,Medium,Zulruk,Adventure,High,Sikkim,3.51
Beach,High,Marina,Beach,Low,Tamil Nadu,4.11
Hill Station,Low,Bandipur,Wildlife,High,Karnataka,1.4
Religious,Low,Gulmarg,Hill Station,Low,Kashmir,2.9
Wildlife,Medium,Varkala,Beach,Low,Kerala,2.01
Religious,Medium,Gangtok,Hill Station,Medium,Sikkim,2.91
Wildlife,Medium,Shillong,Hill Station,Medium,Meghalaya,2.91
Religious,Low,Jaipur,Historical,Low,Rajasthan,2.9
Religious,Medium,Jim Corbett,Wildlife,Medium,Uttarakhand,2.9
Wildlife,High,Zulruk,Adventure,High,Sikkim,2.91
Historical,Medium,Marina,Beach,Medium,Tamil Nadu,2.91
Wildlife,Low,Gir,Wildlife,High,Gujarat,3.5
Religious,Low,Ajanta,Historical,Medium,Maharashtra,1.41
City Life,High,Varkala,Beach,Low,Kerala,2.01
Wildlife,High,Khajuraho,Historical,Medium,MP,2.01
Adventure,High,Shillong,Hill Station,Low,Meghalaya,2.01
Hill Station,Medium,Radhanagar,Beach,High,Andaman,1.41
Beach,Medium,Manali,Hill Station,Low,Himachal,2.01
Historical,High,Ajanta,Historical,Medium,Maharashtra,4.11
Beach,Medium,Bandipur,Wildlife,Medium,Karnataka,2.9
Beach,Low,Marina,Beach,High,Tamil Nadu,3.51
Wildlife,Medium,Kolkata,City Life,Medium,West Bengal,2.9
Historical,Low,Leh,Adventure,High,Ladakh,1.4
Adventure,Low,Ooty,Hill Station,High,Tamil Nadu,1.41
Beach,Medium,Bangalore,City Life,Medium,Karnataka,2.91
Hill Station,Medium,Alibaug,Beach,High,Maharashtra,1.41
City Life,High,Dandeli,Adventure,High,Karnataka,2.9
Religious,Low,Gir,Wildlife,Low,Gujarat,2.9
Historical,Low,Dandeli,Adventure,High,Karnataka,1.41
Wildlife,High,Somnath,Religious,High,Gujarat,2.91
Wildlife,High,Ranthambore,Wildlife,High,Rajasthan,5.0
Religious,High,Nalanda,Historical,Low,Bihar,2.0
Beach,Low,Shillong,Hill Station,Medium,Meghalaya,1.4
Religious,Medium,Tawang,Adventure,Low,Arunachal,2.0
Hill Station,Low,Nainital,Hill Station,Medium,Uttarakhand,3.5
Hill Station,Low,Puri,Beach,Low,Odisha,2.9
City Life,Low,Puri,Beach,Medium,Odisha,1.4
Adventure,High,Manali,Hill Station,High,Himachal,2.9
Adventure,Low,Somnath,Religious,Medium,Gujarat,1.41
Historical,Low,Ahmedabad,City Life,High,Gujarat,1.41
Wildlife,Low,Gir,Wildlife,High,Gujarat,3.51
Religious,Medium,Ahmedabad,City Life,Medium,Gujarat,2.9
Wildlife,High,CP,City Life,Medium,Delhi,2.01
Wildlife,Medium,Puri,Beach,High,Odisha,1.4
Wildlife,Low,Yadadri,Religious,Low,Telangana,2.91
Wildlife,Low,Puri,Beach,Low,Odisha,2.91
City Life,Low,Hyderabad,City Life,Low,Telangana,5.0
Wildlife,Low,Bodh Gaya,Religious,High,Bihar,1.4
Adventure,Medium,Bandipur,Wildlife,Medium,Karnataka,2.9
Hill Station,High,Manali,Hill Station,High,Himachal,5.0
Adventure,Low,Tawang,Adventure,Low,Arunachal,5.0
Adventure,Low,Khajuraho,Historical,High,MP,1.4
Religious,Medium,Bodh Gaya,Religious,High,Bihar,3.5
Beach,High,Nainital,Hill Station,High,Uttarakhand,2.91
Historical,Low,Hampi,Historical,High,Karnataka,3.5
Religious,Low,Ranthambore,Wildlife,Low,Rajasthan,2.9
Adventure,Low,Nalanda,Historical,High,Bihar,1.4
Wildlife,Low,Madurai,Religious,Low,Tamil Nadu,2.9
Religious,Medium,Alibaug,Beach,High,Maharashtra,1.41
Hill Station,Medium,Bodh Gaya,Religious,High,Bihar,1.41
Religious,Low,Varkala,Beach,Low,Kerala,2.9
Wildlife,High,Varkala,Beach,Low,Kerala,2.01
Beach,Low,Zulruk,Adventure,Low,Sikkim,2.9
Adventure,High,Puri,Beach,Medium,Odisha,2.0
Beach,Medium,Bandipur,Wildlife,Low,Karnataka,2.0
Beach,High,Ooty,Hill Station,Medium,Tamil Nadu,2.01
City Life,High,Kolkata,City Life,Medium,West Bengal,4.1
Hill Station,High,Mumbai,City Life,High,Maharashtra,2.91
City Life,Low,Gulmarg,Hill Station,Low,Kashmir,2.9
City Life,Low,Marina,Beach,Low,Tamil Nadu,2.9
Religious,High,Hampi,Historical,Medium,Karnataka,2.01
Historical,High,Spiti,Adventure,High,Himachal,2.9
Adventure,Low,Somnath,Religious,Low,Gujarat,2.9
Religious,Medium,Hyderabad,City Life,Medium,Telangana,2.91
City Life,Medium,Mumbai,City Life,Medium,Maharashtra,5.0
Historical,Medium,Amritsar,Religious,Medium,Punjab,2.9
City Life,High,Manali,Hill Station,Medium,Himachal,2.01
Historical,High,Yadadri,Religious,Low,Telangana,2.01
Hill Station,High,Hyderabad,City Life,Low,Telangana,2.01
Religious,High,Marina,Beach,Low,Tamil Nadu,2.01
City Life,Low,Hampi,Historical,Medium,Karnataka,1.41
Hill Station,Medium,Kaziranga,Wildlife,Medium,Assam,2.9
Wildlife,Medium,Leh,Adventure,High,Ladakh,1.41
Wildlife,Medium,Ahmedabad,City Life,Medium,Gujarat,2.91
Historical,Low,Mumbai,City Life,Low,Maharashtra,2.91
Adventure,Low,Hampi,Historical,Medium,Karnataka,1.41
Adventure,High,Bandipur,Wildlife,Low,Karnataka,2.0
Religious,High,Radhanagar,Beach,High,Andaman,2.9
Hill Station,High,Gir,Wildlife,High,Gujarat,2.9
Wildlife,Low,Hampi,Historical,Medium,Karnataka,1.4
Hill Station,Low,Kolkata,City Life,Low,West Bengal,2.91
Historical,High,Bandipur,Wildlife,Medium,Karnataka,2.0
Historical,High,Madurai,Religious,High,Tamil Nadu,2.91
Hill Station,High,Gulmarg,Hill Station,Medium,Kashmir,4.11
Religious,Medium,Red Fort,Historical,Low,Delhi,2.01
Historical,Medium,Varkala,Beach,High,Kerala,1.4
Beach,Low,Kanha,Wildlife,High,MP,1.4
Hill Station,Medium,Alibaug,Beach,High,Maharashtra,1.41
Religious,Low,Khajuraho,Historical,High,MP,1.41
Hill Station,High,Bangalore,City Life,High,Karnataka,2.91
Wildlife,Low,Varkala,Beach,Medium,Kerala,1.4
City Life,High,Dandeli,Adventure,Medium,Karnataka,2.01
Hill Station,Low,Hyderabad,City Life,Medium,Telangana,1.4
Religious,High,Zulruk,Adventure,Low,Sikkim,2.0
City Life,High,Mumbai,City Life,High,Maharashtra,5.0
Adventure,Low,Shillong,Hill Station,Low,Meghalaya,2.91
Religious,Low,Kanha,Wildlife,High,MP,1.4
Historical,High,Amritsar,Religious,Low,Punjab,2.01
Religious,Low,Spiti,Adventure,High,Himachal,1.4
Beach,High,Shillong,Hill Station,High,Meghalaya,2.91
Adventure,Low,Bandipur,Wildlife,High,Karnataka,1.4
City Life,Medium,Radhanagar,Beach,Low,Andaman,2.0
Adventure,Medium,Bandipur,Wildlife,High,Karnataka,1.4
Wildlife,Low,Amritsar,Religious,Low,Punjab,2.9
Adventure,High,Kaziranga,Wildlife,Medium,Assam,2.0
Wildlife,High,Jim Corbett,Wildlife,High,Uttarakhand,5.0
Religious,Medium,Bangalore,City Life,Low,Karnataka,2.0
Hill Station,High,Nainital,Hill Station,Medium,Uttarakhand,4.11
Historical,Low,Baga,Beach,High,Goa,1.41
Beach,Medium,Khajuraho,Historical,Low,MP,2.01
Beach,Medium,Baga,Beach,Low,Goa,4.11
Beach,Low,Kaziranga,Wildlife,Low,Assam,2.9
Hill Station,Medium,Rishikesh,Adventure,High,Uttarakhand,1.4
Historical,Medium,Manali,Hill Station,Low,Himachal,2.0
Religious,Low,Baga,Beach,Medium,Goa,1.41
Beach,Medium,Varanasi,Religious,Medium,UP,2.9
Hill Station,High,Varkala,Beach,High,Kerala,2.9
Historical,Medium,Kanha,Wildlife,Low,MP,2.0
Beach,Medium,Varanasi,Religious,Medium,UP,2.9
Historical,High,Gir,Wildlife,High,Gujarat,2.91
Historical,Medium,Kolkata,City Life,Medium,West Bengal,2.91
Beach,High,Khajuraho,Historical,Low,MP,2.0
Historical,Medium,CP,City Life,High,Delhi,1.4
Beach,High,Dandeli,Adventure,Medium,Karnataka,2.01
City Life,Low,Khajuraho,Historical,Medium,MP,1.4
Wildlife,Medium,Khajuraho,Historical,High,MP,1.41
Wildlife,Low,Dandeli,Adventure,Low,Karnataka,2.9
Religious,High,Manali,Hill Station,Low,Himachal,2.01
City Life,Medium,CP,City Life,Low,Delhi,4.11
Adventure,Low,Manali,Hill Station,Medium,Himachal,1.4
Beach,Low,Zulruk,Adventure,High,Sikkim,1.41
Religious,High,Kanha,Wildlife,Low,MP,2.0
City Life,High,Ranthambore,Wildlife,Low,Rajasthan,2.01
Beach,High,Ajanta,Historical,Medium,Maharashtra,2.01
City Life,Medium,Nainital,Hill Station,High,Uttarakhand,1.4
Wildlife,High,Puri,Beach,High,Odisha,2.91
Historical,Medium,Bandipur,Wildlife,Low,Karnataka,2.0
Adventure,Low,Leh,Adventure,Medium,Ladakh,3.51
Beach,Medium,Radhanagar,Beach,High,Andaman,3.5
Wildlife,Low,Dandeli,Adventure,High,Karnataka,1.41
Hill Station,High,Baga,Beach,High,Goa,2.9
City Life,Low,Varanasi,Religious,Low,UP,2.9
Religious,Medium,Dandeli,Adventure,High,Karnataka,1.4
Religious,Medium,Hyderabad,City Life,Medium,Telangana,2.91
Religious,High,Hampi,Historical,High,Karnataka,2.9
Adventure,Medium,Bangalore,City Life,High,Karnataka,1.4
Adventure,Low,Gangtok,Hill Station,Low,Sikkim,2.91
Historical,High,Red Fort,Historical,Low,Delhi,4.1
Historical,Medium,Ooty,Hill Station,Low,Tamil Nadu,2.0
Adventure,Low,Gir,Wildlife,High,Gujarat,1.41
City Life,Low,Khajuraho,Historical,High,MP,1.41
Beach,Medium,Spiti,Adventure,High,Himachal,1.41
City Life,High,Madurai,Religious,Low,Tamil Nadu,2.01
Wildlife,High,Kaziranga,Wildlife,Medium,Assam,4.1
Beach,High,Ranthambore,Wildlife,Low,Rajasthan,2.0
Beach,High,Spiti,Adventure,High,Himachal,2.9
Historical,Low,Kaziranga,Wildlife,Medium,Assam,1.41
Religious,Medium,Manali,Hill Station,High,Himachal,1.4
Adventure,Medium,Amritsar,Religious,Low,Punjab,2.0
City Life,Low,Red Fort,Historical,Medium,Delhi,1.4
Historical,High,Hampi,Historical,High,Karnataka,5.0
Wildlife,Low,Ajanta,Historical,Medium,Maharashtra,1.4
Historical,High,Alibaug,Beach,Low,Maharashtra,2.0
City Life,Medium,Red Fort,Historical,Low,Delhi,2.0
Hill Station,Medium,Manali,Hill Station,High,Himachal,3.5
Hill Station,Low,Radhanagar,Beach,Low,Andaman,2.9
City Life,Medium,Bangalore,City Life,Medium,Karnataka,5.0
Hill Station,Low,Manali,Hill Station,High,Himachal,3.5
Hill Station,Low,Gangtok,Hill Station,Medium,Sikkim,3.5
Adventure,Medium,Marina,Beach,Low,Tamil Nadu,2.01
City Life,High,Khajuraho,Historical,Low,MP,2.0
Adventure,Low,Hampi,Historical,Medium,Karnataka,1.41
Beach,Low,Marina,Beach,High,Tamil Nadu,3.51
Hill Station,Low,Gulmarg,Hill Station,Medium,Kashmir,3.5
Beach,Medium,Yadadri,Religious,High,Telangana,1.4
Hill Station,Medium,Varanasi,Religious,High,UP,1.4
Beach,Low,Zulruk,Adventure,Medium,Sikkim,1.41
Wildlife,High,Red Fort,Historical,High,Delhi,2.91
Religious,High,Puri,Beach,Medium,Odisha,2.0
Religious,Medium,Marina,Beach,Medium,Tamil Nadu,2.9
Religious,Low,Tawang,Adventure,Low,Arunachal,2.91
Historical,Medium,Baga,Beach,Low,Goa,2.01
Religious,Low,Jaipur,Historical,Low,Rajasthan,2.91
Beach,Medium,Alibaug,Beach,High,Maharashtra,3.51
Beach,Medium,Varkala,Beach,Medium,Kerala,5.0
Adventure,Medium,Marina,Beach,Low,Tamil Nadu,2.0
Adventure,Medium,Gulmarg,Hill Station,High,Kashmir,1.41
Hill Station,Low,Puri,Beach,Low,Odisha,2.9
Adventure,Low,Mumbai,City Life,Medium,Maharashtra,1.4
Religious,Low,Varanasi,Religious,Low,UP,5.0
Beach,Low,Hampi,Historical,Low,Karnataka,2.91
Beach,Low,Kanha,Wildlife,Low,MP,2.9
Hill Station,Low,Kolkata,City Life,Low,West Bengal,2.91
Hill Station,Medium,Zulruk,Adventure,Medium,Sikkim,2.91
City Life,Medium,Gulmarg,Hill Station,Low,Kashmir,2.0
Wildlife,Medium,Alibaug,Beach,Low,Maharashtra,2.0
Historical,Low,Kaziranga,Wildlife,High,Assam,1.4
Beach,Low,Amritsar,Religious,Medium,Punjab,1.4
Wildlife,High,Khajuraho,Historical,Low,MP,2.01
Religious,Low,Nalanda,Historical,Low,Bihar,2.91
City Life,High,Hyderabad,City Life,Low,Telangana,4.11
Beach,Medium,Varkala,Beach,Low,Kerala,4.11
Historical,High,Nalanda,Historical,Low,Bihar,4.1
Adventure,Medium,Amritsar,Religious,Medium,Punjab,2.91
Historical,Low,Red Fort,Historical,High,Delhi,3.51
Adventure,High,Madurai,Religious,High,Tamil Nadu,2.9
Historical,Medium,Bangalore,City Life,High,Karnataka,1.4
Religious,Medium,Alibaug,Beach,Medium,Maharashtra,2.91
City Life,High,Dandeli,Adventure,High,Karnataka,2.91
Beach,High,Zulruk,Adventure,Medium,Sikkim,2.01
Beach,Low,Alibaug,Beach,Low,Maharashtra,5.0
City Life,Medium,Somnath,Religious,High,Gujarat,1.41
Religious,Medium,Rishikesh,Adventure,Low,Uttarakhand,2.0
City Life,Medium,Kanha,Wildlife,High,MP,1.41
Adventure,Medium,Nainital,Hill Station,Low,Uttarakhand,2.01
Adventure,Medium,Madurai,Religious,Low,Tamil Nadu,2.0
Wildlife,Low,Shillong,Hill Station,High,Meghalaya,1.4
City Life,High,Dandeli,Adventure,Medium,Karnataka,2.0
Beach,Medium,Shillong,Hill Station,Low,Meghalaya,2.01
Adventure,High,Yadadri,Religious,Low,Telangana,2.0
City Life,High,Manali,Hill Station,Medium,Himachal,2.0
Religious,Low,Nainital,Hill Station,Low,Uttarakhand,2.9
Religious,Low,Varanasi,Religious,High,UP,3.5
Beach,Medium,Ajanta,Historical,Medium,Maharashtra,2.91
Hill Station,Medium,Ooty,Hill Station,High,Tamil Nadu,3.5
Historical,High,Dandeli,Adventure,Low,Karnataka,2.01
Beach,Medium,Gir,Wildlife,Low,Gujarat,2.01
City Life,Medium,Jim Corbett,Wildlife,Medium,Uttarakhand,2.9
Historical,Medium,Leh,Adventure,High,Ladakh,1.41
Wildlife,High,Nalanda,Historical,Medium,Bihar,2.0
Religious,Low,Somnath,Religious,High,Gujarat,3.51
Wildlife,High,Spiti,Adventure,Medium,Himachal,2.01
Historical,Low,Tawang,Adventure,Low,Arunachal,2.9
Religious,Medium,Tawang,Adventure,Low,Arunachal,2.0
Wildlife,Medium,Mumbai,City Life,High,Maharashtra,1.4
City Life,Low,Marina,Beach,Low,Tamil Nadu,2.9
Historical,Low,CP,City Life,Medium,Delhi,1.41
Adventure,High,Manali,Hill Station,High,Himachal,2.9
Religious,Medium,Baga,Beach,High,Goa,1.41
Religious,Medium,Alibaug,Beach,High,Maharashtra,1.41
Hill Station,Low,Nainital,Hill Station,Medium,Uttarakhand,3.5
Wildlife,High,Zulruk,Adventure,Low,Sikkim,2.0
Religious,Medium,CP,City Life,Medium,Delhi,2.91
City Life,High,Varkala,Beach,Low,Kerala,2.01
Beach,Medium,Kaziranga,Wildlife,Medium,Assam,2.9
Historical,High,Leh,Adventure,High,Ladakh,2.91
Adventure,Medium,Gulmarg,Hill Station,Low,Kashmir,2.0
Beach,High,CP,City Life,High,Delhi,2.9
Hill Station,Medium,Hyderabad,City Life,Low,Telangana,2.01
City Life,Medium,Bangalore,City Life,Low,Karnataka,4.11
Beach,Medium,Somnath,Religious,Medium,Gujarat,2.9
Religious,High,Marina,Beach,High,Tamil Nadu,2.91
Adventure,Low,Shillong,Hill Station,Low,Meghalaya,2.91
Religious,Medium,Varanasi,Religious,Medium,UP,5.0
Adventure,Medium,Radhanagar,Beach,High,Andaman,1.4
Wildlife,High,Kolkata,City Life,Medium,West Bengal,2.0
Wildlife,Low,Varkala,Beach,High,Kerala,1.4
Historical,Medium,Dandeli,Adventure,High,Karnataka,1.41
Beach,High,Hampi,Historical,High,Karnataka,2.91
Adventure,High,Hyderabad,City Life,High,Telangana,2.9
Adventure,Low,Radhanagar,Beach,High,Andaman,1.41
Wildlife,High,Rishikesh,Adventure,High,Uttarakhand,2.9
Beach,Low,Gulmarg,Hill Station,High,Kashmir,1.41
Wildlife,Low,CP,City Life,High,Delhi,1.4
Religious,High,Rishikesh,Adventure,High,Uttarakhand,2.91
Adventure,Low,Mumbai,City Life,Medium,Maharashtra,1.41
City Life,Low,Yadadri,Religious,Low,Telangana,2.9
City Life,Low,Nalanda,Historical,Medium,Bihar,1.41
City Life,Medium,Kaziranga,Wildlife,Low,Assam,2.0
Beach,Low,Ranthambore,Wildlife,Medium,Rajasthan,1.41
Adventure,Low,Ooty,Hill Station,High,Tamil Nadu,1.4
City Life,High,Gir,Wildlife,Medium,Gujarat,2.01
Hill Station,High,Yadadri,Religious,High,Telangana,2.9
City Life,Low,Somnath,Religious,Low,Gujarat,2.9
City Life,Low,Bandipur,Wildlife,Low,Karnataka,2.9
Hill Station,Low,Spiti,Adventure,High,Himachal,1.4
Adventure,High,Gangtok,Hill Station,High,Sikkim,2.9
Beach,Low,Red Fort,Historical,Medium,Delhi,1.4
Wildlife,High,Nalanda,Historical,High,Bihar,2.91
Religious,Medium,Nalanda,Historical,High,Bihar,1.4
Historical,High,Puri,Beach,Medium,Odisha,2.01
Adventure,Medium,Manali,Hill Station,Medium,Himachal,2.9
Adventure,High,Marina,Beach,Low,Tamil Nadu,2.01
Hill Station,High,Red Fort,Historical,Medium,Delhi,2.0
City Life,Low,Gangtok,Hill Station,Medium,Sikkim,1.41
Religious,Low,Hampi,Historical,High,Karnataka,1.41
City Life,Medium,Bandipur,Wildlife,Medium,Karnataka,2.91
Hill Station,Medium,Kolkata,City Life,Medium,West Bengal,2.9
Religious,High,Kanha,Wildlife,Low,MP,2.0
Historical,High,Gir,Wildlife,Medium,Gujarat,2.0
Beach,Low,Alibaug,Beach,Medium,Maharashtra,3.51
City Life,Medium,Gangtok,Hill Station,High,Sikkim,1.41
Hill Station,Medium,Gangtok,Hill Station,Low,Sikkim,4.1
City Life,High,Rishikesh,Adventure,High,Uttarakhand,2.9
Adventure,Low,Radhanagar,Beach,High,Andaman,1.41
Beach,High,Ranthambore,Wildlife,Low,Rajasthan,2.0
Religious,High,CP,City Life,Medium,Delhi,2.0
Historical,Low,Marina,Beach,High,Tamil Nadu,1.4
Beach,Medium,Bangalore,City Life,High,Karnataka,1.4
Hill Station,Medium,Red Fort,Historical,Medium,Delhi,2.91
Religious,High,Nainital,Hill Station,Low,Uttarakhand,2.01
Adventure,Low,Varanasi,Religious,Medium,UP,1.4
Religious,High,Puri,Beach,Medium,Odisha,2.0
Wildlife,Medium,Hampi,Historical,Medium,Karnataka,2.91
Hill Station,High,Khajuraho,Historical,Medium,MP,2.0
Wildlife,High,Radhanagar,Beach,High,Andaman,2.91
Religious,Medium,Varkala,Beach,High,Kerala,1.41
Beach,Medium,Amritsar,Religious,Medium,Punjab,2.91
Wildlife,Medium,Gir,Wildlife,Medium,Gujarat,5.0
Wildlife,High,Manali,Hill Station,High,Himachal,2.9
Beach,Medium,Hyderabad,City Life,Low,Telangana,2.0
Beach,Low,Ahmedabad,City Life,Low,Gujarat,2.9
Beach,Low,Madurai,Religious,Medium,Tamil Nadu,1.41
Hill Station,Medium,Ajanta,Historical,Low,Maharashtra,2.01
Wildlife,Low,Dandeli,Adventure,Low,Karnataka,2.91
Wildlife,High,Nainital,Hill Station,Low,Uttarakhand,2.01
Adventure,Medium,Bandipur,Wildlife,Low,Karnataka,2.01
Wildlife,High,Tawang,Adventure,High,Arunachal,2.9
Adventure,High,Gulmarg,Hill Station,High,Kashmir,2.91
Adventure,High,Nainital,Hill Station,Medium,Uttarakhand,2.0
Adventure,Low,Leh,Adventure,Low,Ladakh,5.0
Beach,Low,Ahmedabad,City Life,High,Gujarat,1.4
City Life,High,Gir,Wildlife,Low,Gujarat,2.0
Religious,Medium,Gangtok,Hill Station,High,Sikkim,1.41
Beach,Medium,Baga,Beach,High,Goa,3.5
Beach,High,Mumbai,City Life,High,Maharashtra,2.9
Historical,Medium,Varanasi,Religious,High,UP,1.4
Historical,Medium,Amritsar,Religious,High,Punjab,1.41
Beach,Medium,Jaipur,Historical,Medium,Rajasthan,2.9
Wildlife,Low,Khajuraho,Historical,Medium,MP,1.4
Beach,Medium,Nalanda,Historical,Medium,Bihar,2.91
Wildlife,Low,Baga,Beach,Medium,Goa,1.41
Religious,High,Nalanda,Historical,Low,Bihar,2.0
Hill Station,High,Ooty,Hill Station,Low,Tamil Nadu,4.11
Hill Station,Low,Kanha,Wildlife,High,MP,1.4
City Life,Low,Gangtok,Hill Station,Low,Sikkim,2.9
Adventure,High,Gir,Wildlife,Medium,Gujarat,2.0
Historical,High,Alibaug,Beach,Low,Maharashtra,2.0
Historical,High,Jim Corbett,Wildlife,Medium,Uttarakhand,2.01
Hill Station,High,Marina,Beach,Medium,Tamil Nadu,2.01
Hill Station,Low,Bandipur,Wildlife,High,Karnataka,1.41
Historical,Low,Khajuraho,Historical,High,MP,3.5
City Life,Medium,Nainital,Hill Station,Low,Uttarakhand,2.01
Beach,High,Alibaug,Beach,Medium,Maharashtra,4.1
Hill Station,High,Madurai,Religious,High,Tamil Nadu,2.91
Religious,Low,Radhanagar,Beach,Medium,Andaman,1.41
Adventure,High,Jaipur,Historical,Low,Rajasthan,2.01
Hill Station,High,Mumbai,City Life,Low,Maharashtra,2.01
Hill Station,Low,Varkala,Beach,High,Kerala,1.41
Adventure,High,Hampi,Historical,Low,Karnataka,2.0
Historical,High,Jaipur,Historical,Medium,Rajasthan,4.11
Historical,Low,Hampi,Historical,Medium,Karnataka,3.51
Wildlife,Medium,Manali,Hill Station,Low,Himachal,2.01
Beach,Medium,Jim Corbett,Wildlife,Low,Uttarakhand,2.0
Wildlife,High,Tawang,Adventure,High,Arunachal,2.91
Adventure,Medium,Gulmarg,Hill Station,Medium,Kashmir,2.91
Hill Station,High,Rishikesh,Adventure,High,Uttarakhand,2.9
City Life,High,Varanasi,Religious,Medium,UP,2.0
Beach,Medium,Ajanta,Historical,Low,Maharashtra,2.01
Religious,Low,Yadadri,Religious,Medium,Telangana,3.51
Wildlife,Low,Jaipur,Historical,Medium,Rajasthan,1.4
Religious,High,Marina,Beach,Low,Tamil Nadu,2.01
Adventure,Low,Leh,Adventure,Low,Ladakh,5.0
City Life,Medium,Amritsar,Religious,Low,Punjab,2.01
Adventure,Low,Manali,Hill Station,Medium,Himachal,1.4
Beach,Low,Ajanta,Historical,High,Maharashtra,1.4
Beach,Medium,Nalanda,Historical,Medium,Bihar,2.91
Beach,Low,Bandipur,Wildlife,High,Karnataka,1.4
Religious,High,Kaziranga,Wildlife,High,Assam,2.91
Hill Station,Medium,Nainital,Hill Station,High,Uttarakhand,3.5
Adventure,High,Leh,Adventure,Low,Ladakh,4.1
Adventure,High,Varanasi,Religious,Medium,UP,2.01
Wildlife,Low,Radhanagar,Beach,High,Andaman,1.41
Historical,Medium,Tawang,Adventure,High,Arunachal,1.41
Adventure,Medium,Zulruk,Adventure,High,Sikkim,3.5
Wildlife,Medium,Hyderabad,City Life,Low,Telangana,2.01
City Life,Low,Yadadri,Religious,High,Telangana,1.4
Hill Station,High,Yadadri,Religious,High,Telangana,2.9
Adventure,High,Tawang,Adventure,Medium,Arunachal,4.1
Religious,High,Varkala,Beach,Low,Kerala,2.0
Religious,Medium,Ahmedabad,City Life,High,Gujarat,1.41
Adventure,High,Nalanda,Historical,Low,Bihar,2.0
Wildlife,High,Red Fort,Historical,Medium,Delhi,2.0
Religious,High,Dandeli,Adventure,High,Karnataka,2.9
Adventure,Low,Red Fort,Historical,Low,Delhi,2.9
Religious,Medium,Puri,Beach,Medium,Odisha,2.91
Wildlife,Low,Manali,Hill Station,High,Himachal,1.41
Historical,Low,Mumbai,City Life,Medium,Maharashtra,1.4
Beach,Low,Hyderabad,City Life,High,Telangana,1.41
Wildlife,High,Gir,Wildlife,Low,Gujarat,4.1
City Life,High,Tawang,Adventure,Medium,Arunachal,2.0
Religious,Medium,Somnath,Religious,Low,Gujarat,4.11
Adventure,Low,Kanha,Wildlife,Medium,MP,1.41
Historical,High,Hyderabad,City Life,Medium,Telangana,2.0
Religious,Low,CP,City Life,Low,Delhi,2.9
Historical,High,Red Fort,Historical,Medium,Delhi,4.11
Religious,Low,Alibaug,Beach,Low,Maharashtra,2.91
Beach,Medium,Bodh Gaya,Religious,Low,Bihar,2.0
Beach,High,Madurai,Religious,High,Tamil Nadu,2.91
Hill Station,Medium,Khajuraho,Historical,High,MP,1.41
Beach,Low,Yadadri,Religious,Low,Telangana,2.91
Adventure,Medium,Leh,Adventure,High,Ladakh,3.5
Historical,Low,Jaipur,Historical,High,Rajasthan,3.5
Historical,Low,Dandeli,Adventure,Medium,Karnataka,1.41
Historical,Medium,Bangalore,City Life,Medium,Karnataka,2.9
Beach,High,Bodh Gaya,Religious,High,Bihar,2.91
Beach,High,Hyderabad,City Life,High,Telangana,2.91
Beach,Low,Marina,Beach,High,Tamil Nadu,3.5
Wildlife,Low,Amritsar,Religious,Low,Punjab,2.91
Historical,Medium,Gir,Wildlife,High,Gujarat,1.4
Religious,High,Ranthambore,Wildlife,Low,Rajasthan,2.0
City Life,Low,Khajuraho,Historical,Medium,MP,1.4
City Life,Medium,Ooty,Hill Station,High,Tamil Nadu,1.4
Religious,High,Hyderabad,City Life,Low,Telangana,2.0
City Life,Low,Red Fort,Historical,High,Delhi,1.4
Historical,Medium,Bodh Gaya,Religious,Low,Bihar,2.0
Beach,Low,Bandipur,Wildlife,High,Karnataka,1.4
Adventure,Medium,Ajanta,Historical,High,Maharashtra,1.4
Religious,Low,Radhanagar,Beach,Medium,Andaman,1.4
Adventure,Low,Varanasi,Religious,Low,UP,2.9
City Life,Medium,Baga,Beach,Low,Goa,2.01
Adventure,High,Madurai,Religious,Medium,Tamil Nadu,2.0
City Life,Low,Zulruk,Adventure,High,Sikkim,1.41
Beach,Low,Puri,Beach,Low,Odisha,5.0
Hill Station,Low,Bangalore,City Life,High,Karnataka,1.41
Religious,Low,Gir,Wildlife,Low,Gujarat,2.9
Hill Station,Low,Hyderabad,City Life,Low,Telangana,2.91
Hill Station,High,Bandipur,Wildlife,Medium,Karnataka,2.01
Adventure,Low,Ahmedabad,City Life,Low,Gujarat,2.9
Religious,High,Varanasi,Religious,High,UP,5.0
Religious,Medium,Red Fort,Historical,Medium,Delhi,2.9
Adventure,Medium,Bangalore,City Life,Medium,Karnataka,2.91
Wildlife,Low,Gir,Wildlife,High,Gujarat,3.51
Adventure,Medium,Tawang,Adventure,High,Arunachal,3.5
Historical,Low,Bodh Gaya,Religious,Low,Bihar,2.91
Hill Station,Low,Mumbai,City Life,Medium,Maharashtra,1.4
Adventure,High,Ooty,Hill Station,Medium,Tamil Nadu,2.0
Beach,Low,Somnath,Religious,High,Gujarat,1.4
Hill Station,Low,Gangtok,Hill Station,High,Sikkim,3.5
Adventure,Low,Madurai,Religious,Medium,Tamil Nadu,1.41
Wildlife,Low,Bangalore,City Life,Medium,Karnataka,1.4
Hill Station,Medium,CP,City Life,High,Delhi,1.4
City Life,High,Bangalore,City Life,High,Karnataka,5.0
Religious,High,Hampi,Historical,Low,Karnataka,2.01
Adventure,High,Puri,Beach,Medium,Odisha,2.01
Religious,Medium,Jim Corbett,Wildlife,High,Uttarakhand,1.4
Religious,Medium,Radhanagar,Beach,Medium,Andaman,2.9
Hill Station,Medium,Marina,Beach,High,Tamil Nadu,1.4
Religious,High,Radhanagar,Beach,Low,Andaman,2.01
Wildlife,Low,Puri,Beach,Low,Odisha,2.91
City Life,Medium,Gir,Wildlife,Low,Gujarat,2.01
Religious,Medium,Gulmarg,Hill Station,High,Kashmir,1.41
City Life,Low,Bodh Gaya,Religious,Low,Bihar,2.91
Religious,Low,Jaipur,Historical,High,Rajasthan,1.41
Wildlife,High,Baga,Beach,Medium,Goa,2.0
Historical,High,Ooty,Hill Station,Low,Tamil Nadu,2.01
Religious,Medium,Varkala,Beach,Low,Kerala,2.01
Religious,High,Ahmedabad,City Life,Medium,Gujarat,2.0
Historical,High,Varanasi,Religious,High,UP,2.9
Beach,High,Leh,Adventure,Low,Ladakh,2.0
Beach,Medium,Madurai,Religious,Medium,Tamil Nadu,2.91
Religious,Medium,Mumbai,City Life,Medium,Maharashtra,2.9
City Life,Medium,Ajanta,Historical,High,Maharashtra,1.41
Hill Station,High,Jim Corbett,Wildlife,Low,Uttarakhand,2.0
Historical,Medium,Baga,Beach,High,Goa,1.4
City Life,High,Bandipur,Wildlife,High,Karnataka,2.91
Hill Station,Low,Puri,Beach,Medium,Odisha,1.4
Hill Station,Medium,Somnath,Religious,Medium,Gujarat,2.9
Historical,High,Hyderabad,City Life,Medium,Telangana,2.01
Historical,High,Gulmarg,Hill Station,Low,Kashmir,2.01
Hill Station,Medium,Amritsar,Religious,Low,Punjab,2.0
Historical,High,Yadadri,Religious,High,Telangana,2.91
Wildlife,Medium,Jim Corbett,Wildlife,Low,Uttarakhand,4.1
Religious,Low,Kolkata,City Life,Medium,West Bengal,1.4
Beach,Low,Somnath,Religious,Low,Gujarat,2.91
City Life,High,Hyderabad,City Life,Medium,Telangana,4.1
City Life,Medium,Kanha,Wildlife,High,MP,1.4
Historical,Medium,Alibaug,Beach,High,Maharashtra,1.4
Adventure,Medium,Kanha,Wildlife,High,MP,1.41
City Life,Low,Ajanta,Historical,Low,Maharashtra,2.9
Religious,Low,Ooty,Hill Station,Medium,Tamil Nadu,1.4
Hill Station,Medium,Khajuraho,Historical,Medium,MP,2.91
Beach,Low,Gulmarg,Hill Station,Low,Kashmir,2.9
City Life,Low,Radhanagar,Beach,Medium,Andaman,1.4
City Life,Low,Dandeli,Adventure,Medium,Karnataka,1.41
City Life,High,Nainital,Hill Station,Medium,Uttarakhand,2.01
Wildlife,High,Jim Corbett,Wildlife,High,Uttarakhand,5.0
Religious,Low,Jaipur,Historical,High,Rajasthan,1.41
Religious,High,Gulmarg,Hill Station,High,Kashmir,2.91
Adventure,High,Leh,Adventure,High,Ladakh,5.0
Historical,Medium,Alibaug,Beach,Medium,Maharashtra,2.91
Beach,Medium,CP,City Life,Medium,Delhi,2.9
Wildlife,Low,CP,City Life,Medium,Delhi,1.41
City Life,High,Varanasi,Religious,High,UP,2.9
Wildlife,Low,Hyderabad,City Life,High,Telangana,1.4
Hill Station,Low,Gir,Wildlife,Medium,Gujarat,1.41
Adventure,Medium,Jim Corbett,Wildlife,Low,Uttarakhand,2.0
Hill Station,Medium,Ahmedabad,City Life,Medium,Gujarat,2.9
Wildlife,High,Baga,Beach,Low,Goa,2.01
Beach,Low,Dandeli,Adventure,Low,Karnataka,2.9
Historical,Low,Puri,Beach,High,Odisha,1.41
City Life,Medium,Kaziranga,Wildlife,High,Assam,1.4
Adventure,Low,Amritsar,Religious,Medium,Punjab,1.41
Hill Station,Medium,Bodh Gaya,Religious,Low,Bihar,2.0
City Life,Low,Spiti,Adventure,Medium,Himachal,1.41
Historical,High,Spiti,Adventure,Low,Himachal,2.01
Religious,Medium,Varanasi,Religious,Medium,UP,5.0
Hill Station,High,Jim Corbett,Wildlife,Low,Uttarakhand,2.0
Hill Station,Medium,Jaipur,Historical,Medium,Rajasthan,2.91
Religious,High,Kolkata,City Life,Low,West Bengal,2.01
Historical,Low,Alibaug,Beach,Low,Maharashtra,2.91
City Life,Medium,Gir,Wildlife,High,Gujarat,1.4
Historical,High,Puri,Beach,Medium,Odisha,2.0
Beach,Low,Somnath,Religious,Medium,Gujarat,1.41
Religious,Low,Rishikesh,Adventure,Low,Uttarakhand,2.91
Hill Station,High,CP,City Life,High,Delhi,2.9
Religious,Medium,Red Fort,Historical,High,Delhi,1.4
Adventure,Low,Somnath,Religious,High,Gujarat,1.41
Historical,Low,Alibaug,Beach,Medium,Maharashtra,1.4
Hill Station,High,Bodh Gaya,Religious,Low,Bihar,2.0
Hill Station,Medium,Baga,Beach,Low,Goa,2.01
Adventure,Low,Mumbai,City Life,Medium,Maharashtra,1.41
Beach,Low,Rishikesh,Adventure,Low,Uttarakhand,2.9
Adventure,Medium,Spiti,Adventure,Low,Himachal,4.11
Adventure,High,Gangtok,Hill Station,High,Sikkim,2.91
City Life,High,Gangtok,Hill Station,Low,Sikkim,2.01
Wildlife,Medium,Hyderabad,City Life,High,Telangana,1.4
Hill Station,Medium,Gir,Wildlife,Low,Gujarat,2.0
Hill Station,Low,Shillong,Hill Station,Low,Meghalaya,5.0
Religious,Medium,Puri,Beach,Low,Odisha,2.01
Hill Station,Low,Spiti,Adventure,Medium,Himachal,1.41
Religious,Medium,Nainital,Hill Station,High,Uttarakhand,1.4
Wildlife,Medium,Mumbai,City Life,Low,Maharashtra,2.01
Wildlife,High,Bandipur,Wildlife,High,Karnataka,5.0
City Life,Low,CP,City Life,High,Delhi,3.51
Wildlife,Low,Madurai,Religious,Low,Tamil Nadu,2.91
Beach,High,Nalanda,Historical,High,Bihar,2.91
City Life,Medium,Varanasi,Religious,Low,UP,2.01
Wildlife,Low,Gangtok,Hill Station,Low,Sikkim,2.9
Historical,Low,Alibaug,Beach,Medium,Maharashtra,1.41
Adventure,Low,Amritsar,Religious,Low,Punjab,2.9
City Life,Low,Radhanagar,Beach,Low,Andaman,2.9
City Life,Medium,Amritsar,Religious,Medium,Punjab,2.91
Adventure,High,Shillong,Hill Station,Medium,Meghalaya,2.01
Historical,Low,Jim Corbett,Wildlife,Low,Uttarakhand,2.91
City Life,Medium,Hampi,Historical,High,Karnataka,1.4
Beach,High,Ranthambore,Wildlife,High,Rajasthan,2.91
City Life,High,Gulmarg,Hill Station,Medium,Kashmir,2.0
City Life,Low,Puri,Beach,Low,Odisha,2.91
Adventure,Medium,CP,City Life,Low,Delhi,2.0
Historical,High,Ranthambore,Wildlife,Medium,Rajasthan,2.01
Beach,High,Nainital,Hill Station,Low,Uttarakhand,2.0
Religious,Medium,Nainital,Hill Station,Low,Uttarakhand,2.0
Historical,Medium,Spiti,Adventure,Low,Himachal,2.0
Hill Station,Medium,Mumbai,City Life,Medium,Maharashtra,2.9
Hill Station,Low,Bodh Gaya,Religious,High,Bihar,1.41
City Life,Low,Baga,Beach,Low,Goa,2.91
Wildlife,Medium,Gir,Wildlife,Medium,Gujarat,5.0
Religious,High,Jaipur,Historical,Low,Rajasthan,2.01
Beach,Low,Hampi,Historical,High,Karnataka,1.4
Religious,Medium,Rishikesh,Adventure,Low,Uttarakhand,2.01
Historical,Medium,Kolkata,City Life,Low,West Bengal,2.0
Beach,Low,Mumbai,City Life,Medium,Maharashtra,1.4
Hill Station,Low,Gir,Wildlife,Low,Gujarat,2.9
Historical,Low,Radhanagar,Beach,High,Andaman,1.41
Religious,Low,Bandipur,Wildlife,High,Karnataka,1.41
Wildlife,High,Kaziranga,Wildlife,Medium,Assam,4.11
City Life,Medium,Gir,Wildlife,Low,Gujarat,2.0
Hill Station,High,Bandipur,Wildlife,High,Karnataka,2.9
Wildlife,Low,Manali,Hill Station,Low,Himachal,2.9
Adventure,High,Spiti,Adventure,High,Himachal,5.0
Wildlife,Low,Yadadri,Religious,Medium,Telangana,1.41
Beach,Low,Yadadri,Religious,High,Telangana,1.41
Religious,High,Ranthambore,Wildlife,High,Rajasthan,2.91
Hill Station,High,Dandeli,Adventure,High,Karnataka,2.9
Hill Station,High,Ranthambore,Wildlife,High,Rajasthan,2.9
Adventure,Low,Amritsar,Religious,Low,Punjab,2.91
City Life,Medium,Bodh Gaya,Religious,Medium,Bihar,2.91
Religious,Low,Jim Corbett,Wildlife,Low,Uttarakhand,2.91
Adventure,High,CP,City Life,Low,Delhi,2.01
Adventure,Medium,Yadadri,Religious,High,Telangana,1.41
Wildlife,High,Khajuraho,Historical,High,MP,2.9
Beach,High,Zulruk,Adventure,Low,Sikkim,2.0
Wildlife,Medium,Gulmarg,Hill Station,High,Kashmir,1.41
City Life,Medium,Red Fort,Historical,Low,Delhi,2.0
Wildlife,Low,Yadadri,Religious,Low,Telangana,2.91
Beach,Medium,Radhanagar,Beach,Low,Andaman,4.11
Religious,Medium,CP,City Life,Medium,Delhi,2.91
Wildlife,High,Manali,Hill Station,Low,Himachal,2.0
Wildlife,Low,Nalanda,Historical,Medium,Bihar,1.41
Religious,Low,Varanasi,Religious,High,UP,3.5
Adventure,Low,Kanha,Wildlife,Medium,MP,1.41
Beach,High,Dandeli,Adventure,Low,Karnataka,2.0
Adventure,Low,Marina,Beach,Low,Tamil Nadu,2.9
City Life,Low,Zulruk,Adventure,High,Sikkim,1.4
Adventure,Medium,Gulmarg,Hill Station,Medium,Kashmir,2.9
Wildlife,Low,Gir,Wildlife,High,Gujarat,3.5
Wildlife,High,Mumbai,City Life,High,Maharashtra,2.91
Beach,Low,Nalanda,Historical,Low,Bihar,2.91
Wildlife,Medium,Dandeli,Adventure,Low,Karnataka,2.01
Beach,High,Gangtok,Hill Station,High,Sikkim,2.91
Beach,Low,Ajanta,Historical,High,Maharashtra,1.4
Hill Station,High,Mumbai,City Life,Medium,Maharashtra,2.0
Hill Station,Low,Madurai,Religious,Medium,Tamil Nadu,1.41
Beach,Medium,Tawang,Adventure,Low,Arunachal,2.0
Religious,High,Nainital,Hill Station,Medium,Uttarakhand,2.0
Hill Station,High,Gulmarg,Hill Station,High,Kashmir,5.0
Adventure,High,Gir,Wildlife,Medium,Gujarat,2.0
City Life,Low,Tawang,Adventure,Low,Arunachal,2.91
Beach,High,Ooty,Hill Station,High,Tamil Nadu,2.91
Adventure,Low,Nainital,Hill Station,High,Uttarakhand,1.4
Wildlife,Low,Mumbai,City Life,High,Maharashtra,1.41
City Life,Low,Gir,Wildlife,Medium,Gujarat,1.4
City Life,High,Gangtok,Hill Station,High,Sikkim,2.91
City Life,Low,Bangalore,City Life,Low,Karnataka,5.0
Wildlife,Low,Hampi,Historical,Low,Karnataka,2.91
Religious,Low,Kaziranga,Wildlife,Low,Assam,2.9
City Life,Low,Nalanda,Historical,High,Bihar,1.41
Wildlife,Medium,Jim Corbett,Wildlife,High,Uttarakhand,3.51
City Life,Medium,Mumbai,City Life,Low,Maharashtra,4.11
Historical,High,Hampi,Historical,Medium,Karnataka,4.1
Historical,Medium,Madurai,Religious,Low,Tamil Nadu,2.01
Wildlife,Low,Ajanta,Historical,Low,Maharashtra,2.91
Religious,Medium,Bandipur,Wildlife,Medium,Karnataka,2.9
Wildlife,High,Ranthambore,Wildlife,Low,Rajasthan,4.1
Beach,Medium,Gulmarg,Hill Station,Medium,Kashmir,2.9
Religious,Medium,Gir,Wildlife,Low,Gujarat,2.0
Beach,High,Khajuraho,Historical,Low,MP,2.01
Hill Station,Medium,Gulmarg,Hill Station,Low,Kashmir,4.1
Hill Station,Low,Puri,Beach,High,Odisha,1.41
Historical,Low,Ajanta,Historical,Low,Maharashtra,5.0
Wildlife,Low,CP,City Life,Medium,Delhi,1.41
Historical,High,Rishikesh,Adventure,Low,Uttarakhand,2.0
Hill Station,High,Dandeli,Adventure,Medium,Karnataka,2.0
Adventure,Medium,Mumbai,City Life,Medium,Maharashtra,2.9
Historical,High,Bodh Gaya,Religious,Low,Bihar,2.0
Adventure,Medium,Red Fort,Historical,High,Delhi,1.4
Adventure,High,Jim Corbett,Wildlife,Low,Uttarakhand,2.0
Wildlife,Medium,Varanasi,Religious,Low,UP,2.01
City Life,High,Kanha,Wildlife,Low,MP,2.0
Historical,High,Zulruk,Adventure,High,Sikkim,2.9
Beach,Low,Khajuraho,Historical,Medium,MP,1.41
Hill Station,Low,Bandipur,Wildlife,Medium,Karnataka,1.4
City Life,High,Spiti,Adventure,Low,Himachal,2.0
Historical,Medium,Red Fort,Historical,Low,Delhi,4.11
Hill Station,Medium,Bodh Gaya,Religious,Low,Bihar,2.01
Beach,High,Rishikesh,Adventure,Medium,Uttarakhand,2.01
City Life,High,Khajuraho,Historical,High,MP,2.9
Religious,Medium,Ooty,Hill Station,High,Tamil Nadu,1.4
City Life,Medium,Nainital,Hill Station,High,Uttarakhand,1.4
Adventure,High,Nainital,Hill Station,Medium,Uttarakhand,2.01
Historical,Low,Marina,Beach,Medium,Tamil Nadu,1.41
Hill Station,Low,Ooty,Hill Station,Low,Tamil Nadu,5.0
Historical,Medium,Gir,Wildlife,Medium,Gujarat,2.91
Hill Station,Low,Leh,Adventure,Low,Ladakh,2.9
Hill Station,Low,CP,City Life,Medium,Delhi,1.4
Hill Station,High,Puri,Beach,Medium,Odisha,2.0
Wildlife,Low,Gir,Wildlife,Low,Gujarat,5.0
Historical,Medium,Shillong,Hill Station,High,Meghalaya,1.4
Wildlife,Low,Nainital,Hill Station,Medium,Uttarakhand,1.41
Beach,Medium,Ajanta,Historical,Medium,Maharashtra,2.9
Wildlife,Medium,Zulruk,Adventure,Low,Sikkim,2.01
Historical,Medium,Gulmarg,Hill Station,Low,Kashmir,2.01
Hill Station,High,Amritsar,Religious,High,Punjab,2.91
Beach,Low,Hampi,Historical,High,Karnataka,1.4
Beach,Medium,Alibaug,Beach,Medium,Maharashtra,5.0
Hill Station,Low,CP,City Life,Low,Delhi,2.9
Adventure,Low,Nalanda,Historical,High,Bihar,1.41
Adventure,Medium,Kaziranga,Wildlife,High,Assam,1.41
Adventure,Low,Nainital,Hill Station,High,Uttarakhand,1.41
Hill Station,High,Khajuraho,Historical,Medium,MP,2.0
Adventure,Medium,Rishikesh,Adventure,Medium,Uttarakhand,5.0
City Life,Medium,Gulmarg,Hill Station,High,Kashmir,1.41
Beach,Low,Hyderabad,City Life,Low,Telangana,2.91
Beach,Medium,Gulmarg,Hill Station,Medium,Kashmir,2.9
Historical,High,Gangtok,Hill Station,Medium,Sikkim,2.0
Beach,Medium,Madurai,Religious,High,Tamil Nadu,1.4
Wildlife,Low,Kanha,Wildlife,Low,MP,5.0
Beach,Medium,Khajuraho,Historical,High,MP,1.41
Adventure,Low,Leh,Adventure,Medium,Ladakh,3.5
Hill Station,High,Yadadri,Religious,High,Telangana,2.91
Hill Station,High,Hyderabad,City Life,Low,Telangana,2.0
Wildlife,Low,Leh,Adventure,Medium,Ladakh,1.4
Wildlife,High,Rishikesh,Adventure,Medium,Uttarakhand,2.0
Adventure,Medium,Zulruk,Adventure,High,Sikkim,3.51
Historical,Medium,Tawang,Adventure,High,Arunachal,1.41
City Life,Low,Hyderabad,City Life,High,Telangana,3.51
Wildlife,Medium,Ranthambore,Wildlife,Low,Rajasthan,4.11
Historical,Medium,Shillong,Hill Station,Low,Meghalaya,2.01
Hill Station,Low,Gulmarg,Hill Station,Medium,Kashmir,3.5
Religious,High,Varanasi,Religious,High,UP,5.0
Historical,Low,Nainital,Hill Station,Low,Uttarakhand,2.9
Historical,Medium,Varanasi,Religious,Medium,UP,2.9
Religious,High,Dandeli,Adventure,Medium,Karnataka,2.01
Adventure,Medium,Kolkata,City Life,Low,West Bengal,2.01
Adventure,Medium,Ahmedabad,City Life,High,Gujarat,1.41
City Life,Medium,Bandipur,Wildlife,High,Karnataka,1.41
Beach,High,Bodh Gaya,Religious,Medium,Bihar,2.0
Adventure,Medium,Madurai,Religious,Medium,Tamil Nadu,2.9
Hill Station,Medium,Baga,Beach,Low,Goa,2.01
Beach,High,Mumbai,City Life,High,Maharashtra,2.91
Hill Station,High,Spiti,Adventure,Low,Himachal,2.01
Adventure,Medium,Varkala,Beach,Medium,Kerala,2.9
Adventure,High,Bangalore,City Life,Medium,Karnataka,2.01
Historical,High,Varanasi,Religious,Low,UP,2.0
Hill Station,Low,Radhanagar,Beach,Medium,Andaman,1.41
Religious,Low,Rishikesh,Adventure,Low,Uttarakhand,2.9
Religious,Low,Gulmarg,Hill Station,Low,Kashmir,2.91
Wildlife,Low,Varanasi,Religious,Low,UP,2.9
Religious,Low,Kaziranga,Wildlife,Medium,Assam,1.41
Hill Station,Medium,Radhanagar,Beach,Low,Andaman,2.01
City Life,High,Gulmarg,Hill Station,Medium,Kashmir,2.01
Religious,Medium,Gangtok,Hill Station,Medium,Sikkim,2.91
City Life,Low,Leh,Adventure,Medium,Ladakh,1.4
Historical,Medium,Ajanta,Historical,Medium,Maharashtra,5.0
Adventure,Low,Madurai,Religious,Medium,Tamil Nadu,1.41
Beach,Low,Ooty,Hill Station,Low,Tamil Nadu,2.91
Wildlife,Low,Yadadri,Religious,Low,Telangana,2.91
City Life,Low,Gir,Wildlife,High,Gujarat,1.41
Religious,Medium,Hampi,Historical,Low,Karnataka,2.01
Beach,High,Rishikesh,Adventure,Medium,Uttarakhand,2.0
Beach,Medium,Gulmarg,Hill Station,High,Kashmir,1.41
City Life,Medium,Ajanta,Historical,Medium,Maharashtra,2.91
Historical,High,Jim Corbett,Wildlife,Low,Uttarakhand,2.0
Beach,Medium,Amritsar,Religious,Medium,Punjab,2.91
Historical,Medium,Nalanda,Historical,Low,Bihar,4.1
Religious,Medium,Manali,Hill Station,High,Himachal,1.41
Wildlife,Medium,Bodh Gaya,Religious,High,Bihar,1.4
Hill Station,High,Marina,Beach,Medium,Tamil Nadu,2.0
Hill Station,Medium,Ahmedabad,City Life,Low,Gujarat,2.0
Adventure,Low,Ooty,Hill Station,High,Tamil Nadu,1.4
City Life,Low,Yadadri,Religious,Medium,Telangana,1.41
Hill Station,Low,Gulmarg,Hill Station,Low,Kashmir,5.0
Beach,Low,Hampi,Historical,Low,Karnataka,2.9
Adventure,Low,Manali,Hill Station,Medium,Himachal,1.41
Beach,Medium,Yadadri,Religious,High,Telangana,1.41
Wildlife,High,Kaziranga,Wildlife,Medium,Assam,4.11
Wildlife,Low,Madurai,Religious,High,Tamil Nadu,1.4
Historical,Low,Baga,Beach,Low,Goa,2.91
Adventure,High,Amritsar,Religious,High,Punjab,2.91
City Life,Low,Marina,Beach,High,Tamil Nadu,1.41
City Life,High,Shillong,Hill Station,Low,Meghalaya,2.01
City Life,Low,Kaziranga,Wildlife,Low,Assam,2.9
Religious,Low,Bodh Gaya,Religious,Medium,Bihar,3.51
Hill Station,Medium,Puri,Beach,Medium,Odisha,2.91
Hill Station,Medium,Somnath,Religious,High,Gujarat,1.41
Historical,High,Red Fort,Historical,High,Delhi,5.0
Beach,High,Kanha,Wildlife,Medium,MP,2.0
Religious,Low,Jaipur,Historical,High,Rajasthan,1.4
Wildlife,Low,Gangtok,Hill Station,Medium,Sikkim,1.41
Hill Station,High,Mumbai,City Life,Low,Maharashtra,2.01
Hill Station,High,Gulmarg,Hill Station,Medium,Kashmir,4.11
City Life,High,Somnath,Religious,High,Gujarat,2.9
City Life,Low,Spiti,Adventure,High,Himachal,1.4
Wildlife,High,Kaziranga,Wildlife,High,Assam,5.0
Hill Station,High,Ajanta,Historical,Low,Maharashtra,2.01
Beach,Medium,Alibaug,Beach,Low,Maharashtra,4.1
City Life,Medium,Ajanta,Historical,High,Maharashtra,1.4
City Life,Medium,Puri,Beach,Low,Odisha,2.0
Religious,Low,Spiti,Adventure,Low,Himachal,2.91
Adventure,Medium,Tawang,Adventure,Medium,Arunachal,5.0
Historical,Low,Bandipur,Wildlife,Medium,Karnataka,1.4
City Life,High,Gangtok,Hill Station,High,Sikkim,2.91
Historical,High,Madurai,Religious,High,Tamil Nadu,2.91
Beach,Low,Varkala,Beach,Medium,Kerala,3.51
Beach,Medium,Madurai,Religious,High,Tamil Nadu,1.4
Religious,Medium,Ajanta,Historical,Low,Maharashtra,2.01
Beach,High,Kanha,Wildlife,High,MP,2.91
Adventure,Medium,Khajuraho,Historical,High,MP,1.41
Religious,Low,Hampi,Historical,High,Karnataka,1.41
Historical,Medium,Gulmarg,Hill Station,Medium,Kashmir,2.91
Hill Station,High,Alibaug,Beach,Low,Maharashtra,2.01
City Life,Low,Gangtok,Hill Station,High,Sikkim,1.4
Wildlife,Low,Amritsar,Religious,High,Punjab,1.41
Adventure,Low,Jaipur,Historical,Medium,Rajasthan,1.4
Religious,Medium,Dandeli,Adventure,Medium,Karnataka,2.9
Adventure,High,Marina,Beach,Medium,Tamil Nadu,2.0
Religious,High,Ahmedabad,City Life,Medium,Gujarat,2.01
Wildlife,Low,Ooty,Hill Station,High,Tamil Nadu,1.4
City Life,Low,Spiti,Adventure,Low,Himachal,2.9
City Life,Low,Baga,Beach,Low,Goa,2.91
City Life,Medium,Red Fort,Historical,Medium,Delhi,2.91
Wildlife,High,Varanasi,Religious,High,UP,2.9
Beach,Medium,Alibaug,Beach,High,Maharashtra,3.5
City Life,High,Puri,Beach,Medium,Odisha,2.0
Hill Station,Medium,Zulruk,Adventure,High,Sikkim,1.41
City Life,Medium,Zulruk,Adventure,Medium,Sikkim,2.9
Wildlife,Medium,Radhanagar,Beach,High,Andaman,1.4
Beach,High,Varanasi,Religious,Low,UP,2.0
Religious,Medium,Bangalore,City Life,Low,Karnataka,2.0
City Life,Low,Bodh Gaya,Religious,Low,Bihar,2.9
Religious,Medium,Rishikesh,Adventure,Low,Uttarakhand,2.01
City Life,Low,Ranthambore,Wildlife,Low,Rajasthan,2.9
Wildlife,High,Baga,Beach,Low,Goa,2.0
Historical,High,Ooty,Hill Station,High,Tamil Nadu,2.9
Adventure,High,Radhanagar,Beach,High,Andaman,2.9
Wildlife,Low,Gangtok,Hill Station,Low,Sikkim,2.91
Wildlife,Medium,Kolkata,City Life,Low,West Bengal,2.01
City Life,Medium,Spiti,Adventure,Medium,Himachal,2.91
City Life,Medium,Varanasi,Religious,High,UP,1.41
City Life,High,Dandeli,Adventure,High,Karnataka,2.9
Historical,Medium,Red Fort,Historical,Medium,Delhi,5.0
Historical,High,Bodh Gaya,Religious,Low,Bihar,2.01
Adventure,High,Leh,Adventure,High,Ladakh,5.0
Religious,High,Gulmarg,Hill Station,Low,Kashmir,2.01
City Life,High,Nalanda,Historical,High,Bihar,2.91
City Life,High,Shillong,Hill Station,Low,Meghalaya,2.01
Historical,Medium,Nalanda,Historical,Low,Bihar,4.11
City Life,High,Gangtok,Hill Station,Low,Sikkim,2.01
Historical,Medium,Nalanda,Historical,Medium,Bihar,5.0
Adventure,Medium,Red Fort,Historical,Low,Delhi,2.0
Adventure,High,Tawang,Adventure,Medium,Arunachal,4.11
Religious,High,Jaipur,Historical,Low,Rajasthan,2.0
City Life,Medium,Hampi,Historical,High,Karnataka,1.4
Wildlife,Low,Mumbai,City Life,Medium,Maharashtra,1.41
Historical,Low,Nainital,Hill Station,Low,Uttarakhand,2.9
Historical,Medium,Ooty,Hill Station,Low,Tamil Nadu,2.0
Wildlife,Medium,Gir,Wildlife,High,Gujarat,3.5
Religious,Low,Mumbai,City Life,Low,Maharashtra,2.91
Wildlife,High,Bodh Gaya,Religious,Low,Bihar,2.0
Religious,Medium,Ranthambore,Wildlife,High,Rajasthan,1.4
Historical,Medium,Red Fort,Historical,High,Delhi,3.5
Adventure,Low,Gulmarg,Hill Station,Low,Kashmir,2.91
Hill Station,Medium,Mumbai,City Life,Medium,Maharashtra,2.91
Historical,Low,Alibaug,Beach,Medium,Maharashtra,1.4
Wildlife,Medium,Gir,Wildlife,High,Gujarat,3.5
Historical,High,Yadadri,Religious,Medium,Telangana,2.01
City Life,Low,Somnath,Religious,Medium,Gujarat,1.4
City Life,High,Kolkata,City Life,Medium,West Bengal,4.11
Hill Station,Low,Kaziranga,Wildlife,Medium,Assam,1.4
City Life,High,Jaipur,Historical,Medium,Rajasthan,2.0
Historical,Low,Khajuraho,Historical,Medium,MP,3.51
Historical,High,Alibaug,Beach,Medium,Maharashtra,2.01
Wildlife,Medium,Puri,Beach,Medium,Odisha,2.91
Hill Station,Medium,Baga,Beach,High,Goa,1.41
Hill Station,Medium,Amritsar,Religious,Low,Punjab,2.0
Hill Station,High,CP,City Life,High,Delhi,2.91
Wildlife,Medium,Somnath,Religious,High,Gujarat,1.41
Wildlife,Medium,Kaziranga,Wildlife,Medium,Assam,5.0
Religious,Low,Shillong,Hill Station,Medium,Meghalaya,1.4
City Life,Medium,Varanasi,Religious,High,UP,1.4
Wildlife,Low,Varanasi,Religious,High,UP,1.41
Wildlife,Medium,Bandipur,Wildlife,High,Karnataka,3.51
Adventure,High,Rishikesh,Adventure,Low,Uttarakhand,4.1
Hill Station,Low,Yadadri,Religious,Medium,Telangana,1.41
Historical,High,Puri,Beach,Low,Odisha,2.0
Religious,High,Tawang,Adventure,Medium,Arunachal,2.0
Religious,Medium,Dandeli,Adventure,Medium,Karnataka,2.91
Hill Station,Medium,Varkala,Beach,Low,Kerala,2.0
Wildlife,Low,Nalanda,Historical,High,Bihar,1.41
Beach,Low,Gulmarg,Hill Station,Medium,Kashmir,1.41
Beach,Low,Puri,Beach,Low,Odisha,5.0
Adventure,Low,Gangtok,Hill Station,High,Sikkim,1.41
Religious,Medium,Leh,Adventure,High,Ladakh,1.41
City Life,Low,Red Fort,Historical,Low,Delhi,2.91
Hill Station,High,CP,City Life,High,Delhi,2.91
City Life,Medium,Dandeli,Adventure,Medium,Karnataka,2.9
Beach,Medium,Jim Corbett,Wildlife,High,Uttarakhand,1.41
Hill Station,Low,Somnath,Religious,High,Gujarat,1.4
Beach,Medium,Zulruk,Adventure,Medium,Sikkim,2.91
Adventure,High,Gangtok,Hill Station,High,Sikkim,2.91
Hill Station,Medium,Spiti,Adventure,Medium,Himachal,2.9
Wildlife,High,Kolkata,City Life,Low,West Bengal,2.01
Beach,High,Puri,Beach,Medium,Odisha,4.11
Adventure,Low,Mumbai,City Life,Medium,Maharashtra,1.41
Hill Station,Medium,Ajanta,Historical,Low,Maharashtra,2.01
Historical,Low,Hyderabad,City Life,Low,Telangana,2.91
Beach,High,Gir,Wildlife,High,Gujarat,2.91
Beach,High,Leh,Adventure,Medium,Ladakh,2.01
City Life,Medium,Varkala,Beach,Medium,Kerala,2.91
Adventure,Medium,Puri,Beach,High,Odisha,1.4
Religious,Low,Rishikesh,Adventure,High,Uttarakhand,1.4
City Life,High,Ajanta,Historical,Low,Maharashtra,2.01
Hill Station,Medium,Amritsar,Religious,Low,Punjab,2.0
Hill Station,High,Varanasi,Religious,Low,UP,2.01
Adventure,High,Nainital,Hill Station,Low,Uttarakhand,2.0
City Life,High,Kaziranga,Wildlife,High,Assam,2.9
Beach,High,CP,City Life,Low,Delhi,2.0
Beach,Medium,Hyderabad,City Life,High,Telangana,1.4
City Life,Low,Manali,Hill Station,High,Himachal,1.41
City Life,High,Baga,Beach,Low,Goa,2.01
Religious,Medium,Bodh Gaya,Religious,Medium,Bihar,5.0
City Life,Medium,Spiti,Adventure,High,Himachal,1.4
Wildlife,Medium,Tawang,Adventure,Medium,Arunachal,2.9
Historical,Medium,Ajanta,Historical,Low,Maharashtra,4.11
City Life,Medium,Bodh Gaya,Religious,Medium,Bihar,2.9
Beach,Low,Leh,Adventure,Low,Ladakh,2.91
Religious,Medium,Madurai,Religious,Low,Tamil Nadu,4.11
Beach,Medium,Zulruk,Adventure,High,Sikkim,1.4
Adventure,Low,Ahmedabad,City Life,High,Gujarat,1.41
Adventure,High,CP,City Life,High,Delhi,2.9
Hill Station,Low,Amritsar,Religious,High,Punjab,1.4
City Life,Medium,Jim Corbett,Wildlife,Low,Uttarakhand,2.01
Beach,High,Hyderabad,City Life,Medium,Telangana,2.01
Hill Station,Medium,Gir,Wildlife,Medium,Gujarat,2.9
Religious,Low,Gir,Wildlife,Medium,Gujarat,1.41
Wildlife,High,Radhanagar,Beach,High,Andaman,2.91
Hill Station,Low,Bodh Gaya,Religious,Low,Bihar,2.9
Beach,Low,Gir,Wildlife,High,Gujarat,1.4
Wildlife,High,Khajuraho,Historical,Medium,MP,2.0
Wildlife,Low,Spiti,Adventure,Medium,Himachal,1.41
Hill Station,Medium,Bodh Gaya,Religious,Medium,Bihar,2.9
Wildlife,Low,Jaipur,Historical,High,Rajasthan,1.41
Adventure,Low,Ahmedabad,City Life,Medium,Gujarat,1.41
City Life,Low,Kolkata,City Life,High,West Bengal,3.51
Historical,High,Somnath,Religious,Low,Gujarat,2.01
Religious,Medium,Varkala,Beach,Medium,Kerala,2.9
Religious,High,Bangalore,City Life,Low,Karnataka,2.01
Wildlife,Medium,Amritsar,Religious,Medium,Punjab,2.91
City Life,Low,Jaipur,Historical,Low,Rajasthan,2.9
Adventure,High,Radhanagar,Beach,High,Andaman,2.9
Hill Station,Low,Baga,Beach,Medium,Goa,1.4
Hill Station,Medium,Radhanagar,Beach,High,Andaman,1.4
Adventure,Low,Leh,Adventure,High,Ladakh,3.51
City Life,Low,CP,City Life,Low,Delhi,5.0
Religious,High,Nainital,Hill Station,Low,Uttarakhand,2.01
Hill Station,Medium,Manali,Hill Station,Low,Himachal,4.11
Historical,High,Marina,Beach,Medium,Tamil Nadu,2.01
City Life,High,Varkala,Beach,Low,Kerala,2.0
City Life,High,CP,City Life,High,Delhi,5.0
Religious,High,Ahmedabad,City Life,Low,Gujarat,2.0
Historical,High,Kaziranga,Wildlife,Low,Assam,2.0
Hill Station,Medium,Alibaug,Beach,Medium,Maharashtra,2.9
Religious,Medium,Amritsar,Religious,Medium,Punjab,5.0
Wildlife,High,Nalanda,Historical,High,Bihar,2.91
Beach,Medium,Amritsar,Religious,High,Punjab,1.4
City Life,Medium,Jim Corbett,Wildlife,High,Uttarakhand,1.41
Hill Station,High,Marina,Beach,High,Tamil Nadu,2.9
Beach,Medium,Nainital,Hill Station,Low,Uttarakhand,2.01
Wildlife,Medium,Kaziranga,Wildlife,High,Assam,3.5
Hill Station,Medium,Manali,Hill Station,Medium,Himachal,5.0
Hill Station,Medium,Leh,Adventure,Low,Ladakh,2.0
Beach,High,Radhanagar,Beach,High,Andaman,5.0
Historical,Medium,Madurai,Religious,Medium,Tamil Nadu,2.9
Adventure,Low,Dandeli,Adventure,High,Karnataka,3.5
Historical,Medium,Dandeli,Adventure,Low,Karnataka,2.0
Historical,High,Ranthambore,Wildlife,High,Rajasthan,2.9
Historical,Low,Kanha,Wildlife,Medium,MP,1.41
Historical,Low,Puri,Beach,Medium,Odisha,1.4
Wildlife,High,Nalanda,Historical,Low,Bihar,2.0
Historical,Low,Alibaug,Beach,Low,Maharashtra,2.91
City Life,Low,Alibaug,Beach,Low,Maharashtra,2.91
Hill Station,High,Puri,Beach,Low,Odisha,2.0
Religious,High,Bandipur,Wildlife,High,Karnataka,2.9
Religious,Low,Amritsar,Religious,Medium,Punjab,3.51
Historical,High,Varkala,Beach,High,Kerala,2.91
Hill Station,Medium,Kaziranga,Wildlife,High,Assam,1.41
Wildlife,Low,Mumbai,City Life,Low,Maharashtra,2.9
Adventure,Low,Jaipur,Historical,Low,Rajasthan,2.91
Wildlife,High,Yadadri,Religious,Low,Telangana,2.0
Hill Station,Low,Gir,Wildlife,Medium,Gujarat,1.41
City Life,Medium,CP,City Life,High,Delhi,3.5
Wildlife,High,Ooty,Hill Station,Low,Tamil Nadu,2.0
Beach,High,Spiti,Adventure,Low,Himachal,2.01
Adventure,High,Hyderabad,City Life,Low,Telangana,2.0
Religious,Medium,Ooty,Hill Station,Medium,Tamil Nadu,2.9
Religious,Medium,Marina,Beach,Medium,Tamil Nadu,2.91
Beach,High,Red Fort,Historical,Medium,Delhi,2.01
Wildlife,High,Khajuraho,Historical,Low,MP,2.0
Wildlife,Medium,Puri,Beach,Medium,Odisha,2.91
Religious,Medium,Marina,Beach,Low,Tamil Nadu,2.0
Wildlife,Medium,Amritsar,Religious,Medium,Punjab,2.91
Wildlife,High,Gulmarg,Hill Station,Low,Kashmir,2.01
Adventure,Low,Khajuraho,Historical,Low,MP,2.91
Religious,High,Spiti,Adventure,Medium,Himachal,2.0
Religious,Low,Marina,Beach,High,Tamil Nadu,1.41
Adventure,Medium,Ajanta,Historical,Medium,Maharashtra,2.9
City Life,Low,CP,City Life,Medium,Delhi,3.51
Historical,High,Zulruk,Adventure,High,Sikkim,2.9
Religious,Low,Leh,Adventure,Low,Ladakh,2.91
Wildlife,High,Madurai,Religious,High,Tamil Nadu,2.91
Beach,Medium,Ajanta,Historical,Medium,Maharashtra,2.91
Wildlife,Medium,Gir,Wildlife,Medium,Gujarat,5.0
Religious,Low,Baga,Beach,Medium,Goa,1.4
Adventure,High,Varkala,Beach,High,Kerala,2.91
City Life,Medium,Bodh Gaya,Religious,Low,Bihar,2.0
Historical,Low,Khajuraho,Historical,High,MP,3.5
Wildlife,Low,Ahmedabad,City Life,Medium,Gujarat,1.41
Religious,Medium,Ooty,Hill Station,Medium,Tamil Nadu,2.91
City Life,Medium,Bandipur,Wildlife,Medium,Karnataka,2.9
Historical,Low,Gangtok,Hill Station,High,Sikkim,1.4
Wildlife,High,Dandeli,Adventure,Low,Karnataka,2.0
Adventure,High,Jaipur,Historical,Low,Rajasthan,2.01
Hill Station,Low,Gulmarg,Hill Station,Medium,Kashmir,3.5
City Life,Medium,Rishikesh,Adventure,Medium,Uttarakhand,2.91
Hill Station,High,Leh,Adventure,High,Ladakh,2.91
City Life,Medium,Varanasi,Religious,Low,UP,2.01
Religious,Low,Zulruk,Adventure,Medium,Sikkim,1.4
Hill Station,Medium,Gulmarg,Hill Station,High,Kashmir,3.51
Hill Station,High,Spiti,Adventure,Medium,Himachal,2.0
Hill Station,Medium,Bandipur,Wildlife,High,Karnataka,1.41
Wildlife,High,Puri,Beach,High,Odisha,2.9
Religious,Medium,Shillong,Hill Station,High,Meghalaya,1.41
Religious,Medium,Ooty,Hill Station,Medium,Tamil Nadu,2.91
Historical,Low,Shillong,Hill Station,High,Meghalaya,1.4
Religious,High,Leh,Adventure,Low,Ladakh,2.0
Wildlife,Low,Tawang,Adventure,Low,Arunachal,2.9
Beach,Low,Kolkata,City Life,High,West Bengal,1.41
City Life,Medium,Tawang,Adventure,Low,Arunachal,2.0
Hill Station,High,Kolkata,City Life,High,West Bengal,2.9
City Life,High,Gir,Wildlife,Medium,Gujarat,2.0
Religious,Medium,Ajanta,Historical,Medium,Maharashtra,2.9
City Life,Medium,Ajanta,Historical,Low,Maharashtra,2.01
Hill Station,Low,Bangalore,City Life,High,Karnataka,1.4
Religious,Low,Madurai,Religious,Low,Tamil Nadu,5.0
Religious,Low,Mumbai,City Life,Low,Maharashtra,2.91
Adventure,High,Varkala,Beach,Low,Kerala,2.0
Religious,Medium,Hampi,Historical,Medium,Karnataka,2.91
Religious,High,Gir,Wildlife,Medium,Gujarat,2.01
City Life,Low,Marina,Beach,High,Tamil Nadu,1.41
Religious,Low,Puri,Beach,High,Odisha,1.4
Beach,Medium,Nalanda,Historical,Low,Bihar,2.01
City Life,Medium,Shillong,Hill Station,Low,Meghalaya,2.01
Historical,Medium,Baga,Beach,Medium,Goa,2.91
City Life,Low,Bangalore,City Life,Medium,Karnataka,3.5
Historical,High,Kanha,Wildlife,High,MP,2.91
Historical,High,Nainital,Hill Station,Medium,Uttarakhand,2.0
Religious,Medium,Madurai,Religious,Low,Tamil Nadu,4.11
Historical,High,CP,City Life,High,Delhi,2.9
Wildlife,Low,Ajanta,Historical,Low,Maharashtra,2.91
Hill Station,High,Varanasi,Religious,Low,UP,2.01
Religious,Low,Bandipur,Wildlife,High,Karnataka,1.4
Adventure,Medium,Ajanta,Historical,High,Maharashtra,1.41
Wildlife,Medium,Mumbai,City Life,High,Maharashtra,1.41
City Life,Low,Tawang,Adventure,High,Arunachal,1.4
Hill Station,Low,Leh,Adventure,Low,Ladakh,2.9
Historical,Low,Bodh Gaya,Religious,Low,Bihar,2.91
Historical,Low,Bodh Gaya,Religious,High,Bihar,1.4
Historical,High,Khajuraho,Historical,Medium,MP,4.11
Beach,Low,Amritsar,Religious,Medium,Punjab,1.41
Wildlife,Medium,Tawang,Adventure,Medium,Arunachal,2.91
Wildlife,High,Bodh Gaya,Religious,Medium,Bihar,2.0
Hill Station,Medium,Bangalore,City Life,Medium,Karnataka,2.91
Beach,Medium,Jim Corbett,Wildlife,High,Uttarakhand,1.41
Hill Station,Low,Madurai,Religious,Medium,Tamil Nadu,1.41
Beach,Low,Madurai,Religious,High,Tamil Nadu,1.4
City Life,Low,Zulruk,Adventure,Medium,Sikkim,1.41
Beach,High,Ahmedabad,City Life,High,Gujarat,2.91
Wildlife,Medium,Kaziranga,Wildlife,Low,Assam,4.1
City Life,Medium,Mumbai,City Life,High,Maharashtra,3.51
Hill Station,Medium,Nainital,Hill Station,Low,Uttarakhand,4.11
Wildlife,Low,Puri,Beach,High,Odisha,1.4
Religious,Low,Ahmedabad,City Life,Medium,Gujarat,1.41
Adventure,High,Kanha,Wildlife,Medium,MP,2.01
Hill Station,Medium,Ranthambore,Wildlife,High,Rajasthan,1.4
Historical,Low,Yadadri,Religious,High,Telangana,1.41
Adventure,Low,Nainital,Hill Station,Low,Uttarakhand,2.91
Beach,Medium,Shillong,Hill Station,Low,Meghalaya,2.01
Adventure,Low,Hampi,Historical,Medium,Karnataka,1.4
Religious,Medium,Gulmarg,Hill Station,High,Kashmir,1.4
Beach,Low,Jaipur,Historical,Medium,Rajasthan,1.4
Beach,Low,Nainital,Hill Station,Medium,Uttarakhand,1.4
Religious,High,Kanha,Wildlife,Low,MP,2.01
Wildlife,Low,Bangalore,City Life,High,Karnataka,1.41
City Life,Low,Zulruk,Adventure,High,Sikkim,1.4
Historical,High,Spiti,Adventure,Medium,Himachal,2.01
Wildlife,High,Jim Corbett,Wildlife,Low,Uttarakhand,4.1
Adventure,High,Nalanda,Historical,Medium,Bihar,2.0
Historical,High,Bandipur,Wildlife,Medium,Karnataka,2.01
Adventure,High,Alibaug,Beach,Low,Maharashtra,2.01
City Life,High,Jim Corbett,Wildlife,Low,Uttarakhand,2.0
Adventure,Low,Ajanta,Historical,High,Maharashtra,1.41
Adventure,High,Ahmedabad,City Life,High,Gujarat,2.91
Religious,High,Ajanta,Historical,Low,Maharashtra,2.01
Wildlife,High,Hyderabad,City Life,Medium,Telangana,2.01
City Life,High,Kolkata,City Life,Low,West Bengal,4.1
Adventure,High,Madurai,Religious,High,Tamil Nadu,2.91
Wildlife,Medium,Spiti,Adventure,Medium,Himachal,2.91
Hill Station,Medium,CP,City Life,Medium,Delhi,2.9
Religious,Medium,Spiti,Adventure,Low,Himachal,2.0
Historical,High,Gulmarg,Hill Station,High,Kashmir,2.9
Beach,High,Puri,Beach,Low,Odisha,4.1
Wildlife,Medium,Gangtok,Hill Station,Medium,Sikkim,2.9
Hill Station,Low,Yadadri,Religious,Low,Telangana,2.91
City Life,Low,Gangtok,Hill Station,Low,Sikkim,2.91
Beach,High,Hyderabad,City Life,High,Telangana,2.91
Hill Station,Low,Gulmarg,Hill Station,Low,Kashmir,5.0
Hill Station,Medium,Tawang,Adventure,High,Arunachal,1.41
Wildlife,Medium,Gir,Wildlife,Low,Gujarat,4.1
Historical,Low,Baga,Beach,Medium,Goa,1.4
Hill Station,High,Gangtok,Hill Station,High,Sikkim,5.0
Hill Station,Medium,Madurai,Religious,High,Tamil Nadu,1.41
Adventure,Medium,Alibaug,Beach,Low,Maharashtra,2.01
Beach,Medium,Radhanagar,Beach,High,Andaman,3.51
Religious,High,Kolkata,City Life,High,West Bengal,2.91
Wildlife,Medium,Bangalore,City Life,Medium,Karnataka,2.9
Adventure,Medium,Tawang,Adventure,High,Arunachal,3.5
Wildlife,Low,Red Fort,Historical,Medium,Delhi,1.4
Wildlife,Medium,Gulmarg,Hill Station,Medium,Kashmir,2.9
Religious,Low,Bandipur,Wildlife,High,Karnataka,1.4
Religious,Medium,Amritsar,Religious,Medium,Punjab,5.0
Hill Station,Medium,Gir,Wildlife,Medium,Gujarat,2.9
Historical,Low,Yadadri,Religious,High,Telangana,1.41
Hill Station,High,Hampi,Historical,Medium,Karnataka,2.01
Historical,Medium,Ranthambore,Wildlife,High,Rajasthan,1.41
Adventure,High,Bodh Gaya,Religious,Low,Bihar,2.01
City Life,Medium,Puri,Beach,High,Odisha,1.41
Historical,Medium,Ajanta,Historical,Low,Maharashtra,4.11
Religious,Medium,Kanha,Wildlife,Medium,MP,2.9
Beach,Low,Alibaug,Beach,High,Maharashtra,3.51
Adventure,High,Ooty,Hill Station,Low,Tamil Nadu,2.0
Historical,Medium,Puri,Beach,High,Odisha,1.41
Hill Station,Low,Mumbai,City Life,Low,Maharashtra,2.91
Religious,Low,Ajanta,Historical,Low,Maharashtra,2.91
Hill Station,Low,Baga,Beach,Medium,Goa,1.41
City Life,Medium,Yadadri,Religious,Low,Telangana,2.0
Wildlife,High,Jaipur,Historical,High,Rajasthan,2.9
Wildlife,High,Red Fort,Historical,High,Delhi,2.9
Hill Station,Low,Manali,Hill Station,Low,Himachal,5.0
Wildlife,Medium,Amritsar,Religious,Low,Punjab,2.01
Religious,High,Varanasi,Religious,Low,UP,4.1
City Life,Low,Nalanda,Historical,High,Bihar,1.41
Wildlife,High,Ooty,Hill Station,High,Tamil Nadu,2.9
Beach,High,Bodh Gaya,Religious,Medium,Bihar,2.0
Historical,Low,CP,City Life,Medium,Delhi,1.41
Beach,High,Somnath,Religious,High,Gujarat,2.91
Adventure,High,Madurai,Religious,Medium,Tamil Nadu,2.0
Hill Station,Medium,Hampi,Historical,Low,Karnataka,2.01
Historical,High,Marina,Beach,Low,Tamil Nadu,2.01
Hill Station,Low,Yadadri,Religious,Low,Telangana,2.9
Hill Station,Medium,Jim Corbett,Wildlife,Low,Uttarakhand,2.01
Religious,High,Yadadri,Religious,Medium,Telangana,4.11
Wildlife,Medium,Marina,Beach,Low,Tamil Nadu,2.01
City Life,High,Bangalore,City Life,Medium,Karnataka,4.11
Adventure,Low,Yadadri,Religious,High,Telangana,1.4
Religious,Low,Hyderabad,City Life,Low,Telangana,2.9
City Life,Low,Bangalore,City Life,Medium,Karnataka,3.51
Hill Station,Medium,Rishikesh,Adventure,Low,Uttarakhand,2.01
Religious,Medium,Jaipur,Historical,Low,Rajasthan,2.0
Wildlife,Medium,Somnath,Religious,Medium,Gujarat,2.91
City Life,Medium,Radhanagar,Beach,High,Andaman,1.41
City Life,Low,Amritsar,Religious,Low,Punjab,2.91
Adventure,Medium,Manali,Hill Station,High,Himachal,1.4
City Life,Low,Hampi,Historical,Medium,Karnataka,1.41
Beach,High,Jaipur,Historical,High,Rajasthan,2.91
City Life,Low,Baga,Beach,High,Goa,1.4
City Life,Medium,Ranthambore,Wildlife,High,Rajasthan,1.4
Adventure,Low,Bodh Gaya,Religious,Medium,Bihar,1.4
City Life,Low,Dandeli,Adventure,High,Karnataka,1.41
Hill Station,Low,Jaipur,Historical,Medium,Rajasthan,1.41
Wildlife,High,Amritsar,Religious,Medium,Punjab,2.0
City Life,High,Khajuraho,Historical,Medium,MP,2.01
Religious,Medium,Hyderabad,City Life,High,Telangana,1.41
Historical,Low,Ajanta,Historical,High,Maharashtra,3.5
Religious,High,Nainital,Hill Station,Low,Uttarakhand,2.01
Wildlife,High,Red Fort,Historical,High,Delhi,2.9
Adventure,Low,Madurai,Religious,Low,Tamil Nadu,2.9
Wildlife,High,Spiti,Adventure,Low,Himachal,2.01
Religious,Medium,Ajanta,Historical,Low,Maharashtra,2.0
Wildlife,High,Bandipur,Wildlife,High,Karnataka,5.0
City Life,High,Baga,Beach,High,Goa,2.91
Wildlife,Low,Nainital,Hill Station,Low,Uttarakhand,2.9
Hill Station,Medium,Kolkata,City Life,Medium,West Bengal,2.9
Historical,Low,Varanasi,Religious,Medium,UP,1.41
Hill Station,Low,Puri,Beach,High,Odisha,1.41
Hill Station,High,Bangalore,City Life,Low,Karnataka,2.0
Adventure,Low,Gangtok,Hill Station,Medium,Sikkim,1.41
Hill Station,Low,Bodh Gaya,Religious,Medium,Bihar,1.4
Beach,Medium,Zulruk,Adventure,Low,Sikkim,2.0
Religious,High,Hampi,Historical,High,Karnataka,2.91
Wildlife,Low,Amritsar,Religious,Medium,Punjab,1.41
Religious,Low,Tawang,Adventure,Low,Arunachal,2.9
Historical,Low,Rishikesh,Adventure,Low,Uttarakhand,2.91
Hill Station,Medium,Bandipur,Wildlife,High,Karnataka,1.4
Adventure,Medium,Alibaug,Beach,Medium,Maharashtra,2.91
City Life,Low,Ranthambore,Wildlife,Low,Rajasthan,2.91
Beach,Medium,Ooty,Hill Station,Low,Tamil Nadu,2.0
Wildlife,Medium,Alibaug,Beach,Low,Maharashtra,2.01
Hill Station,Low,Hyderabad,City Life,High,Telangana,1.4
City Life,High,Spiti,Adventure,Low,Himachal,2.0
Beach,High,Kanha,Wildlife,High,MP,2.91
Wildlife,Medium,Hampi,Historical,Medium,Karnataka,2.9
Beach,Medium,Ooty,Hill Station,High,Tamil Nadu,1.4
Wildlife,Medium,Rishikesh,Adventure,Low,Uttarakhand,2.0
City Life,Medium,Gulmarg,Hill Station,Low,Kashmir,2.01
Religious,Medium,Gulmarg,Hill Station,High,Kashmir,1.4
Religious,Medium,Nalanda,Historical,Low,Bihar,2.01
Adventure,Medium,Puri,Beach,High,Odisha,1.41
Religious,High,Nalanda,Historical,Low,Bihar,2.01
Adventure,Low,Ooty,Hill Station,Low,Tamil Nadu,2.91
Historical,Medium,Kolkata,City Life,High,West Bengal,1.41
Wildlife,High,Varanasi,Religious,Low,UP,2.0
City Life,Medium,Mumbai,City Life,Low,Maharashtra,4.1
Historical,Low,Baga,Beach,Low,Goa,2.91
Wildlife,High,Ahmedabad,City Life,Medium,Gujarat,2.01
Historical,High,Gir,Wildlife,Low,Gujarat,2.01
City Life,Low,Rishikesh,Adventure,Medium,Uttarakhand,1.4
City Life,Low,Zulruk,Adventure,High,Sikkim,1.41
Hill Station,High,Bangalore,City Life,Medium,Karnataka,2.0
Historical,Medium,Ranthambore,Wildlife,High,Rajasthan,1.4
Beach,Low,Somnath,Religious,Low,Gujarat,2.9
Religious,Low,Somnath,Religious,Medium,Gujarat,3.51
Historical,Low,Radhanagar,Beach,Medium,Andaman,1.41
Adventure,High,Radhanagar,Beach,High,Andaman,2.9
Hill Station,Medium,Hampi,Historical,Low,Karnataka,2.0
Wildlife,High,Jim Corbett,Wildlife,Medium,Uttarakhand,4.1
Adventure,High,Hampi,Historical,High,Karnataka,2.9
Adventure,High,Ahmedabad,City Life,High,Gujarat,2.9
Religious,High,Gulmarg,Hill Station,Low,Kashmir,2.0
Religious,Low,Yadadri,Religious,High,Telangana,3.5
City Life,High,Nalanda,Historical,Low,Bihar,2.0
City Life,Medium,Ahmedabad,City Life,High,Gujarat,3.5
Wildlife,Medium,Kanha,Wildlife,Medium,MP,5.0
City Life,Medium,Gulmarg,Hill Station,Low,Kashmir,2.01
Historical,Low,Manali,Hill Station,Medium,Himachal,1.4
Beach,High,Dandeli,Adventure,High,Karnataka,2.91
Wildlife,Low,Hyderabad,City Life,Medium,Telangana,1.41
Hill Station,Low,Ranthambore,Wildlife,High,Rajasthan,1.41
Beach,Low,Baga,Beach,Medium,Goa,3.51
Historical,Low,Dandeli,Adventure,High,Karnataka,1.41
Historical,Medium,Ooty,Hill Station,High,Tamil Nadu,1.4
Hill Station,Low,CP,City Life,High,Delhi,1.41
City Life,Low,Manali,Hill Station,Medium,Himachal,1.41
Religious,Low,Yadadri,Religious,High,Telangana,3.51
Beach,Low,Somnath,Religious,Low,Gujarat,2.91
Hill Station,High,Khajuraho,Historical,Low,MP,2.0
Beach,Low,Bodh Gaya,Religious,High,Bihar,1.4
Adventure,High,Gangtok,Hill Station,High,Sikkim,2.91
Historical,Low,Amritsar,Religious,High,Punjab,1.41
Adventure,Medium,Hyderabad,City Life,Medium,Telangana,2.9
Historical,Low,Dandeli,Adventure,Low,Karnataka,2.91
Hill Station,Medium,Madurai,Religious,High,Tamil Nadu,1.4
City Life,High,Shillong,Hill Station,Low,Meghalaya,2.01
Historical,Low,Ranthambore,Wildlife,Medium,Rajasthan,1.4
Hill Station,High,Puri,Beach,High,Odisha,2.9
Hill Station,High,Baga,Beach,High,Goa,2.9
Adventure,Low,Amritsar,Religious,Medium,Punjab,1.41
Hill Station,Medium,Shillong,Hill Station,High,Meghalaya,3.5
Historical,Medium,Somnath,Religious,High,Gujarat,1.4
Adventure,Low,Ranthambore,Wildlife,Low,Rajasthan,2.9
Historical,High,Gir,Wildlife,Low,Gujarat,2.01
Religious,Medium,Jaipur,Historical,Low,Rajasthan,2.01
Hill Station,High,Nalanda,Historical,High,Bihar,2.9
Religious,High,Hampi,Historical,High,Karnataka,2.9
Beach,Low,Manali,Hill Station,Low,Himachal,2.91
City Life,High,Radhanagar,Beach,High,Andaman,2.9
Religious,Medium,Kaziranga,Wildlife,Low,Assam,2.01
Historical,Low,Bodh Gaya,Religious,High,Bihar,1.4
Religious,High,Jim Corbett,Wildlife,Low,Uttarakhand,2.01
Wildlife,High,Red Fort,Historical,High,Delhi,2.9
City Life,Low,Zulruk,Adventure,High,Sikkim,1.41
Historical,Medium,Ahmedabad,City Life,High,Gujarat,1.41
Wildlife,Low,Yadadri,Religious,High,Telangana,1.41
Beach,High,Gangtok,Hill Station,Low,Sikkim,2.0
Hill Station,Medium,Bodh Gaya,Religious,High,Bihar,1.41
Adventure,Low,Bandipur,Wildlife,High,Karnataka,1.4
Beach,Low,Rishikesh,Adventure,High,Uttarakhand,1.41
Hill Station,Medium,Bandipur,Wildlife,High,Karnataka,1.41
City Life,Low,Hampi,Historical,High,Karnataka,1.41
Wildlife,Medium,Kolkata,City Life,Medium,West Bengal,2.9
City Life,Low,Kaziranga,Wildlife,High,Assam,1.4
Wildlife,High,Somnath,Religious,High,Gujarat,2.91
City Life,Medium,Bangalore,City Life,Low,Karnataka,4.1
Adventure,High,Gir,Wildlife,Medium,Gujarat,2.0
Religious,Low,Rishikesh,Adventure,Medium,Uttarakhand,1.4
City Life,Medium,Spiti,Adventure,Medium,Himachal,2.91
Wildlife,High,Gir,Wildlife,Low,Gujarat,4.1
Adventure,Medium,Kanha,Wildlife,Medium,MP,2.91
Hill Station,High,Varkala,Beach,High,Kerala,2.9
Adventure,High,Shillong,Hill Station,High,Meghalaya,2.9
Hill Station,Low,Ahmedabad,City Life,High,Gujarat,1.4
Beach,High,CP,City Life,Medium,Delhi,2.01
Beach,Low,Kanha,Wildlife,Low,MP,2.91
City Life,Medium,Nainital,Hill Station,High,Uttarakhand,1.4
Adventure,Low,Nalanda,Historical,Medium,Bihar,1.4
Historical,Low,Bandipur,Wildlife,High,Karnataka,1.4
City Life,High,Gulmarg,Hill Station,High,Kashmir,2.9
Adventure,Medium,Radhanagar,Beach,Medium,Andaman,2.91
Historical,Medium,Amritsar,Religious,Low,Punjab,2.0
Hill Station,High,CP,City Life,Medium,Delhi,2.01
Beach,High,Jaipur,Historical,Low,Rajasthan,2.01
Wildlife,High,Yadadri,Religious,High,Telangana,2.91
Hill Station,Low,Gangtok,Hill Station,Medium,Sikkim,3.51
Adventure,Medium,Spiti,Adventure,Low,Himachal,4.11
Adventure,High,Gangtok,Hill Station,Medium,Sikkim,2.01
Adventure,Low,Kanha,Wildlife,Medium,MP,1.4
Hill Station,Medium,Varkala,Beach,Medium,Kerala,2.9
Wildlife,Medium,Red Fort,Historical,Medium,Delhi,2.91
Historical,Medium,Ooty,Hill Station,Medium,Tamil Nadu,2.91
Historical,Low,Zulruk,Adventure,Low,Sikkim,2.9
Beach,Low,Puri,Beach,Low,Odisha,5.0
City Life,High,Ahmedabad,City Life,High,Gujarat,5.0
Religious,High,Nainital,Hill Station,Medium,Uttarakhand,2.0
Wildlife,Medium,Varkala,Beach,Medium,Kerala,2.9
Historical,Low,Jim Corbett,Wildlife,Low,Uttarakhand,2.9
Hill Station,Medium,Ahmedabad,City Life,Low,Gujarat,2.01
Historical,High,Manali,Hill Station,High,Himachal,2.9
Wildlife,Medium,Zulruk,Adventure,Medium,Sikkim,2.9
Adventure,High,Alibaug,Beach,High,Maharashtra,2.91
Religious,Low,Hyderabad,City Life,High,Telangana,1.4
Wildlife,Low,Kaziranga,Wildlife,Low,Assam,5.0
Wildlife,Low,Hyderabad,City Life,Low,Telangana,2.91
Beach,Low,Nalanda,Historical,Low,Bihar,2.9
City Life,High,Red Fort,Historical,Medium,Delhi,2.01
Adventure,Low,Ahmedabad,City Life,Medium,Gujarat,1.41
Adventure,Low,Gulmarg,Hill Station,Medium,Kashmir,1.4
City Life,Medium,Puri,Beach,Low,Odisha,2.0
City Life,Low,Kanha,Wildlife,Low,MP,2.9
Adventure,Low,CP,City Life,Low,Delhi,2.9
Beach,Medium,Radhanagar,Beach,Low,Andaman,4.11
Religious,Low,Kaziranga,Wildlife,Low,Assam,2.9
Religious,Medium,Bandipur,Wildlife,Low,Karnataka,2.0
Religious,Medium,CP,City Life,Medium,Delhi,2.91
Beach,Low,Ahmedabad,City Life,Low,Gujarat,2.9
Beach,High,Mumbai,City Life,High,Maharashtra,2.91
City Life,Low,Ajanta,Historical,Low,Maharashtra,2.91
Wildlife,Medium,Ranthambore,Wildlife,High,Rajasthan,3.5
Beach,Low,Jaipur,Historical,High,Rajasthan,1.4
Religious,Low,Varanasi,Religious,Low,UP,5.0
City Life,Medium,Puri,Beach,Medium,Odisha,2.9
Beach,Low,CP,City Life,High,Delhi,1.4
Wildlife,Low,Mumbai,City Life,High,Maharashtra,1.41
Adventure,Medium,Kolkata,City Life,Medium,West Bengal,2.91
Religious,Medium,Kaziranga,Wildlife,Medium,Assam,2.9
Adventure,Low,Leh,Adventure,Medium,Ladakh,3.51
Hill Station,Medium,Leh,Adventure,High,Ladakh,1.4
Hill Station,High,Dandeli,Adventure,Low,Karnataka,2.01
Wildlife,High,Kolkata,City Life,Medium,West Bengal,2.01
Hill Station,High,Varanasi,Religious,Low,UP,2.01
Wildlife,Medium,Ahmedabad,City Life,Medium,Gujarat,2.9
Historical,High,Khajuraho,Historical,High,MP,5.0
Historical,High,Bangalore,City Life,Low,Karnataka,2.01
Historical,Medium,Ranthambore,Wildlife,Medium,Rajasthan,2.91
City Life,Medium,Jim Corbett,Wildlife,Low,Uttarakhand,2.01
Religious,High,Shillong,Hill Station,Low,Meghalaya,2.0
Religious,Low,Bangalore,City Life,High,Karnataka,1.4
Historical,Low,Khajuraho,Historical,Low,MP,5.0
Adventure,Medium,Varkala,Beach,Low,Kerala,2.0
Beach,Medium,Kolkata,City Life,Low,West Bengal,2.0
Beach,Medium,Ooty,Hill Station,Medium,Tamil Nadu,2.91
Hill Station,Low,Shillong,Hill Station,High,Meghalaya,3.5
Religious,High,Radhanagar,Beach,High,Andaman,2.9
Beach,Low,Alibaug,Beach,High,Maharashtra,3.51
Historical,Low,Khajuraho,Historical,Low,MP,5.0
Beach,High,Shillong,Hill Station,High,Meghalaya,2.91
Historical,High,Bangalore,City Life,Medium,Karnataka,2.0
City Life,Medium,Manali,Hill Station,Low,Himachal,2.01
Religious,Low,Gangtok,Hill Station,High,Sikkim,1.4
Hill Station,Low,Hyderabad,City Life,High,Telangana,1.41
Historical,High,Kanha,Wildlife,Low,MP,2.01
City Life,Low,Leh,Adventure,Medium,Ladakh,1.41
Religious,High,Leh,Adventure,Low,Ladakh,2.01
City Life,Low,Somnath,Religious,High,Gujarat,1.41
Religious,Medium,CP,City Life,Medium,Delhi,2.9
Adventure,Medium,Baga,Beach,Medium,Goa,2.9
Beach,Low,Nalanda,Historical,Low,Bihar,2.91
Adventure,Medium,Marina,Beach,Low,Tamil Nadu,2.01
City Life,Medium,Gir,Wildlife,High,Gujarat,1.4
Religious,Low,Manali,Hill Station,High,Himachal,1.4
City Life,High,Amritsar,Religious,Medium,Punjab,2.0
Hill Station,Medium,Bodh Gaya,Religious,Low,Bihar,2.01
Beach,Medium,Varanasi,Religious,High,UP,1.41
City Life,Medium,Amritsar,Religious,High,Punjab,1.4
Religious,Low,Gangtok,Hill Station,Medium,Sikkim,1.4
Wildlife,Medium,Gir,Wildlife,Low,Gujarat,4.1
Historical,High,Ahmedabad,City Life,High,Gujarat,2.9
Wildlife,Medium,Kaziranga,Wildlife,High,Assam,3.5
Religious,High,Puri,Beach,High,Odisha,2.9
City Life,Medium,Varkala,Beach,Medium,Kerala,2.9
Beach,High,Ahmedabad,City Life,High,Gujarat,2.91
City Life,Medium,Nainital,Hill Station,High,Uttarakhand,1.4
City Life,Medium,Leh,Adventure,Low,Ladakh,2.01
Hill Station,High,Yadadri,Religious,Medium,Telangana,2.0
City Life,Medium,Radhanagar,Beach,Low,Andaman,2.01
Religious,High,Madurai,Religious,High,Tamil Nadu,5.0
Religious,Low,Bangalore,City Life,Medium,Karnataka,1.41
Wildlife,High,Zulruk,Adventure,Medium,Sikkim,2.0
Adventure,Medium,Spiti,Adventure,Low,Himachal,4.1
Historical,High,Kolkata,City Life,Medium,West Bengal,2.01
Hill Station,Low,CP,City Life,Low,Delhi,2.9
City Life,Medium,Tawang,Adventure,Low,Arunachal,2.0
Historical,Medium,Yadadri,Religious,Low,Telangana,2.01
City Life,Low,Bodh Gaya,Religious,Low,Bihar,2.9
Adventure,Medium,Hampi,Historical,Low,Karnataka,2.0
City Life,Low,CP,City Life,Low,Delhi,5.0
Historical,Medium,Ranthambore,Wildlife,Medium,Rajasthan,2.9
Historical,Low,Nalanda,Historical,Low,Bihar,5.0
City Life,High,Varanasi,Religious,Low,UP,2.0
Historical,High,Shillong,Hill Station,Medium,Meghalaya,2.01
Beach,Low,Tawang,Adventure,Medium,Arunachal,1.41
Wildlife,Low,Hyderabad,City Life,Low,Telangana,2.91
Religious,Medium,Yadadri,Religious,Medium,Telangana,5.0
Beach,High,Bandipur,Wildlife,Medium,Karnataka,2.01
Beach,High,Hyderabad,City Life,Low,Telangana,2.0
Historical,High,Leh,Adventure,Low,Ladakh,2.0
Beach,High,Somnath,Religious,Medium,Gujarat,2.0
Historical,Medium,Zulruk,Adventure,High,Sikkim,1.4
Adventure,Medium,Hyderabad,City Life,High,Telangana,1.4
Hill Station,Medium,Puri,Beach,High,Odisha,1.41
Beach,High,Spiti,Adventure,Medium,Himachal,2.0
Adventure,Low,Baga,Beach,Medium,Goa,1.41
Adventure,High,Spiti,Adventure,Medium,Himachal,4.1
Hill Station,Low,Ajanta,Historical,Low,Maharashtra,2.9
City Life,Low,Somnath,Religious,Medium,Gujarat,1.41
Religious,High,Amritsar,Religious,Medium,Punjab,4.1
Wildlife,Low,Red Fort,Historical,Low,Delhi,2.91
Hill Station,High,Hampi,Historical,High,Karnataka,2.91
Wildlife,Medium,Mumbai,City Life,Low,Maharashtra,2.0
Historical,Low,Marina,Beach,Medium,Tamil Nadu,1.41
Historical,Medium,Alibaug,Beach,High,Maharashtra,1.41
Hill Station,Medium,Jaipur,Historical,Low,Rajasthan,2.0
Historical,Low,Amritsar,Religious,High,Punjab,1.41
Beach,Low,Bangalore,City Life,High,Karnataka,1.41
Adventure,High,Jim Corbett,Wildlife,High,Uttarakhand,2.9
Religious,Medium,Khajuraho,Historical,Low,MP,2.0
Beach,High,Jaipur,Historical,High,Rajasthan,2.91
Historical,Medium,Ooty,Hill Station,High,Tamil Nadu,1.4
Wildlife,Low,Jaipur,Historical,Medium,Rajasthan,1.41
City Life,High,Hyderabad,City Life,Medium,Telangana,4.11
Religious,Medium,Spiti,Adventure,High,Himachal,1.41
Religious,High,Ranthambore,Wildlife,Medium,Rajasthan,2.01
Beach,Low,Ooty,Hill Station,Low,Tamil Nadu,2.9
Historical,Medium,Madurai,Religious,High,Tamil Nadu,1.4
Adventure,Medium,Marina,Beach,Medium,Tamil Nadu,2.9
Wildlife,High,Gangtok,Hill Station,High,Sikkim,2.9
Wildlife,Medium,Ahmedabad,City Life,High,Gujarat,1.41
City Life,Low,Shillong,Hill Station,Low,Meghalaya,2.91
Historical,Low,Amritsar,Religious,Low,Punjab,2.91
Historical,Low,Varkala,Beach,Low,Kerala,2.91
Hill Station,Low,Amritsar,Religious,Medium,Punjab,1.4
Adventure,High,Bangalore,City Life,Low,Karnataka,2.0
Religious,High,Gulmarg,Hill Station,High,Kashmir,2.9
Adventure,High,Bandipur,Wildlife,Low,Karnataka,2.01
Beach,Low,Kanha,Wildlife,Medium,MP,1.4
Wildlife,High,Ranthambore,Wildlife,Low,Rajasthan,4.1
Beach,High,Radhanagar,Beach,High,Andaman,5.0
Historical,Low,Hampi,Historical,Medium,Karnataka,3.51
Hill Station,Low,Hampi,Historical,High,Karnataka,1.4
Historical,Low,Somnath,Religious,High,Gujarat,1.41
Beach,High,Marina,Beach,High,Tamil Nadu,5.0
Adventure,High,Ajanta,Historical,Medium,Maharashtra,2.0
Historical,Medium,Shillong,Hill Station,Medium,Meghalaya,2.91
City Life,High,Jaipur,Historical,Medium,Rajasthan,2.01
Religious,High,Bodh Gaya,Religious,Low,Bihar,4.1
Beach,High,Ahmedabad,City Life,High,Gujarat,2.9
Religious,Medium,Jim Corbett,Wildlife,Low,Uttarakhand,2.0
Wildlife,Low,Mumbai,City Life,Low,Maharashtra,2.91
Beach,Low,Tawang,Adventure,High,Arunachal,1.4
Hill Station,Low,Baga,Beach,Low,Goa,2.91
Hill Station,Medium,Kolkata,City Life,Low,West Bengal,2.0
Wildlife,High,Jim Corbett,Wildlife,Low,Uttarakhand,4.11
City Life,Low,Nalanda,Historical,High,Bihar,1.4
Historical,Medium,CP,City Life,Low,Delhi,2.0
Hill Station,Medium,Mumbai,City Life,Medium,Maharashtra,2.91
Beach,High,Yadadri,Religious,Medium,Telangana,2.0
Religious,Medium,Amritsar,Religious,High,Punjab,3.51
Adventure,Medium,Hampi,Historical,High,Karnataka,1.4
Wildlife,Medium,Tawang,Adventure,Low,Arunachal,2.0
Hill Station,Low,Kolkata,City Life,Low,West Bengal,2.91
Adventure,Low,Red Fort,Historical,High,Delhi,1.41
Hill Station,Medium,Varkala,Beach,High,Kerala,1.41
Beach,High,Spiti,Adventure,High,Himachal,2.91
City Life,High,Gir,Wildlife,Low,Gujarat,2.0
Wildlife,Low,Nalanda,Historical,Medium,Bihar,1.4
Religious,Low,Khajuraho,Historical,Low,MP,2.91
City Life,High,Gir,Wildlife,Low,Gujarat,2.01
Beach,Medium,Somnath,Religious,High,Gujarat,1.4
Beach,Low,Bangalore,City Life,Medium,Karnataka,1.4
Hill Station,Medium,Radhanagar,Beach,Low,Andaman,2.0
Hill Station,High,Manali,Hill Station,High,Himachal,5.0
Wildlife,High,Varkala,Beach,Low,Kerala,2.01
City Life,Medium,Madurai,Religious,Medium,Tamil Nadu,2.9
Beach,High,CP,City Life,Medium,Delhi,2.0
City Life,High,Kanha,Wildlife,Low,MP,2.01
Historical,Low,Manali,Hill Station,Medium,Himachal,1.41
Wildlife,Low,Varanasi,Religious,Medium,UP,1.4
Beach,Medium,Gangtok,Hill Station,High,Sikkim,1.4
Adventure,High,Bandipur,Wildlife,High,Karnataka,2.91
Historical,Medium,Ajanta,Historical,Low,Maharashtra,4.11
City Life,Medium,Dandeli,Adventure,High,Karnataka,1.41
Beach,Low,Ranthambore,Wildlife,Medium,Rajasthan,1.4
Religious,Medium,Zulruk,Adventure,Medium,Sikkim,2.9
Historical,Medium,Varanasi,Religious,High,UP,1.41
Beach,Medium,Somnath,Religious,Low,Gujarat,2.01
Hill Station,Low,Khajuraho,Historical,Low,MP,2.9
Wildlife,Low,Somnath,Religious,Low,Gujarat,2.9
Hill Station,High,Marina,Beach,High,Tamil Nadu,2.9
Beach,High,Nalanda,Historical,Medium,Bihar,2.01
Hill Station,High,Ahmedabad,City Life,High,Gujarat,2.91
Historical,High,Mumbai,City Life,Low,Maharashtra,2.0
Historical,Medium,Bodh Gaya,Religious,Low,Bihar,2.01
Wildlife,Low,Red Fort,Historical,High,Delhi,1.4
City Life,Medium,Dandeli,Adventure,High,Karnataka,1.4
Wildlife,Low,Ahmedabad,City Life,High,Gujarat,1.41
Beach,Low,CP,City Life,High,Delhi,1.41
Adventure,Medium,Bandipur,Wildlife,High,Karnataka,1.41
Beach,Medium,Leh,Adventure,Low,Ladakh,2.0
Beach,High,Gangtok,Hill Station,Medium,Sikkim,2.0
Wildlife,Medium,Gir,Wildlife,High,Gujarat,3.51
Beach,High,Khajuraho,Historical,Medium,MP,2.0
Historical,Low,Puri,Beach,High,Odisha,1.41
Wildlife,High,Bodh Gaya,Religious,Medium,Bihar,2.01
Hill Station,High,Ahmedabad,City Life,Medium,Gujarat,2.0
Adventure,Medium,Nainital,Hill Station,High,Uttarakhand,1.4
Hill Station,Low,Puri,Beach,High,Odisha,1.4
City Life,High,Varkala,Beach,Low,Kerala,2.0
City Life,Low,Madurai,Religious,Low,Tamil Nadu,2.91
Historical,High,Baga,Beach,Medium,Goa,2.0
Wildlife,Low,Gulmarg,Hill Station,High,Kashmir,1.41
Adventure,Medium,Kanha,Wildlife,High,MP,1.41
City Life,High,Dandeli,Adventure,Low,Karnataka,2.0
Hill Station,High,Hampi,Historical,Low,Karnataka,2.0
Hill Station,High,Ahmedabad,City Life,High,Gujarat,2.9
Historical,Low,Baga,Beach,Low,Goa,2.9
Religious,Medium,Bodh Gaya,Religious,High,Bihar,3.51
Hill Station,Medium,Spiti,Adventure,High,Himachal,1.4
Adventure,Medium,Yadadri,Religious,High,Telangana,1.4
Historical,High,Gir,Wildlife,Medium,Gujarat,2.01
Wildlife,Medium,Radhanagar,Beach,Medium,Andaman,2.9
Historical,High,Madurai,Religious,Low,Tamil Nadu,2.0
Hill Station,Low,Nalanda,Historical,High,Bihar,1.4
Hill Station,Medium,Yadadri,Religious,Low,Telangana,2.01
Historical,Medium,Puri,Beach,High,Odisha,1.41
Historical,Low,Baga,Beach,Medium,Goa,1.41
Adventure,Medium,Marina,Beach,Low,Tamil Nadu,2.01
Wildlife,Medium,Kolkata,City Life,High,West Bengal,1.41
Hill Station,High,Manali,Hill Station,High,Himachal,5.0
City Life,Medium,Bangalore,City Life,High,Karnataka,3.51
Historical,Medium,Shillong,Hill Station,Medium,Meghalaya,2.9
City Life,Low,Ranthambore,Wildlife,Medium,Rajasthan,1.4
Adventure,High,Nalanda,Historical,Low,Bihar,2.0
Wildlife,High,CP,City Life,Medium,Delhi,2.01
Hill Station,Low,Mumbai,City Life,High,Maharashtra,1.41
Religious,Low,Puri,Beach,Medium,Odisha,1.4
Adventure,Medium,Bandipur,Wildlife,High,Karnataka,1.4
Wildlife,High,Leh,Adventure,Low,Ladakh,2.0
Historical,High,Nainital,Hill Station,High,Uttarakhand,2.9
Hill Station,Low,Shillong,Hill Station,High,Meghalaya,3.5
Adventure,Low,Puri,Beach,Low,Odisha,2.91
Historical,High,Zulruk,Adventure,Low,Sikkim,2.0
Wildlife,Medium,Kaziranga,Wildlife,Low,Assam,4.11
Historical,Low,Nalanda,Historical,Medium,Bihar,3.5
Adventure,Medium,Bandipur,Wildlife,High,Karnataka,1.4
Wildlife,High,Bodh Gaya,Religious,Medium,Bihar,2.0
Religious,High,Manali,Hill Station,High,Himachal,2.91
Beach,High,Red Fort,Historical,Medium,Delhi,2.0
City Life,Medium,Kolkata,City Life,Medium,West Bengal,5.0
City Life,Medium,Hampi,Historical,Medium,Karnataka,2.9
Beach,Low,Amritsar,Religious,Medium,Punjab,1.4
Adventure,Low,Spiti,Adventure,Medium,Himachal,3.51
Religious,Low,Nainital,Hill Station,Medium,Uttarakhand,1.41
Religious,High,Radhanagar,Beach,High,Andaman,2.9
Hill Station,High,Yadadri,Religious,Low,Telangana,2.0
Hill Station,Medium,Varkala,Beach,Medium,Kerala,2.9
Beach,Low,Hampi,Historical,Medium,Karnataka,1.41
Beach,Low,Khajuraho,Historical,Medium,MP,1.4
Beach,Medium,Khajuraho,Historical,High,MP,1.4
Beach,Medium,Dandeli,Adventure,High,Karnataka,1.4
City Life,Medium,Bandipur,Wildlife,High,Karnataka,1.4
Wildlife,Medium,CP,City Life,Low,Delhi,2.01
Adventure,High,Manali,Hill Station,High,Himachal,2.9
Adventure,High,Zulruk,Adventure,Medium,Sikkim,4.11
Wildlife,Medium,Amritsar,Religious,Low,Punjab,2.0
City Life,Medium,Tawang,Adventure,Medium,Arunachal,2.91
Religious,Low,Jim Corbett,Wildlife,Medium,Uttarakhand,1.41
Historical,Low,Ooty,Hill Station,Low,Tamil Nadu,2.91
Historical,Medium,Khajuraho,Historical,Low,MP,4.1
Hill Station,High,Leh,Adventure,Medium,Ladakh,2.0
Historical,Low,Bangalore,City Life,Low,Karnataka,2.91
Beach,Medium,Kaziranga,Wildlife,Low,Assam,2.0
Wildlife,Medium,Somnath,Religious,Medium,Gujarat,2.91
Adventure,Medium,Bodh Gaya,Religious,Low,Bihar,2.01
Historical,Low,Varanasi,Religious,Medium,UP,1.4
Adventure,Medium,Baga,Beach,Low,Goa,2.01
Beach,Medium,Varkala,Beach,Low,Kerala,4.11
Hill Station,Medium,Spiti,Adventure,High,Himachal,1.4
Adventure,Medium,Jim Corbett,Wildlife,High,Uttarakhand,1.41
Hill Station,Low,Alibaug,Beach,Low,Maharashtra,2.91
Historical,Low,Shillong,Hill Station,Low,Meghalaya,2.9
Beach,Medium,Baga,Beach,Medium,Goa,5.0
Historical,High,Manali,Hill Station,Medium,Himachal,2.01
Hill Station,Low,Tawang,Adventure,Low,Arunachal,2.91
City Life,High,Puri,Beach,Low,Odisha,2.01
Adventure,Medium,Leh,Adventure,Low,Ladakh,4.1
Hill Station,Medium,Somnath,Religious,Low,Gujarat,2.01
Wildlife,Medium,Nalanda,Historical,Medium,Bihar,2.9
City Life,Low,Manali,Hill Station,Medium,Himachal,1.41
Beach,High,Shillong,Hill Station,Low,Meghalaya,2.01
Beach,Medium,Nainital,Hill Station,Medium,Uttarakhand,2.9
Religious,Low,Zulruk,Adventure,Medium,Sikkim,1.41
Historical,Medium,Shillong,Hill Station,Low,Meghalaya,2.01
Religious,High,Marina,Beach,Low,Tamil Nadu,2.0
City Life,Low,Ooty,Hill Station,High,Tamil Nadu,1.4
Religious,High,Marina,Beach,Low,Tamil Nadu,2.01
Beach,High,Ranthambore,Wildlife,High,Rajasthan,2.91
Historical,Medium,Ranthambore,Wildlife,Low,Rajasthan,2.01
Historical,Medium,Jaipur,Historical,Low,Rajasthan,4.1
Adventure,Low,Manali,Hill Station,High,Himachal,1.4
Historical,Low,Gangtok,Hill Station,High,Sikkim,1.41
Historical,Medium,Hampi,Historical,Medium,Karnataka,5.0
Wildlife,Low,Shillong,Hill Station,Low,Meghalaya,2.91
Historical,Low,Bandipur,Wildlife,Low,Karnataka,2.9
Hill Station,Medium,Bandipur,Wildlife,Low,Karnataka,2.0
Hill Station,Medium,Khajuraho,Historical,Low,MP,2.01
City Life,Low,Shillong,Hill Station,High,Meghalaya,1.41
Historical,High,Somnath,Religious,High,Gujarat,2.9
Historical,High,Shillong,Hill Station,High,Meghalaya,2.91
Religious,Low,Tawang,Adventure,Low,Arunachal,2.9
City Life,Medium,Red Fort,Historical,Medium,Delhi,2.91
Religious,Low,Ooty,Hill Station,Medium,Tamil Nadu,1.4
City Life,Low,Bangalore,City Life,Low,Karnataka,5.0
Beach,Medium,Kanha,Wildlife,High,MP,1.41
City Life,High,Shillong,Hill Station,Medium,Meghalaya,2.01
Beach,Medium,Ahmedabad,City Life,High,Gujarat,1.4
Adventure,Low,Ahmedabad,City Life,Low,Gujarat,2.91
Beach,Low,Mumbai,City Life,Low,Maharashtra,2.9
Wildlife,Medium,Khajuraho,Historical,Medium,MP,2.9
Beach,High,Amritsar,Religious,Medium,Punjab,2.01
Hill Station,Medium,Dandeli,Adventure,Medium,Karnataka,2.9
Wildlife,Medium,Madurai,Religious,High,Tamil Nadu,1.41
Historical,High,Kaziranga,Wildlife,High,Assam,2.9
Adventure,Low,Ooty,Hill Station,High,Tamil Nadu,1.41
Hill Station,Medium,Gulmarg,Hill Station,Low,Kashmir,4.11
Adventure,Medium,Madurai,Religious,High,Tamil Nadu,1.4
Historical,Low,Varanasi,Religious,High,UP,1.4
City Life,Medium,Red Fort,Historical,Medium,Delhi,2.9
Historical,Medium,Bangalore,City Life,Medium,Karnataka,2.9
Hill Station,Medium,Rishikesh,Adventure,Low,Uttarakhand,2.0
Adventure,Low,Mumbai,City Life,High,Maharashtra,1.41
Hill Station,Low,Radhanagar,Beach,Medium,Andaman,1.41
Wildlife,Low,Zulruk,Adventure,Low,Sikkim,2.91
Religious,Medium,Varanasi,Religious,Low,UP,4.11
Historical,Medium,Madurai,Religious,High,Tamil Nadu,1.4
Hill Station,High,Yadadri,Religious,High,Telangana,2.9
Adventure,High,Tawang,Adventure,High,Arunachal,5.0
Religious,High,Madurai,Religious,High,Tamil Nadu,5.0
Wildlife,Low,Ahmedabad,City Life,Medium,Gujarat,1.41
Wildlife,Medium,Manali,Hill Station,Medium,Himachal,2.91
Adventure,High,Ahmedabad,City Life,High,Gujarat,2.9
Wildlife,High,Mumbai,City Life,Low,Maharashtra,2.0
Wildlife,High,Dandeli,Adventure,Low,Karnataka,2.0
Adventure,Low,Kaziranga,Wildlife,Low,Assam,2.91
Adventure,High,Alibaug,Beach,High,Maharashtra,2.91
Wildlife,Medium,Rishikesh,Adventure,High,Uttarakhand,1.41
Historical,High,Leh,Adventure,Low,Ladakh,2.01
Historical,Low,Varanasi,Religious,Low,UP,2.9
Wildlife,High,Baga,Beach,High,Goa,2.91
Religious,Medium,Shillong,Hill Station,Medium,Meghalaya,2.91
Religious,High,Kaziranga,Wildlife,High,Assam,2.9
City Life,High,Somnath,Religious,Low,Gujarat,2.01
Hill Station,High,Gulmarg,Hill Station,Low,Kashmir,4.11
Historical,High,Gir,Wildlife,Medium,Gujarat,2.0
Wildlife,Medium,Madurai,Religious,Medium,Tamil Nadu,2.91
Religious,Low,Manali,Hill Station,Low,Himachal,2.91
Religious,Low,Bodh Gaya,Religious,Medium,Bihar,3.5
Adventure,High,Rishikesh,Adventure,Medium,Uttarakhand,4.11
Wildlife,Medium,Nainital,Hill Station,High,Uttarakhand,1.41
Hill Station,High,Alibaug,Beach,Low,Maharashtra,2.01
Wildlife,High,Mumbai,City Life,High,Maharashtra,2.91
Hill Station,Medium,Kanha,Wildlife,Medium,MP,2.91
Wildlife,Low,Leh,Adventure,Medium,Ladakh,1.41
Hill Station,High,Bangalore,City Life,Low,Karnataka,2.01
City Life,Medium,Jaipur,Historical,High,Rajasthan,1.4
Religious,Low,Bandipur,Wildlife,Medium,Karnataka,1.41
Adventure,High,Bandipur,Wildlife,Low,Karnataka,2.0
Historical,High,CP,City Life,High,Delhi,2.91
Beach,High,Spiti,Adventure,High,Himachal,2.91
Hill Station,High,Ahmedabad,City Life,Low,Gujarat,2.0
Wildlife,High,Ranthambore,Wildlife,Medium,Rajasthan,4.1
Beach,High,Gir,Wildlife,High,Gujarat,2.91
Adventure,Medium,Manali,Hill Station,Low,Himachal,2.0
Wildlife,Low,Jim Corbett,Wildlife,Medium,Uttarakhand,3.5
Wildlife,Low,Alibaug,Beach,Medium,Maharashtra,1.41
Adventure,Low,Kanha,Wildlife,Low,MP,2.9
Adventure,High,Ahmedabad,City Life,Medium,Gujarat,2.01
City Life,Low,Hyderabad,City Life,Low,Telangana,5.0
City Life,Medium,Ranthambore,Wildlife,Low,Rajasthan,2.01
Adventure,Medium,Nainital,Hill Station,High,Uttarakhand,1.41
Adventure,Medium,Nainital,Hill Station,Medium,Uttarakhand,2.9
Adventure,Medium,Hyderabad,City Life,Low,Telangana,2.0
Beach,Medium,Baga,Beach,Medium,Goa,5.0
Historical,Medium,Hampi,Historical,High,Karnataka,3.5
Beach,Medium,Gangtok,Hill Station,Low,Sikkim,2.01
Hill Station,Low,Radhanagar,Beach,High,Andaman,1.4
Adventure,High,Kanha,Wildlife,Medium,MP,2.0
Wildlife,High,Baga,Beach,High,Goa,2.91
Adventure,Low,Khajuraho,Historical,Low,MP,2.9
Religious,Low,Varanasi,Religious,Medium,UP,3.5
City Life,Low,Ooty,Hill Station,Medium,Tamil Nadu,1.41
Hill Station,Medium,Zulruk,Adventure,Low,Sikkim,2.0
City Life,High,Yadadri,Religious,Low,Telangana,2.0
Wildlife,Low,Khajuraho,Historical,Medium,MP,1.4
Adventure,Medium,Spiti,Adventure,Low,Himachal,4.11
Wildlife,Medium,Somnath,Religious,Medium,Gujarat,2.9
Hill Station,High,Ranthambore,Wildlife,Low,Rajasthan,2.01
Religious,Low,Bangalore,City Life,High,Karnataka,1.4
Wildlife,High,Yadadri,Religious,High,Telangana,2.9
Religious,Low,Puri,Beach,Low,Odisha,2.9
City Life,High,Varkala,Beach,Low,Kerala,2.0
Religious,High,Mumbai,City Life,Medium,Maharashtra,2.0
Adventure,High,Jaipur,Historical,Low,Rajasthan,2.0
Adventure,Low,Hyderabad,City Life,High,Telangana,1.4
Beach,Low,Kolkata,City Life,Low,West Bengal,2.91
Beach,High,Shillong,Hill Station,High,Meghalaya,2.91
Historical,High,Jaipur,Historical,High,Rajasthan,5.0
Historical,Low,Jaipur,Historical,Medium,Rajasthan,3.51
Adventure,Low,Jim Corbett,Wildlife,Low,Uttarakhand,2.91
City Life,High,Nalanda,Historical,Low,Bihar,2.01
Adventure,Medium,Dandeli,Adventure,High,Karnataka,3.5
Religious,High,Hyderabad,City Life,Medium,Telangana,2.01
Religious,Low,Kaziranga,Wildlife,Medium,Assam,1.4
Wildlife,Medium,Red Fort,Historical,Medium,Delhi,2.9
Religious,Medium,Varkala,Beach,High,Kerala,1.4
Hill Station,Medium,Mumbai,City Life,Low,Maharashtra,2.01
Historical,Low,Hampi,Historical,Medium,Karnataka,3.5
Hill Station,Low,Leh,Adventure,High,Ladakh,1.41
Adventure,Medium,Hampi,Historical,Low,Karnataka,2.0
Historical,Medium,Varanasi,Religious,Medium,UP,2.9
Historical,High,Gir,Wildlife,Medium,Gujarat,2.0
Hill Station,Low,Shillong,Hill Station,Low,Meghalaya,5.0
Historical,High,Bandipur,Wildlife,Medium,Karnataka,2.01
Beach,High,Shillong,Hill Station,Low,Meghalaya,2.01
Adventure,High,Radhanagar,Beach,Low,Andaman,2.01
Adventure,Low,Leh,Adventure,High,Ladakh,3.5
Wildlife,Low,Shillong,Hill Station,Low,Meghalaya,2.9
Hill Station,High,Varanasi,Religious,High,UP,2.91
Adventure,Low,Nalanda,Historical,Low,Bihar,2.91
Adventure,Low,Alibaug,Beach,Low,Maharashtra,2.9
City Life,High,Radhanagar,Beach,Low,Andaman,2.01
Religious,Low,Ooty,Hill Station,High,Tamil Nadu,1.41
Adventure,Low,Jaipur,Historical,High,Rajasthan,1.41
Hill Station,High,Amritsar,Religious,Low,Punjab,2.01
Hill Station,Medium,Mumbai,City Life,Low,Maharashtra,2.0
City Life,High,Gangtok,Hill Station,Low,Sikkim,2.0
City Life,Medium,Mumbai,City Life,High,Maharashtra,3.5
City Life,Medium,Alibaug,Beach,Low,Maharashtra,2.0
Religious,Medium,Dandeli,Adventure,Low,Karnataka,2.01
Religious,Low,Nainital,Hill Station,Low,Uttarakhand,2.9
Religious,Medium,Gangtok,Hill Station,High,Sikkim,1.41
City Life,Medium,Puri,Beach,High,Odisha,1.4
City Life,Low,Radhanagar,Beach,High,Andaman,1.41
Historical,High,Manali,Hill Station,Low,Himachal,2.01
Hill Station,High,Puri,Beach,High,Odisha,2.9
Hill Station,Medium,Shillong,Hill Station,Medium,Meghalaya,5.0
Historical,High,Spiti,Adventure,Medium,Himachal,2.0
City Life,Medium,Puri,Beach,High,Odisha,1.41
Hill Station,High,Red Fort,Historical,High,Delhi,2.91
Hill Station,Low,Puri,Beach,Low,Odisha,2.9
Adventure,Medium,Nainital,Hill Station,Low,Uttarakhand,2.0
Hill Station,Low,Manali,Hill Station,Medium,Himachal,3.5
Wildlife,High,CP,City Life,Low,Delhi,2.0
Beach,High,Ajanta,Historical,High,Maharashtra,2.91
Historical,Low,Baga,Beach,High,Goa,1.4
Historical,Medium,Hyderabad,City Life,Medium,Telangana,2.91
Hill Station,High,Kanha,Wildlife,Medium,MP,2.01
Adventure,High,Khajuraho,Historical,Medium,MP,2.01
Beach,High,Puri,Beach,Low,Odisha,4.1
Hill Station,High,Jaipur,Historical,Low,Rajasthan,2.01
Religious,Low,Dandeli,Adventure,High,Karnataka,1.41
Wildlife,Low,Kolkata,City Life,Medium,West Bengal,1.41
Religious,Medium,Nalanda,Historical,Low,Bihar,2.0
Beach,Low,Varanasi,Religious,Medium,UP,1.4
Religious,Medium,Tawang,Adventure,Low,Arunachal,2.01
Beach,Low,Amritsar,Religious,Medium,Punjab,1.4
Hill Station,Medium,Dandeli,Adventure,Medium,Karnataka,2.9
Hill Station,High,Gangtok,Hill Station,High,Sikkim,5.0
Religious,High,Bodh Gaya,Religious,Medium,Bihar,4.11
Wildlife,High,Ajanta,Historical,Medium,Maharashtra,2.0
Historical,Medium,Manali,Hill Station,High,Himachal,1.4
Adventure,Low,CP,City Life,High,Delhi,1.41
City Life,Medium,Baga,Beach,High,Goa,1.41
Religious,Medium,Puri,Beach,Low,Odisha,2.0
Beach,Medium,Gulmarg,Hill Station,Medium,Kashmir,2.9
Wildlife,Medium,Ranthambore,Wildlife,High,Rajasthan,3.5
Hill Station,Medium,Gulmarg,Hill Station,High,Kashmir,3.51
Wildlife,Medium,Tawang,Adventure,Low,Arunachal,2.01
Beach,High,Rishikesh,Adventure,High,Uttarakhand,2.9
Beach,High,Amritsar,Religious,High,Punjab,2.91
City Life,High,Nainital,Hill Station,High,Uttarakhand,2.9
City Life,Low,Gangtok,Hill Station,Low,Sikkim,2.91
Hill Station,High,Varkala,Beach,Low,Kerala,2.01
Historical,High,Somnath,Religious,High,Gujarat,2.91
Adventure,Low,Amritsar,Religious,High,Punjab,1.4
Beach,Medium,Red Fort,Historical,High,Delhi,1.4
Adventure,Medium,Puri,Beach,Medium,Odisha,2.91
City Life,High,CP,City Life,Low,Delhi,4.11
Adventure,High,Marina,Beach,Medium,Tamil Nadu,2.0
Wildlife,High,Tawang,Adventure,Low,Arunachal,2.01
Beach,Medium,Nalanda,Historical,High,Bihar,1.4
Religious,Medium,Kanha,Wildlife,Medium,MP,2.91
Religious,High,Gir,Wildlife,Low,Gujarat,2.01
Wildlife,High,Gangtok,Hill Station,Medium,Sikkim,2.01
Adventure,Medium,Kolkata,City Life,Medium,West Bengal,2.9
Adventure,Low,Zulruk,Adventure,Low,Sikkim,5.0
Adventure,Low,Kolkata,City Life,Medium,West Bengal,1.41
Beach,High,Leh,Adventure,Medium,Ladakh,2.01
Wildlife,Medium,Zulruk,Adventure,Low,Sikkim,2.01
Historical,Medium,Kaziranga,Wildlife,High,Assam,1.41
Religious,Medium,Spiti,Adventure,Low,Himachal,2.0
Religious,High,Yadadri,Religious,Low,Telangana,4.11
City Life,Medium,Khajuraho,Historical,Medium,MP,2.9
Beach,Medium,Leh,Adventure,Low,Ladakh,2.01
Religious,High,CP,City Life,Medium,Delhi,2.01
Hill Station,Low,Varkala,Beach,Medium,Kerala,1.41
Adventure,High,Tawang,Adventure,High,Arunachal,5.0
Adventure,Low,Manali,Hill Station,Medium,Himachal,1.41
Religious,High,Baga,Beach,High,Goa,2.91
City Life,High,Manali,Hill Station,Low,Himachal,2.01
Adventure,High,Baga,Beach,Low,Goa,2.01
Hill Station,High,Kaziranga,Wildlife,Low,Assam,2.01
Religious,High,Spiti,Adventure,High,Himachal,2.9
Hill Station,Low,Gir,Wildlife,Medium,Gujarat,1.41
Adventure,Low,Nainital,Hill Station,Low,Uttarakhand,2.9
Wildlife,Low,Kanha,Wildlife,Medium,MP,3.5
Historical,High,Kanha,Wildlife,High,MP,2.9
Religious,Low,Red Fort,Historical,Medium,Delhi,1.4
City Life,High,Ranthambore,Wildlife,High,Rajasthan,2.9
Hill Station,Medium,Nalanda,Historical,Medium,Bihar,2.91
Historical,High,Spiti,Adventure,Medium,Himachal,2.0
Historical,Medium,Bangalore,City Life,High,Karnataka,1.41
Religious,High,Mumbai,City Life,Low,Maharashtra,2.0
Wildlife,Medium,Ahmedabad,City Life,Low,Gujarat,2.0
Hill Station,High,Ranthambore,Wildlife,High,Rajasthan,2.9
Adventure,Low,Amritsar,Religious,Medium,Punjab,1.4
City Life,Low,Amritsar,Religious,High,Punjab,1.41
Adventure,High,Varkala,Beach,Low,Kerala,2.01
Religious,Low,Leh,Adventure,High,Ladakh,1.41
Adventure,Low,Amritsar,Religious,Medium,Punjab,1.4
Adventure,High,Dandeli,Adventure,Low,Karnataka,4.11
Wildlife,Low,Zulruk,Adventure,High,Sikkim,1.41
Hill Station,Low,Gangtok,Hill Station,High,Sikkim,3.5
Historical,Low,Kaziranga,Wildlife,High,Assam,1.41
City Life,Low,Bangalore,City Life,Low,Karnataka,5.0
Beach,Low,Kaziranga,Wildlife,High,Assam,1.4
Adventure,High,Somnath,Religious,Low,Gujarat,2.0
Religious,Low,Somnath,Religious,Low,Gujarat,5.0
Beach,Medium,Marina,Beach,Medium,Tamil Nadu,5.0
Adventure,Low,Leh,Adventure,Low,Ladakh,5.0
Wildlife,High,CP,City Life,Low,Delhi,2.01
City Life,Low,Khajuraho,Historical,Low,MP,2.9
Historical,Medium,Leh,Adventure,High,Ladakh,1.41
Wildlife,High,Jaipur,Historical,Medium,Rajasthan,2.01
City Life,Low,Somnath,Religious,Low,Gujarat,2.9
Religious,Low,Shillong,Hill Station,High,Meghalaya,1.4
Adventure,Medium,Kaziranga,Wildlife,Medium,Assam,2.9
Adventure,High,Leh,Adventure,High,Ladakh,5.0
Hill Station,High,Hampi,Historical,High,Karnataka,2.91
Hill Station,Low,Jim Corbett,Wildlife,High,Uttarakhand,1.41
City Life,High,Kaziranga,Wildlife,Low,Assam,2.01
Adventure,High,CP,City Life,Low,Delhi,2.0
Historical,Low,Yadadri,Religious,Medium,Telangana,1.41
Wildlife,Medium,Puri,Beach,Low,Odisha,2.01
Historical,Low,Hyderabad,City Life,High,Telangana,1.41
Wildlife,Medium,Kaziranga,Wildlife,High,Assam,3.51
Hill Station,Medium,Amritsar,Religious,High,Punjab,1.41
Hill Station,Medium,Hyderabad,City Life,High,Telangana,1.4
Historical,Low,Nainital,Hill Station,High,Uttarakhand,1.4
Adventure,Low,Rishikesh,Adventure,Low,Uttarakhand,5.0
Beach,Medium,Nalanda,Historical,Medium,Bihar,2.9
Wildlife,Medium,Tawang,Adventure,Low,Arunachal,2.0
Beach,Medium,Spiti,Adventure,High,Himachal,1.4
Historical,High,Varkala,Beach,High,Kerala,2.9
Beach,Medium,Kolkata,City Life,Low,West Bengal,2.01
Beach,Low,Spiti,Adventure,Low,Himachal,2.9
Religious,Medium,Amritsar,Religious,Low,Punjab,4.1
Historical,Low,Bandipur,Wildlife,Low,Karnataka,2.9
Religious,Medium,Alibaug,Beach,Low,Maharashtra,2.0
Historical,High,Hampi,Historical,Medium,Karnataka,4.11
Historical,Low,Mumbai,City Life,Medium,Maharashtra,1.4
Beach,High,Red Fort,Historical,Medium,Delhi,2.0
Historical,Medium,Alibaug,Beach,Low,Maharashtra,2.01
City Life,Medium,Bandipur,Wildlife,Medium,Karnataka,2.9
Historical,Medium,Spiti,Adventure,High,Himachal,1.4
Beach,Medium,Red Fort,Historical,High,Delhi,1.41
Hill Station,Medium,Yadadri,Religious,Medium,Telangana,2.91
Wildlife,Low,Jaipur,Historical,High,Rajasthan,1.4
Beach,Medium,Nainital,Hill Station,High,Uttarakhand,1.41
Beach,Medium,Puri,Beach,Low,Odisha,4.11
Religious,Medium,Mumbai,City Life,Low,Maharashtra,2.0
Hill Station,Low,Bandipur,Wildlife,Medium,Karnataka,1.4
Hill Station,Low,Ranthambore,Wildlife,Low,Rajasthan,2.9
Wildlife,Medium,Alibaug,Beach,Medium,Maharashtra,2.9
Religious,High,Jaipur,Historical,High,Rajasthan,2.91
Adventure,High,Amritsar,Religious,High,Punjab,2.91
Historical,Medium,Rishikesh,Adventure,Low,Uttarakhand,2.0
City Life,Low,Spiti,Adventure,Medium,Himachal,1.41
Hill Station,Medium,Leh,Adventure,Low,Ladakh,2.0
Hill Station,Low,Jim Corbett,Wildlife,Low,Uttarakhand,2.91
Historical,High,Hampi,Historical,High,Karnataka,5.0
Beach,Medium,Baga,Beach,High,Goa,3.51
Beach,Low,Ranthambore,Wildlife,High,Rajasthan,1.4
Historical,Low,Ranthambore,Wildlife,Low,Rajasthan,2.9
Hill Station,Medium,Dandeli,Adventure,Medium,Karnataka,2.91
Historical,Medium,Bangalore,City Life,High,Karnataka,1.41
Hill Station,Medium,Nalanda,Historical,High,Bihar,1.41
Wildlife,High,Red Fort,Historical,Medium,Delhi,2.0
Religious,Low,Ajanta,Historical,High,Maharashtra,1.41
Religious,High,Amritsar,Religious,Low,Punjab,4.11
Religious,Low,Ahmedabad,City Life,Medium,Gujarat,1.41
Adventure,Low,Yadadri,Religious,High,Telangana,1.4
Hill Station,Medium,Somnath,Religious,Low,Gujarat,2.01
Hill Station,Medium,Jaipur,Historical,High,Rajasthan,1.41
Religious,Low,Bangalore,City Life,High,Karnataka,1.4
Beach,High,Shillong,Hill Station,Medium,Meghalaya,2.0
Adventure,Medium,Somnath,Religious,High,Gujarat,1.41
City Life,High,Gir,Wildlife,Medium,Gujarat,2.01
Adventure,High,Hyderabad,City Life,Medium,Telangana,2.0
City Life,High,Shillong,Hill Station,Medium,Meghalaya,2.01
City Life,Medium,Puri,Beach,Medium,Odisha,2.91
Beach,Low,Ranthambore,Wildlife,Low,Rajasthan,2.9
Religious,High,Bandipur,Wildlife,High,Karnataka,2.9
Adventure,Low,Nainital,Hill Station,Medium,Uttarakhand,1.4
Beach,High,Gulmarg,Hill Station,High,Kashmir,2.91
Hill Station,Medium,Alibaug,Beach,Low,Maharashtra,2.01
Beach,Medium,Bangalore,City Life,High,Karnataka,1.41
Historical,Medium,Nalanda,Historical,Low,Bihar,4.11
City Life,High,Jim Corbett,Wildlife,High,Uttarakhand,2.9
Wildlife,Medium,Manali,Hill Station,Low,Himachal,2.01
Historical,Medium,Ooty,Hill Station,High,Tamil Nadu,1.4
Historical,Medium,Kolkata,City Life,High,West Bengal,1.41
Adventure,Low,Kaziranga,Wildlife,High,Assam,1.4
Wildlife,Medium,Jaipur,Historical,Low,Rajasthan,2.0
Historical,High,Baga,Beach,Medium,Goa,2.0
Religious,Medium,Khajuraho,Historical,High,MP,1.41
Wildlife,High,Jaipur,Historical,Medium,Rajasthan,2.0
Historical,Medium,Marina,Beach,High,Tamil Nadu,1.41
Wildlife,Low,Kaziranga,Wildlife,Medium,Assam,3.5
Adventure,Low,Gangtok,Hill Station,High,Sikkim,1.41
Beach,High,Manali,Hill Station,Medium,Himachal,2.01
Beach,Medium,Zulruk,Adventure,Low,Sikkim,2.0
Historical,High,Yadadri,Religious,High,Telangana,2.91
Historical,High,Marina,Beach,High,Tamil Nadu,2.9
Historical,Medium,Rishikesh,Adventure,High,Uttarakhand,1.4
Hill Station,Low,Marina,Beach,High,Tamil Nadu,1.41
Historical,Medium,Yadadri,Religious,Medium,Telangana,2.9
City Life,Medium,Bodh Gaya,Religious,High,Bihar,1.41
Hill Station,High,Somnath,Religious,Low,Gujarat,2.0
Historical,Medium,Radhanagar,Beach,Medium,Andaman,2.9
Hill Station,Medium,Alibaug,Beach,Low,Maharashtra,2.0
Hill Station,Low,CP,City Life,Low,Delhi,2.91
Wildlife,High,Bangalore,City Life,High,Karnataka,2.9
Adventure,High,Radhanagar,Beach,High,Andaman,2.91
Hill Station,Low,Jim Corbett,Wildlife,Low,Uttarakhand,2.9
Adventure,High,Tawang,Adventure,Low,Arunachal,4.11
Hill Station,Low,Puri,Beach,High,Odisha,1.41
Beach,Low,Kaziranga,Wildlife,High,Assam,1.4
Wildlife,Low,Nalanda,Historical,Medium,Bihar,1.41
Religious,Medium,Puri,Beach,High,Odisha,1.41
City Life,Low,Jaipur,Historical,Low,Rajasthan,2.9
City Life,Low,Zulruk,Adventure,High,Sikkim,1.4
Religious,Low,Baga,Beach,Low,Goa,2.91
Beach,High,Nainital,Hill Station,High,Uttarakhand,2.9
Adventure,High,Puri,Beach,Low,Odisha,2.0
Religious,Low,Spiti,Adventure,Medium,Himachal,1.4
Historical,Low,Ranthambore,Wildlife,Low,Rajasthan,2.9
Beach,High,Bangalore,City Life,Medium,Karnataka,2.0
Religious,Medium,Jim Corbett,Wildlife,Medium,Uttarakhand,2.9
City Life,High,Bangalore,City Life,Low,Karnataka,4.1
Religious,High,Alibaug,Beach,Low,Maharashtra,2.0
Historical,Low,Hampi,Historical,Medium,Karnataka,3.51
Historical,High,Ahmedabad,City Life,Low,Gujarat,2.0
Hill Station,Medium,Bandipur,Wildlife,High,Karnataka,1.4
Beach,Medium,Bandipur,Wildlife,Medium,Karnataka,2.91
Adventure,Medium,Shillong,Hill Station,Low,Meghalaya,2.01
Religious,High,Mumbai,City Life,High,Maharashtra,2.91
Religious,Low,Alibaug,Beach,Medium,Maharashtra,1.41
City Life,Low,Somnath,Religious,Medium,Gujarat,1.4
City Life,Low,Hyderabad,City Life,Medium,Telangana,3.51
Historical,High,Spiti,Adventure,Medium,Himachal,2.01
Hill Station,High,Dandeli,Adventure,Low,Karnataka,2.0
Wildlife,High,Zulruk,Adventure,Low,Sikkim,2.0
Historical,Low,Mumbai,City Life,Low,Maharashtra,2.91
Wildlife,Medium,Amritsar,Religious,Medium,Punjab,2.91
Historical,Low,Kaziranga,Wildlife,High,Assam,1.4
Wildlife,Low,Bandipur,Wildlife,High,Karnataka,3.51
City Life,Low,Zulruk,Adventure,High,Sikkim,1.41
Beach,Low,Dandeli,Adventure,High,Karnataka,1.4
Beach,Medium,Khajuraho,Historical,Medium,MP,2.9
Religious,Medium,Kanha,Wildlife,High,MP,1.4
Historical,Low,Somnath,Religious,Medium,Gujarat,1.4
Wildlife,High,Tawang,Adventure,Medium,Arunachal,2.01
Historical,Low,Varkala,Beach,High,Kerala,1.41
Wildlife,High,Varanasi,Religious,High,UP,2.91
Beach,High,Baga,Beach,Medium,Goa,4.1
Historical,High,Marina,Beach,Medium,Tamil Nadu,2.0
Religious,Low,Bangalore,City Life,Medium,Karnataka,1.41
Hill Station,High,Red Fort,Historical,Low,Delhi,2.01
Adventure,High,Amritsar,Religious,High,Punjab,2.91
Wildlife,Low,Mumbai,City Life,Low,Maharashtra,2.9
Hill Station,High,Tawang,Adventure,Low,Arunachal,2.0
Adventure,Medium,Zulruk,Adventure,Low,Sikkim,4.1
Beach,High,Madurai,Religious,High,Tamil Nadu,2.9
Religious,High,Bodh Gaya,Religious,High,Bihar,5.0
Religious,Medium,Madurai,Religious,High,Tamil Nadu,3.51
Hill Station,Low,Manali,Hill Station,Medium,Himachal,3.5
Historical,Low,Amritsar,Religious,Medium,Punjab,1.41
Beach,Medium,Baga,Beach,Low,Goa,4.11
Religious,High,Hampi,Historical,Medium,Karnataka,2.01
Wildlife,High,Amritsar,Religious,Medium,Punjab,2.0
Historical,Low,Mumbai,City Life,Medium,Maharashtra,1.41
Religious,Medium,Yadadri,Religious,Medium,Telangana,5.0
Religious,Medium,Leh,Adventure,High,Ladakh,1.4
City Life,High,Bandipur,Wildlife,Medium,Karnataka,2.0
Historical,High,Dandeli,Adventure,Low,Karnataka,2.01
Wildlife,High,Hyderabad,City Life,Low,Telangana,2.0
City Life,Low,Gangtok,Hill Station,Low,Sikkim,2.9
Religious,High,Varanasi,Religious,Medium,UP,4.1
Wildlife,Medium,Varkala,Beach,Medium,Kerala,2.9
Historical,Medium,Nalanda,Historical,Medium,Bihar,5.0
Beach,Medium,Nalanda,Historical,Medium,Bihar,2.9
Religious,Medium,Bandipur,Wildlife,High,Karnataka,1.4
Hill Station,Medium,Rishikesh,Adventure,High,Uttarakhand,1.4
Wildlife,Medium,Gangtok,Hill Station,Medium,Sikkim,2.91
Wildlife,Low,Kolkata,City Life,Medium,West Bengal,1.41
Hill Station,Medium,Hampi,Historical,High,Karnataka,1.41
Beach,High,Alibaug,Beach,Medium,Maharashtra,4.1
Hill Station,High,Ajanta,Historical,Low,Maharashtra,2.01
Beach,Low,Gangtok,Hill Station,Low,Sikkim,2.91
Beach,Low,Alibaug,Beach,Low,Maharashtra,5.0
City Life,Medium,Jim Corbett,Wildlife,Medium,Uttarakhand,2.9
Adventure,Low,Zulruk,Adventure,High,Sikkim,3.5
Hill Station,Low,Gir,Wildlife,Low,Gujarat,2.91
Religious,High,Bangalore,City Life,High,Karnataka,2.9
Adventure,Low,CP,City Life,Low,Delhi,2.9
Adventure,High,Amritsar,Religious,Low,Punjab,2.0
City Life,High,Jaipur,Historical,High,Rajasthan,2.91
Adventure,High,Ajanta,Historical,Medium,Maharashtra,2.0
City Life,Low,Baga,Beach,High,Goa,1.41
Historical,High,Bandipur,Wildlife,Medium,Karnataka,2.0
City Life,Low,Dandeli,Adventure,Low,Karnataka,2.91
City Life,Low,Tawang,Adventure,Low,Arunachal,2.9
Historical,High,Madurai,Religious,Low,Tamil Nadu,2.0
Historical,Medium,Ooty,Hill Station,Medium,Tamil Nadu,2.9
Historical,Medium,Baga,Beach,High,Goa,1.4
Religious,Medium,Jim Corbett,Wildlife,High,Uttarakhand,1.4
Adventure,High,Hampi,Historical,High,Karnataka,2.91
Hill Station,High,Gulmarg,Hill Station,Low,Kashmir,4.11
Historical,Low,Khajuraho,Historical,Medium,MP,3.51
Beach,High,Ahmedabad,City Life,High,Gujarat,2.9
Religious,Low,Manali,Hill Station,High,Himachal,1.4
Adventure,Medium,Nalanda,Historical,Low,Bihar,2.01
Wildlife,Medium,Gangtok,Hill Station,High,Sikkim,1.4
Beach,Medium,Dandeli,Adventure,High,Karnataka,1.4
Religious,Low,Manali,Hill Station,Low,Himachal,2.9
Wildlife,High,Yadadri,Religious,High,Telangana,2.9
Religious,High,Gir,Wildlife,Medium,Gujarat,2.0
Wildlife,Low,Amritsar,Religious,High,Punjab,1.4
Beach,Medium,Jaipur,Historical,Medium,Rajasthan,2.91
Adventure,High,Rishikesh,Adventure,Medium,Uttarakhand,4.1
Wildlife,Low,Ajanta,Historical,High,Maharashtra,1.41
Beach,Low,Bandipur,Wildlife,Low,Karnataka,2.91
City Life,High,Somnath,Religious,Low,Gujarat,2.0
Historical,Low,Kolkata,City Life,Low,West Bengal,2.9
Religious,Low,Baga,Beach,Low,Goa,2.91
Historical,Low,Nainital,Hill Station,Medium,Uttarakhand,1.4
Historical,Low,Spiti,Adventure,High,Himachal,1.4
Religious,Low,Madurai,Religious,Low,Tamil Nadu,5.0
Adventure,Low,Varanasi,Religious,Medium,UP,1.4
City Life,High,Manali,Hill Station,Medium,Himachal,2.0
Wildlife,Low,Varanasi,Religious,Medium,UP,1.4
Hill Station,Low,Alibaug,Beach,Low,Maharashtra,2.91
Wildlife,Medium,Shillong,Hill Station,Low,Meghalaya,2.0
Beach,High,Hampi,Historical,High,Karnataka,2.91
Wildlife,High,CP,City Life,High,Delhi,2.9
Historical,High,Bangalore,City Life,High,Karnataka,2.91
City Life,Low,Shillong,Hill Station,Medium,Meghalaya,1.41
Religious,Medium,Bandipur,Wildlife,Low,Karnataka,2.0
City Life,Medium,Puri,Beach,High,Odisha,1.41
Religious,Low,Ahmedabad,City Life,Low,Gujarat,2.91
Wildlife,Low,Shillong,Hill Station,Low,Meghalaya,2.9
Beach,Low,Leh,Adventure,Medium,Ladakh,1.4
City Life,Low,Marina,Beach,High,Tamil Nadu,1.41
Adventure,High,Baga,Beach,Low,Goa,2.01
Beach,High,Gir,Wildlife,Low,Gujarat,2.0
Religious,Medium,Nalanda,Historical,Low,Bihar,2.01
Historical,Low,Nainital,Hill Station,High,Uttarakhand,1.4
Adventure,Medium,Manali,Hill Station,Low,Himachal,2.0
Adventure,High,Rishikesh,Adventure,Medium,Uttarakhand,4.11
Hill Station,High,CP,City Life,Low,Delhi,2.0
City Life,Medium,Spiti,Adventure,High,Himachal,1.4
City Life,Low,Gulmarg,Hill Station,High,Kashmir,1.4
Adventure,High,CP,City Life,Medium,Delhi,2.0
Hill Station,Medium,Gir,Wildlife,Low,Gujarat,2.0
Historical,High,Somnath,Religious,Medium,Gujarat,2.0
Religious,Medium,Kaziranga,Wildlife,Low,Assam,2.01
City Life,Low,Alibaug,Beach,Low,Maharashtra,2.9
Adventure,High,Puri,Beach,Medium,Odisha,2.0
Religious,Medium,Bodh Gaya,Religious,High,Bihar,3.5
Wildlife,High,Khajuraho,Historical,Medium,MP,2.0
Adventure,Medium,Marina,Beach,Medium,Tamil Nadu,2.9
City Life,High,Manali,Hill Station,Low,Himachal,2.0
Historical,Low,CP,City Life,High,Delhi,1.41
Historical,Medium,Bangalore,City Life,Low,Karnataka,2.01
City Life,Low,Bodh Gaya,Religious,Medium,Bihar,1.4
Religious,High,Shillong,Hill Station,Low,Meghalaya,2.0
Religious,Medium,Somnath,Religious,High,Gujarat,3.51
Religious,Medium,Marina,Beach,Low,Tamil Nadu,2.0
Wildlife,Medium,Manali,Hill Station,Medium,Himachal,2.9
Adventure,High,Alibaug,Beach,Low,Maharashtra,2.0
Religious,Medium,Hyderabad,City Life,High,Telangana,1.4
City Life,Low,Nalanda,Historical,High,Bihar,1.41
City Life,Low,Gir,Wildlife,High,Gujarat,1.41
Hill Station,Low,Jaipur,Historical,Low,Rajasthan,2.91
Adventure,Low,Kaziranga,Wildlife,High,Assam,1.41
Beach,High,Puri,Beach,Medium,Odisha,4.1
Religious,Low,Gangtok,Hill Station,Low,Sikkim,2.91
Adventure,Low,Shillong,Hill Station,High,Meghalaya,1.41
Historical,Medium,Kolkata,City Life,Medium,West Bengal,2.91
City Life,Low,Bodh Gaya,Religious,High,Bihar,1.4
Wildlife,Low,Ahmedabad,City Life,Medium,Gujarat,1.4
Historical,Medium,Ranthambore,Wildlife,High,Rajasthan,1.41
Historical,Low,Puri,Beach,High,Odisha,1.4
Hill Station,Medium,Hyderabad,City Life,Low,Telangana,2.0
Beach,Medium,Radhanagar,Beach,High,Andaman,3.51
Religious,Low,CP,City Life,Low,Delhi,2.91
Wildlife,Medium,Ajanta,Historical,Low,Maharashtra,2.0
Wildlife,Medium,Madurai,Religious,Low,Tamil Nadu,2.01
Wildlife,Low,Jim Corbett,Wildlife,High,Uttarakhand,3.5
Hill Station,Low,Madurai,Religious,Low,Tamil Nadu,2.9
Religious,High,Nainital,Hill Station,Low,Uttarakhand,2.0
Historical,Medium,Alibaug,Beach,Medium,Maharashtra,2.91
Beach,Low,Ooty,Hill Station,Low,Tamil Nadu,2.9
Religious,High,Gangtok,Hill Station,Medium,Sikkim,2.01
Historical,Low,Gangtok,Hill Station,High,Sikkim,1.4
Beach,Medium,Leh,Adventure,Medium,Ladakh,2.9
Hill Station,High,Gulmarg,Hill Station,Medium,Kashmir,4.1
Hill Station,High,Red Fort,Historical,High,Delhi,2.91
Historical,High,Marina,Beach,Medium,Tamil Nadu,2.0
Wildlife,Medium,Radhanagar,Beach,High,Andaman,1.4
City Life,Medium,Gangtok,Hill Station,Low,Sikkim,2.0
Religious,Medium,Gangtok,Hill Station,Low,Sikkim,2.01
Religious,Low,Leh,Adventure,Low,Ladakh,2.91
Wildlife,Low,Somnath,Religious,Low,Gujarat,2.9
Adventure,Low,Ajanta,Historical,High,Maharashtra,1.4
Religious,Medium,Leh,Adventure,Low,Ladakh,2.01
Religious,Low,Amritsar,Religious,High,Punjab,3.5
City Life,High,Mumbai,City Life,Medium,Maharashtra,4.11
Historical,Low,Rishikesh,Adventure,Low,Uttarakhand,2.91
City Life,High,Leh,Adventure,Medium,Ladakh,2.0
Historical,High,Somnath,Religious,Low,Gujarat,2.0
Historical,Low,Spiti,Adventure,Medium,Himachal,1.4
Religious,High,Kanha,Wildlife,Low,MP,2.01
Adventure,Medium,Dandeli,Adventure,High,Karnataka,3.5
Wildlife,Low,Baga,Beach,Low,Goa,2.91
Adventure,Low,Kanha,Wildlife,Medium,MP,1.4
Adventure,High,Kolkata,City Life,Medium,West Bengal,2.01
City Life,Low,Tawang,Adventure,Low,Arunachal,2.91
Wildlife,Low,Varkala,Beach,Medium,Kerala,1.41
Wildlife,Medium,Tawang,Adventure,Medium,Arunachal,2.91
City Life,Low,Khajuraho,Historical,High,MP,1.4
Beach,Medium,Ahmedabad,City Life,Medium,Gujarat,2.9
Beach,Medium,Spiti,Adventure,High,Himachal,1.4
Historical,Low,Hyderabad,City Life,Medium,Telangana,1.41
Religious,Low,Marina,Beach,Medium,Tamil Nadu,1.41
Hill Station,Medium,Gir,Wildlife,Low,Gujarat,2.01
Wildlife,High,Rishikesh,Adventure,High,Uttarakhand,2.9
Beach,High,Ahmedabad,City Life,Medium,Gujarat,2.0
Wildlife,High,Leh,Adventure,Low,Ladakh,2.01
Historical,Medium,Jaipur,Historical,High,Rajasthan,3.51
City Life,Medium,Kanha,Wildlife,Medium,MP,2.91
City Life,Medium,Hyderabad,City Life,High,Telangana,3.51
Religious,High,Manali,Hill Station,Low,Himachal,2.0
Adventure,Low,Tawang,Adventure,Medium,Arunachal,3.5
Religious,Low,Somnath,Religious,High,Gujarat,3.5
City Life,Medium,Puri,Beach,Medium,Odisha,2.91
Religious,Medium,Bandipur,Wildlife,High,Karnataka,1.41
Historical,Low,Yadadri,Religious,High,Telangana,1.41
Hill Station,Low,Puri,Beach,High,Odisha,1.41
Hill Station,High,Bandipur,Wildlife,Low,Karnataka,2.0
Hill Station,Medium,Mumbai,City Life,High,Maharashtra,1.41
Religious,Low,Kolkata,City Life,Medium,West Bengal,1.4
City Life,Medium,Mumbai,City Life,Medium,Maharashtra,5.0
Historical,High,Leh,Adventure,High,Ladakh,2.91
Beach,Low,Bodh Gaya,Religious,Low,Bihar,2.9
Wildlife,Medium,Gir,Wildlife,Medium,Gujarat,5.0
City Life,High,Puri,Beach,High,Odisha,2.91
Historical,Medium,Hampi,Historical,Low,Karnataka,4.11
City Life,Medium,Kaziranga,Wildlife,High,Assam,1.4
Wildlife,Low,Shillong,Hill Station,Medium,Meghalaya,1.4
Religious,High,Yadadri,Religious,Low,Telangana,4.1
Historical,Low,Amritsar,Religious,Low,Punjab,2.9
City Life,Low,Tawang,Adventure,Low,Arunachal,2.9
Historical,High,Tawang,Adventure,Medium,Arunachal,2.01
City Life,Low,Mumbai,City Life,High,Maharashtra,3.5
Adventure,Medium,Baga,Beach,Medium,Goa,2.91
Beach,Medium,Manali,Hill Station,High,Himachal,1.4
Adventure,Medium,Red Fort,Historical,Low,Delhi,2.0
Adventure,Low,Gangtok,Hill Station,Medium,Sikkim,1.4
Beach,Medium,Somnath,Religious,Medium,Gujarat,2.91
Hill Station,Medium,Spiti,Adventure,Medium,Himachal,2.9
Religious,Medium,Spiti,Adventure,Medium,Himachal,2.9
Hill Station,Medium,Alibaug,Beach,Low,Maharashtra,2.01
Adventure,Low,CP,City Life,Low,Delhi,2.9
Historical,Medium,Alibaug,Beach,Low,Maharashtra,2.0
City Life,Medium,Alibaug,Beach,Low,Maharashtra,2.0
Wildlife,Medium,Hyderabad,City Life,Low,Telangana,2.0
Hill Station,Medium,Ahmedabad,City Life,Low,Gujarat,2.0
Hill Station,Medium,Ooty,Hill Station,Medium,Tamil Nadu,5.0
Historical,Low,Marina,Beach,High,Tamil Nadu,1.4
Beach,Medium,Somnath,Religious,Low,Gujarat,2.01
Beach,High,Ranthambore,Wildlife,High,Rajasthan,2.9
City Life,High,Hampi,Historical,Low,Karnataka,2.01
Historical,Low,Dandeli,Adventure,Medium,Karnataka,1.41
Historical,Low,Red Fort,Historical,Medium,Delhi,3.5
Beach,High,Khajuraho,Historical,Medium,MP,2.0
Beach,Low,Red Fort,Historical,Medium,Delhi,1.4
Religious,Low,Marina,Beach,High,Tamil Nadu,1.41
Adventure,Low,Khajuraho,Historical,Medium,MP,1.4
Hill Station,Medium,Kanha,Wildlife,Medium,MP,2.91
Religious,Low,Jim Corbett,Wildlife,High,Uttarakhand,1.4
Religious,Low,Rishikesh,Adventure,Low,Uttarakhand,2.91
Hill Station,Medium,Ooty,Hill Station,Medium,Tamil Nadu,5.0
Beach,Medium,Jaipur,Historical,Medium,Rajasthan,2.9
Historical,Low,Bodh Gaya,Religious,High,Bihar,1.4
Hill Station,High,Spiti,Adventure,Medium,Himachal,2.01
Hill Station,Medium,Hampi,Historical,High,Karnataka,1.41
Wildlife,Low,Yadadri,Religious,Medium,Telangana,1.41
Beach,Medium,Alibaug,Beach,High,Maharashtra,3.51
Beach,Low,Ajanta,Historical,High,Maharashtra,1.4
Historical,Medium,Ajanta,Historical,High,Maharashtra,3.5
Historical,Medium,Bandipur,Wildlife,Medium,Karnataka,2.9
City Life,High,Varkala,Beach,Low,Kerala,2.01
Adventure,Low,Dandeli,Adventure,High,Karnataka,3.51
Historical,High,Jaipur,Historical,High,Rajasthan,5.0
Wildlife,Medium,Yadadri,Religious,Low,Telangana,2.01
Beach,Medium,Hyderabad,City Life,Medium,Telangana,2.9
Beach,Low,Baga,Beach,Medium,Goa,3.51
City Life,Medium,Bangalore,City Life,Medium,Karnataka,5.0
Wildlife,Low,Leh,Adventure,Medium,Ladakh,1.41
Wildlife,High,Zulruk,Adventure,Medium,Sikkim,2.01
City Life,Low,Ooty,Hill Station,High,Tamil Nadu,1.4
Hill Station,High,Gangtok,Hill Station,Low,Sikkim,4.11
Religious,Medium,Red Fort,Historical,High,Delhi,1.41
Adventure,High,Tawang,Adventure,High,Arunachal,5.0
Wildlife,Medium,Kaziranga,Wildlife,Medium,Assam,5.0
Beach,Low,Zulruk,Adventure,Low,Sikkim,2.9
Adventure,Medium,Ooty,Hill Station,Low,Tamil Nadu,2.0
Hill Station,Medium,Nainital,Hill Station,Low,Uttarakhand,4.11
Hill Station,High,Shillong,Hill Station,High,Meghalaya,5.0
Wildlife,High,Madurai,Religious,Medium,Tamil Nadu,2.01
Adventure,Low,Tawang,Adventure,Medium,Arunachal,3.5
Historical,Medium,Varanasi,Religious,Medium,UP,2.9
Historical,Low,Nalanda,Historical,Low,Bihar,5.0
Historical,Medium,Jaipur,Historical,Medium,Rajasthan,5.0
Wildlife,Medium,Leh,Adventure,High,Ladakh,1.41
Historical,High,Spiti,Adventure,High,Himachal,2.91
Religious,Low,Ahmedabad,City Life,High,Gujarat,1.4
Historical,Low,Ahmedabad,City Life,Medium,Gujarat,1.41
Adventure,High,Dandeli,Adventure,Medium,Karnataka,4.1
Religious,Low,Bodh Gaya,Religious,Medium,Bihar,3.51
Historical,Low,Mumbai,City Life,Low,Maharashtra,2.91
Wildlife,High,Somnath,Religious,Low,Gujarat,2.0
Historical,Medium,Nainital,Hill Station,High,Uttarakhand,1.41
Historical,Low,Shillong,Hill Station,High,Meghalaya,1.4
Hill Station,High,Bangalore,City Life,Low,Karnataka,2.0
Historical,Medium,Alibaug,Beach,High,Maharashtra,1.41
Wildlife,Medium,Kaziranga,Wildlife,Low,Assam,4.1
Wildlife,Medium,Marina,Beach,High,Tamil Nadu,1.4
Historical,Medium,Somnath,Religious,High,Gujarat,1.4
Adventure,Low,Jim Corbett,Wildlife,High,Uttarakhand,1.41
Beach,Medium,Somnath,Religious,High,Gujarat,1.41
City Life,Medium,Gangtok,Hill Station,Low,Sikkim,2.01
Historical,High,Kanha,Wildlife,Medium,MP,2.01
Historical,Low,Red Fort,Historical,Medium,Delhi,3.51
Beach,Medium,CP,City Life,Medium,Delhi,2.9
Religious,Medium,Dandeli,Adventure,Medium,Karnataka,2.9
Wildlife,Low,Bodh Gaya,Religious,Low,Bihar,2.9
Hill Station,High,Marina,Beach,High,Tamil Nadu,2.9
Wildlife,Low,Rishikesh,Adventure,Medium,Uttarakhand,1.41
Historical,Low,Madurai,Religious,Low,Tamil Nadu,2.9
Adventure,Low,Bangalore,City Life,High,Karnataka,1.4
Religious,Low,Bangalore,City Life,Low,Karnataka,2.9
Adventure,Medium,Baga,Beach,Low,Goa,2.01
Wildlife,High,Amritsar,Religious,High,Punjab,2.91
Religious,Medium,Kaziranga,Wildlife,High,Assam,1.41
Wildlife,Low,Baga,Beach,Medium,Goa,1.4
Wildlife,Medium,Gangtok,Hill Station,Medium,Sikkim,2.9
Hill Station,Medium,Ranthambore,Wildlife,Low,Rajasthan,2.0
Religious,Medium,Radhanagar,Beach,High,Andaman,1.41
Religious,Medium,Bodh Gaya,Religious,High,Bihar,3.51
City Life,Low,Red Fort,Historical,Low,Delhi,2.91
Wildlife,Medium,Ranthambore,Wildlife,High,Rajasthan,3.51
Historical,Low,Bangalore,City Life,High,Karnataka,1.4
Hill Station,Low,Jaipur,Historical,Low,Rajasthan,2.91
City Life,Low,Khajuraho,Historical,Low,MP,2.91
Beach,High,CP,City Life,High,Delhi,2.91
City Life,Medium,Gir,Wildlife,Medium,Gujarat,2.91
Adventure,Low,Nainital,Hill Station,Medium,Uttarakhand,1.4
Beach,High,Ajanta,Historical,Medium,Maharashtra,2.0
Historical,High,Spiti,Adventure,Low,Himachal,2.01
City Life,High,Nalanda,Historical,Medium,Bihar,2.0
Historical,Medium,Marina,Beach,Medium,Tamil Nadu,2.91
Adventure,Low,Kanha,Wildlife,Medium,MP,1.41
Religious,Low,Radhanagar,Beach,Medium,Andaman,1.4
Adventure,Low,Gangtok,Hill Station,Medium,Sikkim,1.41
Religious,High,Mumbai,City Life,Low,Maharashtra,2.01
Wildlife,Medium,Bangalore,City Life,Low,Karnataka,2.01
City Life,Medium,Rishikesh,Adventure,Medium,Uttarakhand,2.91
Historical,Medium,Rishikesh,Adventure,Medium,Uttarakhand,2.9
Religious,Medium,Varkala,Beach,Low,Kerala,2.01
Historical,High,Gir,Wildlife,Medium,Gujarat,2.01
Wildlife,Low,Gangtok,Hill Station,Low,Sikkim,2.91
Religious,Low,Puri,Beach,Medium,Odisha,1.4
Historical,Medium,Rishikesh,Adventure,High,Uttarakhand,1.41
Religious,High,Kanha,Wildlife,Low,MP,2.0
Historical,Low,Manali,Hill Station,Medium,Himachal,1.41
Historical,High,Radhanagar,Beach,Medium,Andaman,2.01
Religious,Medium,Bangalore,City Life,Medium,Karnataka,2.9
Wildlife,High,Varanasi,Religious,Medium,UP,2.01
City Life,Medium,Gir,Wildlife,Medium,Gujarat,2.9
Adventure,Medium,Gir,Wildlife,Low,Gujarat,2.01
Adventure,Medium,Puri,Beach,Low,Odisha,2.0
Wildlife,High,Varkala,Beach,Low,Kerala,2.01
Hill Station,Low,Bangalore,City Life,Medium,Karnataka,1.41
Wildlife,Low,Leh,Adventure,Medium,Ladakh,1.41
Adventure,High,Marina,Beach,High,Tamil Nadu,2.91
Hill Station,High,Jim Corbett,Wildlife,Medium,Uttarakhand,2.0
Historical,Medium,Yadadri,Religious,Low,Telangana,2.01
City Life,Medium,Bandipur,Wildlife,Medium,Karnataka,2.9
Religious,High,Kolkata,City Life,Low,West Bengal,2.0
Beach,Medium,Alibaug,Beach,Medium,Maharashtra,5.0
Adventure,Low,Marina,Beach,Low,Tamil Nadu,2.91
City Life,High,Varanasi,Religious,High,UP,2.91
Wildlife,Low,Radhanagar,Beach,Medium,Andaman,1.4
Religious,Low,Gir,Wildlife,Low,Gujarat,2.91
Adventure,Low,Varanasi,Religious,Low,UP,2.91
Hill Station,Low,Hampi,Historical,Low,Karnataka,2.9
Adventure,Medium,Shillong,Hill Station,High,Meghalaya,1.41
City Life,High,Hampi,Historical,High,Karnataka,2.9
Hill Station,Medium,Alibaug,Beach,Low,Maharashtra,2.0
Religious,Medium,Somnath,Religious,High,Gujarat,3.5
Wildlife,Low,Ooty,Hill Station,Low,Tamil Nadu,2.9
Hill Station,Low,Ooty,Hill Station,Medium,Tamil Nadu,3.5
Adventure,High,Bodh Gaya,Religious,High,Bihar,2.91
Religious,Medium,Yadadri,Religious,High,Telangana,3.5
Historical,High,Spiti,Adventure,High,Himachal,2.91
Wildlife,Medium,Kanha,Wildlife,High,MP,3.5
Adventure,Low,Gir,Wildlife,High,Gujarat,1.4
Wildlife,Medium,Madurai,Religious,Medium,Tamil Nadu,2.9
Historical,Medium,Gangtok,Hill Station,Medium,Sikkim,2.9
Adventure,High,Hyderabad,City Life,High,Telangana,2.91
City Life,Low,Marina,Beach,Low,Tamil Nadu,2.91
Historical,Low,Kanha,Wildlife,High,MP,1.4
City Life,High,Ranthambore,Wildlife,Low,Rajasthan,2.0
Historical,High,Madurai,Religious,Medium,Tamil Nadu,2.01
Hill Station,High,Varanasi,Religious,Medium,UP,2.0
Hill Station,High,Kolkata,City Life,High,West Bengal,2.91
City Life,Medium,Kaziranga,Wildlife,Medium,Assam,2.9
Historical,Low,Dandeli,Adventure,High,Karnataka,1.4
Adventure,Low,Ranthambore,Wildlife,Medium,Rajasthan,1.41
Adventure,Medium,CP,City Life,Low,Delhi,2.01
Adventure,Medium,Manali,Hill Station,High,Himachal,1.41
Religious,High,Bangalore,City Life,High,Karnataka,2.9
Religious,Medium,Jaipur,Historical,Low,Rajasthan,2.0
Religious,Medium,Yadadri,Religious,Low,Telangana,4.11
City Life,Low,Manali,Hill Station,Medium,Himachal,1.4
Beach,High,Marina,Beach,Low,Tamil Nadu,4.11
City Life,High,Manali,Hill Station,High,Himachal,2.91
Wildlife,Medium,Zulruk,Adventure,High,Sikkim,1.4
Hill Station,High,Ahmedabad,City Life,Low,Gujarat,2.01
Adventure,Medium,Spiti,Adventure,Medium,Himachal,5.0
Wildlife,Low,Kanha,Wildlife,Medium,MP,3.5
Beach,Medium,Spiti,Adventure,Low,Himachal,2.01
Beach,Medium,Spiti,Adventure,High,Himachal,1.4
Historical,Medium,Baga,Beach,Medium,Goa,2.91
Religious,High,Puri,Beach,High,Odisha,2.9
Adventure,Low,Bodh Gaya,Religious,High,Bihar,1.4
Adventure,High,Khajuraho,Historical,Low,MP,2.01
Hill Station,Low,Ahmedabad,City Life,Medium,Gujarat,1.41
Hill Station,High,Baga,Beach,High,Goa,2.91
Adventure,Medium,Ahmedabad,City Life,Low,Gujarat,2.0
Religious,High,Kanha,Wildlife,Low,MP,2.01
Hill Station,High,Varanasi,Religious,High,UP,2.91
City Life,High,Dandeli,Adventure,High,Karnataka,2.9
Wildlife,Low,Baga,Beach,Medium,Goa,1.41
Adventure,Low,Manali,Hill Station,Medium,Himachal,1.4
Adventure,Low,CP,City Life,Medium,Delhi,1.41
Hill Station,High,Gir,Wildlife,Low,Gujarat,2.01
Religious,Low,Kanha,Wildlife,Low,MP,2.9
Beach,Medium,Somnath,Religious,Low,Gujarat,2.0
Beach,High,Nalanda,Historical,High,Bihar,2.91
Hill Station,High,Manali,Hill Station,High,Himachal,5.0
Adventure,High,Tawang,Adventure,Medium,Arunachal,4.11
Adventure,Medium,Leh,Adventure,High,Ladakh,3.5
Hill Station,High,Ahmedabad,City Life,High,Gujarat,2.9
Wildlife,Low,CP,City Life,High,Delhi,1.41
City Life,Medium,Nainital,Hill Station,Medium,Uttarakhand,2.9
City Life,Low,Madurai,Religious,High,Tamil Nadu,1.41
Beach,Low,Hyderabad,City Life,High,Telangana,1.41
Adventure,High,Kaziranga,Wildlife,Medium,Assam,2.01
Religious,Medium,Madurai,Religious,High,Tamil Nadu,3.51
Beach,Medium,Ahmedabad,City Life,Low,Gujarat,2.0
Beach,Low,Zulruk,Adventure,Low,Sikkim,2.91
Beach,Medium,Bandipur,Wildlife,Medium,Karnataka,2.91
Wildlife,Low,Kolkata,City Life,Medium,West Bengal,1.41
Adventure,Low,Gangtok,Hill Station,High,Sikkim,1.4
Adventure,Low,Spiti,Adventure,Medium,Himachal,3.5
Hill Station,Low,Bodh Gaya,Religious,Low,Bihar,2.91
Wildlife,Low,Amritsar,Religious,Medium,Punjab,1.4
Religious,Low,Bodh Gaya,Religious,Low,Bihar,5.0
City Life,Low,Hampi,Historical,Low,Karnataka,2.91
Hill Station,High,Bangalore,City Life,Medium,Karnataka,2.01
Adventure,Low,Dandeli,Adventure,High,Karnataka,3.5
Beach,High,Nainital,Hill Station,Low,Uttarakhand,2.01
Historical,Low,Bandipur,Wildlife,High,Karnataka,1.4
Adventure,Medium,Hyderabad,City Life,High,Telangana,1.4
Hill Station,High,Khajuraho,Historical,Low,MP,2.0
Wildlife,Medium,Red Fort,Historical,Medium,Delhi,2.91
Hill Station,Low,Nainital,Hill Station,Low,Uttarakhand,5.0
Adventure,Medium,Dandeli,Adventure,High,Karnataka,3.51
Hill Station,Medium,Kolkata,City Life,Medium,West Bengal,2.9
Religious,Medium,Varanasi,Religious,High,UP,3.5
Beach,High,Gangtok,Hill Station,Medium,Sikkim,2.0
Wildlife,Medium,Hyderabad,City Life,Low,Telangana,2.01
Beach,High,Somnath,Religious,Low,Gujarat,2.0
Hill Station,Medium,Jaipur,Historical,High,Rajasthan,1.4
Hill Station,Low,Kanha,Wildlife,Low,MP,2.91
Beach,Medium,Varanasi,Religious,Low,UP,2.01
Beach,High,Leh,Adventure,Medium,Ladakh,2.01
Historical,Medium,Jim Corbett,Wildlife,Low,Uttarakhand,2.01
Beach,Low,Rishikesh,Adventure,Medium,Uttarakhand,1.4
Adventure,Medium,Puri,Beach,Low,Odisha,2.01
Wildlife,Medium,Bodh Gaya,Religious,Medium,Bihar,2.9
Religious,Medium,CP,City Life,Medium,Delhi,2.91
Wildlife,Low,Varkala,Beach,High,Kerala,1.4
City Life,Low,Gangtok,Hill Station,Medium,Sikkim,1.4
Historical,Medium,Yadadri,Religious,Medium,Telangana,2.91
Wildlife,Medium,Puri,Beach,Low,Odisha,2.01
Beach,Medium,Baga,Beach,Medium,Goa,5.0
City Life,Low,Rishikesh,Adventure,Low,Uttarakhand,2.91
Hill Station,Medium,Mumbai,City Life,Medium,Maharashtra,2.91
Wildlife,Medium,Manali,Hill Station,High,Himachal,1.41
City Life,High,Khajuraho,Historical,High,MP,2.91
Religious,High,Kolkata,City Life,Medium,West Bengal,2.01
Religious,Low,Manali,Hill Station,High,Himachal,1.41
City Life,High,Dandeli,Adventure,Low,Karnataka,2.01
Adventure,Low,Amritsar,Religious,High,Punjab,1.41
Hill Station,High,Amritsar,Religious,Low,Punjab,2.01
Hill Station,High,Kaziranga,Wildlife,High,Assam,2.91
Hill Station,Low,Ahmedabad,City Life,Low,Gujarat,2.91
Historical,Low,Zulruk,Adventure,Medium,Sikkim,1.41
Beach,Medium,Nalanda,Historical,High,Bihar,1.4
Historical,High,Hampi,Historical,High,Karnataka,5.0
Hill Station,High,Kanha,Wildlife,High,MP,2.91
Adventure,Medium,Tawang,Adventure,Medium,Arunachal,5.0
Hill Station,Low,Nainital,Hill Station,High,Uttarakhand,3.51
Adventure,High,Kanha,Wildlife,High,MP,2.9
Religious,Medium,Bangalore,City Life,Low,Karnataka,2.0
Adventure,Medium,Jaipur,Historical,High,Rajasthan,1.4
Wildlife,Medium,Ooty,Hill Station,Medium,Tamil Nadu,2.9
Adventure,High,Ahmedabad,City Life,Low,Gujarat,2.01
City Life,High,Ooty,Hill Station,Low,Tamil Nadu,2.01
Religious,High,Mumbai,City Life,Medium,Maharashtra,2.0
City Life,Medium,Gir,Wildlife,Low,Gujarat,2.01
City Life,High,Kolkata,City Life,Low,West Bengal,4.1
Hill Station,Medium,Madurai,Religious,High,Tamil Nadu,1.4
Wildlife,Medium,Khajuraho,Historical,High,MP,1.41
City Life,High,Gir,Wildlife,High,Gujarat,2.91
Hill Station,Medium,Manali,Hill Station,Medium,Himachal,5.0
Hill Station,Medium,Jim Corbett,Wildlife,Medium,Uttarakhand,2.91
Historical,High,Varkala,Beach,Medium,Kerala,2.0
Beach,Medium,CP,City Life,Medium,Delhi,2.9
City Life,High,Shillong,Hill Station,Low,Meghalaya,2.0
City Life,High,Gulmarg,Hill Station,Medium,Kashmir,2.01
Religious,High,Puri,Beach,High,Odisha,2.9
City Life,High,Kanha,Wildlife,High,MP,2.9
Religious,High,Madurai,Religious,Medium,Tamil Nadu,4.11
Historical,Medium,Yadadri,Religious,Medium,Telangana,2.9
Hill Station,Low,Hampi,Historical,Low,Karnataka,2.91
Hill Station,Medium,CP,City Life,Medium,Delhi,2.9
Adventure,Low,Mumbai,City Life,Medium,Maharashtra,1.4
Adventure,Medium,Zulruk,Adventure,Medium,Sikkim,5.0
Historical,High,Gir,Wildlife,High,Gujarat,2.91
Religious,High,Red Fort,Historical,Low,Delhi,2.01
Beach,Medium,Puri,Beach,Medium,Odisha,5.0
Religious,Low,Gulmarg,Hill Station,Low,Kashmir,2.9
Hill Station,High,Jim Corbett,Wildlife,Low,Uttarakhand,2.0
Religious,Medium,Rishikesh,Adventure,High,Uttarakhand,1.41
Beach,Low,Bandipur,Wildlife,Low,Karnataka,2.9
Religious,High,Puri,Beach,Low,Odisha,2.01
Historical,Low,Bodh Gaya,Religious,High,Bihar,1.41
Religious,Low,Kaziranga,Wildlife,Medium,Assam,1.4
Historical,Medium,Bodh Gaya,Religious,Low,Bihar,2.0
Beach,Low,Red Fort,Historical,High,Delhi,1.41
Adventure,High,Marina,Beach,Medium,Tamil Nadu,2.01
Hill Station,Low,Khajuraho,Historical,Medium,MP,1.41
Religious,Low,Alibaug,Beach,High,Maharashtra,1.4
Religious,High,Yadadri,Religious,High,Telangana,5.0
Religious,Medium,Kanha,Wildlife,Medium,MP,2.91
Adventure,Medium,Rishikesh,Adventure,High,Uttarakhand,3.5
Hill Station,Medium,Bangalore,City Life,High,Karnataka,1.4
Adventure,Low,Ajanta,Historical,Low,Maharashtra,2.9
Wildlife,Medium,Dandeli,Adventure,High,Karnataka,1.4
Religious,High,Hyderabad,City Life,Medium,Telangana,2.01
Beach,High,Red Fort,Historical,Medium,Delhi,2.0
Hill Station,Low,Nalanda,Historical,Medium,Bihar,1.41
Adventure,Medium,Yadadri,Religious,High,Telangana,1.41
Beach,Low,Bandipur,Wildlife,Medium,Karnataka,1.41
Adventure,High,Madurai,Religious,Medium,Tamil Nadu,2.01
Adventure,Low,Gir,Wildlife,High,Gujarat,1.41
Wildlife,High,Marina,Beach,Low,Tamil Nadu,2.01
Adventure,Medium,Bandipur,Wildlife,Low,Karnataka,2.0
City Life,Medium,Gir,Wildlife,High,Gujarat,1.41
City Life,High,Manali,Hill Station,High,Himachal,2.9
Wildlife,Medium,Nalanda,Historical,Medium,Bihar,2.9
Historical,High,Manali,Hill Station,Medium,Himachal,2.01
Hill Station,Medium,Yadadri,Religious,High,Telangana,1.4
Adventure,High,Puri,Beach,Medium,Odisha,2.0
Adventure,Low,Varkala,Beach,High,Kerala,1.4
City Life,Low,Bandipur,Wildlife,Medium,Karnataka,1.4
Beach,High,Nainital,Hill Station,Low,Uttarakhand,2.01
Beach,Low,Somnath,Religious,High,Gujarat,1.41
Beach,Medium,Nalanda,Historical,Low,Bihar,2.01
Hill Station,Low,Ajanta,Historical,High,Maharashtra,1.4
City Life,High,Kolkata,City Life,High,West Bengal,5.0
Hill Station,High,Yadadri,Religious,Medium,Telangana,2.0
City Life,Low,Bandipur,Wildlife,Medium,Karnataka,1.4
Historical,High,Shillong,Hill Station,High,Meghalaya,2.91
Hill Station,Low,Zulruk,Adventure,High,Sikkim,1.41
Beach,High,Zulruk,Adventure,High,Sikkim,2.9
Religious,High,Nainital,Hill Station,Medium,Uttarakhand,2.0
Historical,Medium,Puri,Beach,Medium,Odisha,2.9
Adventure,Medium,Gir,Wildlife,High,Gujarat,1.41
Adventure,Low,Nainital,Hill Station,Medium,Uttarakhand,1.4
City Life,Medium,Gangtok,Hill Station,Low,Sikkim,2.0
Hill Station,High,Manali,Hill Station,High,Himachal,5.0
Religious,Medium,Leh,Adventure,High,Ladakh,1.41
Adventure,High,Mumbai,City Life,Medium,Maharashtra,2.0
Adventure,High,Marina,Beach,Medium,Tamil Nadu,2.0
Wildlife,High,Bodh Gaya,Religious,Low,Bihar,2.0
Beach,Medium,Radhanagar,Beach,Medium,Andaman,5.0
Wildlife,Medium,Gir,Wildlife,High,Gujarat,3.5
Wildlife,Medium,Kanha,Wildlife,Medium,MP,5.0
Religious,Low,Bodh Gaya,Religious,High,Bihar,3.51
Beach,Medium,Red Fort,Historical,Medium,Delhi,2.9
Religious,High,Ooty,Hill Station,Medium,Tamil Nadu,2.0
Adventure,High,Kanha,Wildlife,High,MP,2.91
Wildlife,Low,Ahmedabad,City Life,High,Gujarat,1.4
Beach,Medium,Mumbai,City Life,Medium,Maharashtra,2.91
Adventure,Medium,Zulruk,Adventure,Medium,Sikkim,5.0
Adventure,High,Jaipur,Historical,Medium,Rajasthan,2.01
Wildlife,Low,Varkala,Beach,Medium,Kerala,1.4
Religious,High,Hampi,Historical,High,Karnataka,2.91
City Life,Low,Varkala,Beach,Medium,Kerala,1.4
Wildlife,Low,Khajuraho,Historical,Medium,MP,1.41
Beach,Medium,Bodh Gaya,Religious,Medium,Bihar,2.9
Religious,Low,Rishikesh,Adventure,Medium,Uttarakhand,1.4
Wildlife,High,Amritsar,Religious,Low,Punjab,2.0
Adventure,Low,Ajanta,Historical,Medium,Maharashtra,1.41
Adventure,Low,Ajanta,Historical,Medium,Maharashtra,1.4
Wildlife,Low,Manali,Hill Station,High,Himachal,1.4
Historical,Medium,Red Fort,Historical,Medium,Delhi,5.0
Beach,Medium,Varkala,Beach,Medium,Kerala,5.0
Wildlife,Medium,Nainital,Hill Station,Low,Uttarakhand,2.0
Historical,Medium,Ooty,Hill Station,High,Tamil Nadu,1.41
Wildlife,Low,Nainital,Hill Station,High,Uttarakhand,1.41
Adventure,Medium,Mumbai,City Life,High,Maharashtra,1.4
Adventure,Medium,Gulmarg,Hill Station,High,Kashmir,1.4
Wildlife,Low,Manali,Hill Station,High,Himachal,1.4
Religious,Medium,Varanasi,Religious,Medium,UP,5.0
Adventure,Medium,Leh,Adventure,High,Ladakh,3.5
Wildlife,High,Radhanagar,Beach,Medium,Andaman,2.01
Historical,High,Gangtok,Hill Station,High,Sikkim,2.91
Religious,Medium,Zulruk,Adventure,High,Sikkim,1.41
Wildlife,Medium,Nainital,Hill Station,High,Uttarakhand,1.41
Wildlife,High,Bandipur,Wildlife,Medium,Karnataka,4.1
Religious,Low,Gangtok,Hill Station,High,Sikkim,1.41
Beach,High,Shillong,Hill Station,High,Meghalaya,2.9
Religious,Medium,Spiti,Adventure,High,Himachal,1.41
Beach,Medium,Varanasi,Religious,High,UP,1.4
Hill Station,High,Kaziranga,Wildlife,Low,Assam,2.0
Religious,Low,Bangalore,City Life,High,Karnataka,1.41
Beach,Low,Alibaug,Beach,Low,Maharashtra,5.0
Hill Station,High,Alibaug,Beach,Low,Maharashtra,2.0
Religious,High,Kolkata,City Life,Low,West Bengal,2.0
Adventure,Medium,Ahmedabad,City Life,Low,Gujarat,2.0
Wildlife,Low,Rishikesh,Adventure,High,Uttarakhand,1.4
Adventure,Medium,Ajanta,Historical,Low,Maharashtra,2.0
City Life,High,Radhanagar,Beach,Medium,Andaman,2.0
Beach,Low,Leh,Adventure,Medium,Ladakh,1.41
Beach,Medium,Amritsar,Religious,High,Punjab,1.4
Religious,High,Ahmedabad,City Life,High,Gujarat,2.9
Hill Station,High,Tawang,Adventure,Medium,Arunachal,2.01
Beach,Medium,Nainital,Hill Station,Medium,Uttarakhand,2.9
City Life,Medium,Ooty,Hill Station,Low,Tamil Nadu,2.0
Historical,Low,Hampi,Historical,Medium,Karnataka,3.51
Hill Station,Low,Zulruk,Adventure,High,Sikkim,1.41
Hill Station,Medium,Yadadri,Religious,Medium,Telangana,2.9
Religious,Medium,CP,City Life,Medium,Delhi,2.9
Adventure,Medium,Zulruk,Adventure,High,Sikkim,3.51
Religious,Low,Dandeli,Adventure,Low,Karnataka,2.91
Wildlife,Low,Mumbai,City Life,High,Maharashtra,1.41
Beach,Low,Bodh Gaya,Religious,Medium,Bihar,1.41
Historical,Medium,Ooty,Hill Station,Low,Tamil Nadu,2.0
Beach,Low,Zulruk,Adventure,Low,Sikkim,2.9
Hill Station,High,Kanha,Wildlife,High,MP,2.9
Historical,High,Gulmarg,Hill Station,Medium,Kashmir,2.01
Wildlife,High,Varanasi,Religious,Low,UP,2.01
Wildlife,High,Somnath,Religious,High,Gujarat,2.9
Adventure,High,Marina,Beach,High,Tamil Nadu,2.91
Beach,Low,Radhanagar,Beach,High,Andaman,3.5
Religious,Medium,Kanha,Wildlife,Medium,MP,2.91
Beach,Medium,Bangalore,City Life,High,Karnataka,1.41
Historical,High,Jim Corbett,Wildlife,Low,Uttarakhand,2.01
City Life,High,Rishikesh,Adventure,Medium,Uttarakhand,2.01
Beach,Low,Bodh Gaya,Religious,Medium,Bihar,1.4
City Life,Low,Somnath,Religious,Medium,Gujarat,1.4
Historical,Medium,Yadadri,Religious,Medium,Telangana,2.9
Beach,Low,Jaipur,Historical,Medium,Rajasthan,1.4
Religious,Low,Baga,Beach,High,Goa,1.41
Adventure,Low,Tawang,Adventure,Low,Arunachal,5.0
Beach,Low,Jaipur,Historical,Low,Rajasthan,2.91
Historical,Medium,Bandipur,Wildlife,High,Karnataka,1.41
Hill Station,Low,Shillong,Hill Station,Medium,Meghalaya,3.51
Wildlife,High,Rishikesh,Adventure,Medium,Uttarakhand,2.01
Hill Station,Low,Hyderabad,City Life,Medium,Telangana,1.41
Beach,Low,Jaipur,Historical,High,Rajasthan,1.4
Hill Station,Medium,Yadadri,Religious,Medium,Telangana,2.9
Historical,High,Ahmedabad,City Life,Low,Gujarat,2.0
Hill Station,Low,Dandeli,Adventure,High,Karnataka,1.4
City Life,High,Red Fort,Historical,Medium,Delhi,2.01
Beach,Medium,Puri,Beach,Medium,Odisha,5.0
Religious,Medium,Nainital,Hill Station,High,Uttarakhand,1.41
Wildlife,High,Baga,Beach,Medium,Goa,2.01
Historical,Low,Varkala,Beach,Low,Kerala,2.91
Beach,Medium,Red Fort,Historical,High,Delhi,1.41
Religious,Low,Gir,Wildlife,High,Gujarat,1.4
Adventure,Low,Leh,Adventure,Low,Ladakh,5.0
Historical,Medium,Bangalore,City Life,High,Karnataka,1.41
Religious,High,Alibaug,Beach,Low,Maharashtra,2.0
Beach,Medium,Ajanta,Historical,High,Maharashtra,1.41
Wildlife,Medium,Ahmedabad,City Life,High,Gujarat,1.41
City Life,Medium,Radhanagar,Beach,Medium,Andaman,2.9
Historical,High,Tawang,Adventure,High,Arunachal,2.9
Beach,Low,Kanha,Wildlife,High,MP,1.41
City Life,Low,Spiti,Adventure,Medium,Himachal,1.4
Religious,High,Red Fort,Historical,High,Delhi,2.9
Hill Station,Medium,Varanasi,Religious,Medium,UP,2.9
Historical,High,Nalanda,Historical,Medium,Bihar,4.1
Historical,High,Hampi,Historical,Low,Karnataka,4.1
Beach,High,Manali,Hill Station,Medium,Himachal,2.0
Religious,Medium,Ranthambore,Wildlife,Medium,Rajasthan,2.91
Hill Station,Medium,Bandipur,Wildlife,High,Karnataka,1.4
Religious,Medium,Ahmedabad,City Life,Low,Gujarat,2.0
Religious,Low,Ajanta,Historical,Medium,Maharashtra,1.4
Historical,Low,Rishikesh,Adventure,High,Uttarakhand,1.41
Beach,High,Amritsar,Religious,Low,Punjab,2.01
Religious,Medium,Madurai,Religious,Medium,Tamil Nadu,5.0
City Life,High,Gir,Wildlife,Low,Gujarat,2.01
Beach,Low,Leh,Adventure,High,Ladakh,1.4
Beach,High,Ahmedabad,City Life,Low,Gujarat,2.01
Historical,Low,Varkala,Beach,Low,Kerala,2.9
Adventure,Medium,Zulruk,Adventure,Medium,Sikkim,5.0
City Life,High,Varanasi,Religious,Low,UP,2.0
Wildlife,High,Jim Corbett,Wildlife,Medium,Uttarakhand,4.1
Adventure,Low,Dandeli,Adventure,Low,Karnataka,5.0
Hill Station,High,Gangtok,Hill Station,Medium,Sikkim,4.11
City Life,Medium,Nainital,Hill Station,Low,Uttarakhand,2.0
Wildlife,Medium,Red Fort,Historical,Medium,Delhi,2.9
Religious,Medium,Puri,Beach,Low,Odisha,2.0
City Life,Low,Baga,Beach,Medium,Goa,1.41
Wildlife,Low,Varkala,Beach,Low,Kerala,2.91
Religious,Medium,Kolkata,City Life,Low,West Bengal,2.01
Wildlife,Low,Bangalore,City Life,Low,Karnataka,2.9
City Life,High,Bodh Gaya,Religious,Medium,Bihar,2.01
Adventure,Medium,Mumbai,City Life,Medium,Maharashtra,2.9
Historical,Medium,Jaipur,Historical,Medium,Rajasthan,5.0
Hill Station,High,Khajuraho,Historical,Low,MP,2.0
Beach,High,Amritsar,Religious,Medium,Punjab,2.01
Historical,Medium,Bandipur,Wildlife,Low,Karnataka,2.0
Religious,Medium,Bangalore,City Life,High,Karnataka,1.41
Religious,High,Dandeli,Adventure,Medium,Karnataka,2.0
Historical,Low,Leh,Adventure,Low,Ladakh,2.91
City Life,Low,Manali,Hill Station,Medium,Himachal,1.4
Wildlife,High,Spiti,Adventure,Medium,Himachal,2.0
Religious,Low,Zulruk,Adventure,Medium,Sikkim,1.41
City Life,High,Varkala,Beach,Medium,Kerala,2.01
Wildlife,High,Shillong,Hill Station,Low,Meghalaya,2.0
Adventure,High,Bangalore,City Life,Low,Karnataka,2.01
City Life,Medium,Jaipur,Historical,Medium,Rajasthan,2.91
Hill Station,High,Ranthambore,Wildlife,Low,Rajasthan,2.01
Adventure,Medium,Gulmarg,Hill Station,High,Kashmir,1.4
Beach,Medium,Gulmarg,Hill Station,Low,Kashmir,2.0
Historical,Medium,Hyderabad,City Life,Low,Telangana,2.0
Historical,Medium,Somnath,Religious,Low,Gujarat,2.0
Adventure,High,Mumbai,City Life,High,Maharashtra,2.91
Beach,High,Rishikesh,Adventure,High,Uttarakhand,2.9
Hill Station,High,Mumbai,City Life,Low,Maharashtra,2.0
Hill Station,Low,Nainital,Hill Station,High,Uttarakhand,3.5
Adventure,Low,Radhanagar,Beach,Medium,Andaman,1.41
Beach,Low,Gulmarg,Hill Station,High,Kashmir,1.41
City Life,High,Ahmedabad,City Life,Low,Gujarat,4.11
Historical,High,Marina,Beach,Medium,Tamil Nadu,2.01
Beach,Medium,Somnath,Religious,Low,Gujarat,2.01
Historical,High,Somnath,Religious,Low,Gujarat,2.0
City Life,Medium,Hampi,Historical,Low,Karnataka,2.0
Religious,Medium,Mumbai,City Life,Low,Maharashtra,2.0
City Life,Low,Gangtok,Hill Station,High,Sikkim,1.41
Wildlife,Low,Kolkata,City Life,Low,West Bengal,2.9
City Life,Low,Varkala,Beach,Low,Kerala,2.9
Hill Station,High,Hyderabad,City Life,Low,Telangana,2.0
Adventure,Medium,Varkala,Beach,High,Kerala,1.4
Beach,High,Rishikesh,Adventure,High,Uttarakhand,2.9
Hill Station,Medium,Bodh Gaya,Religious,High,Bihar,1.41
Historical,Low,Bangalore,City Life,Low,Karnataka,2.9
Adventure,Low,Varanasi,Religious,Medium,UP,1.4
Wildlife,Low,Shillong,Hill Station,Medium,Meghalaya,1.41
Wildlife,High,Nalanda,Historical,Medium,Bihar,2.01
Hill Station,High,Radhanagar,Beach,Medium,Andaman,2.01
Beach,High,Gangtok,Hill Station,High,Sikkim,2.9
Historical,High,Kolkata,City Life,High,West Bengal,2.91
Wildlife,Medium,Tawang,Adventure,Medium,Arunachal,2.91
Religious,Low,Manali,Hill Station,High,Himachal,1.41
Wildlife,Medium,CP,City Life,Low,Delhi,2.01
Beach,Medium,Ranthambore,Wildlife,High,Rajasthan,1.4
Wildlife,Medium,Spiti,Adventure,High,Himachal,1.41
Religious,Medium,Hyderabad,City Life,Low,Telangana,2.01
City Life,High,Bodh Gaya,Religious,Medium,Bihar,2.0
Historical,High,Gulmarg,Hill Station,High,Kashmir,2.9
Hill Station,High,Shillong,Hill Station,Low,Meghalaya,4.11
Historical,High,Dandeli,Adventure,Low,Karnataka,2.01
Wildlife,High,Somnath,Religious,High,Gujarat,2.91
Adventure,Medium,Varanasi,Religious,High,UP,1.4
Adventure,Low,Baga,Beach,Medium,Goa,1.4
City Life,High,Puri,Beach,High,Odisha,2.9
Adventure,Low,Madurai,Religious,Low,Tamil Nadu,2.9
Historical,Low,Bodh Gaya,Religious,High,Bihar,1.41
Beach,Low,Nalanda,Historical,Low,Bihar,2.9
Historical,High,Leh,Adventure,High,Ladakh,2.91
Historical,Medium,Bodh Gaya,Religious,Medium,Bihar,2.91
Beach,High,Bangalore,City Life,Low,Karnataka,2.01
City Life,Medium,Spiti,Adventure,Medium,Himachal,2.9
Religious,High,Bandipur,Wildlife,High,Karnataka,2.91
Beach,Medium,Jim Corbett,Wildlife,Low,Uttarakhand,2.0
City Life,Medium,CP,City Life,Low,Delhi,4.1
Historical,Low,Nainital,Hill Station,Low,Uttarakhand,2.9
City Life,Medium,Alibaug,Beach,High,Maharashtra,1.4
Religious,Medium,Gir,Wildlife,Medium,Gujarat,2.9
Wildlife,Low,Nalanda,Historical,Low,Bihar,2.91
Beach,Medium,Gir,Wildlife,Medium,Gujarat,2.91
Historical,Low,Ahmedabad,City Life,Medium,Gujarat,1.4
Beach,Low,Varkala,Beach,Medium,Kerala,3.51
Wildlife,Medium,Nalanda,Historical,Low,Bihar,2.01
Historical,Medium,Ooty,Hill Station,Low,Tamil Nadu,2.01
Historical,Low,Madurai,Religious,Low,Tamil Nadu,2.91
Religious,Medium,Bandipur,Wildlife,Medium,Karnataka,2.91
Beach,High,Gir,Wildlife,Medium,Gujarat,2.01
Religious,Medium,Rishikesh,Adventure,High,Uttarakhand,1.4
Historical,Low,Khajuraho,Historical,High,MP,3.5
Religious,High,Manali,Hill Station,Low,Himachal,2.0
Adventure,Medium,Red Fort,Historical,High,Delhi,1.41
Religious,Medium,Leh,Adventure,High,Ladakh,1.41
Historical,High,Baga,Beach,High,Goa,2.91
Historical,High,Varanasi,Religious,Low,UP,2.0
City Life,Medium,Amritsar,Religious,Medium,Punjab,2.91
Beach,High,Red Fort,Historical,Medium,Delhi,2.0
Religious,Low,Gir,Wildlife,Low,Gujarat,2.91
Beach,Low,Khajuraho,Historical,High,MP,1.41
Historical,High,Radhanagar,Beach,Low,Andaman,2.0
Wildlife,Medium,Varanasi,Religious,High,UP,1.41
Religious,Low,Bodh Gaya,Religious,Medium,Bihar,3.5
Historical,Low,Hyderabad,City Life,Medium,Telangana,1.41
Hill Station,High,Gangtok,Hill Station,High,Sikkim,5.0
Adventure,Medium,Rishikesh,Adventure,High,Uttarakhand,3.51
Adventure,Medium,Bangalore,City Life,Medium,Karnataka,2.9
Religious,Low,Zulruk,Adventure,Medium,Sikkim,1.4
Beach,Low,Hyderabad,City Life,Low,Telangana,2.91
Adventure,Medium,Bangalore,City Life,Medium,Karnataka,2.9
Historical,Medium,Ajanta,Historical,Medium,Maharashtra,5.0
Adventure,High,Varkala,Beach,High,Kerala,2.9
Hill Station,High,Nainital,Hill Station,Low,Uttarakhand,4.11
Wildlife,High,Shillong,Hill Station,Low,Meghalaya,2.01
Historical,High,Hyderabad,City Life,Medium,Telangana,2.0
Wildlife,Low,Nalanda,Historical,Low,Bihar,2.9
City Life,Low,Kanha,Wildlife,High,MP,1.41
City Life,High,Rishikesh,Adventure,Medium,Uttarakhand,2.0
Adventure,High,Kanha,Wildlife,Low,MP,2.0
Hill Station,Medium,Nainital,Hill Station,Low,Uttarakhand,4.1
City Life,Medium,Bangalore,City Life,Low,Karnataka,4.1
Hill Station,Low,Yadadri,Religious,Low,Telangana,2.91
Adventure,Medium,Ajanta,Historical,High,Maharashtra,1.41
Religious,Low,Nalanda,Historical,Low,Bihar,2.91
City Life,Medium,Amritsar,Religious,Low,Punjab,2.01
Religious,High,Puri,Beach,Low,Odisha,2.0
City Life,High,Bangalore,City Life,High,Karnataka,5.0
Historical,Low,Mumbai,City Life,High,Maharashtra,1.41
Beach,Low,Jim Corbett,Wildlife,Low,Uttarakhand,2.91
Wildlife,High,Varkala,Beach,Medium,Kerala,2.0
City Life,Low,Shillong,Hill Station,High,Meghalaya,1.41
Adventure,Low,Hyderabad,City Life,Medium,Telangana,1.4
Beach,Low,Hampi,Historical,Low,Karnataka,2.9
Beach,Low,Ajanta,Historical,High,Maharashtra,1.4
Hill Station,Medium,Baga,Beach,Medium,Goa,2.91
Religious,Low,Dandeli,Adventure,Medium,Karnataka,1.4
Beach,High,Zulruk,Adventure,High,Sikkim,2.9
Beach,Medium,Gir,Wildlife,Medium,Gujarat,2.91
Hill Station,Medium,Ranthambore,Wildlife,Low,Rajasthan,2.0
City Life,High,Kanha,Wildlife,Low,MP,2.01
Religious,Medium,Rishikesh,Adventure,High,Uttarakhand,1.4
Hill Station,Medium,Bandipur,Wildlife,High,Karnataka,1.4
Beach,High,Dandeli,Adventure,High,Karnataka,2.9
Adventure,High,CP,City Life,Medium,Delhi,2.01
Religious,Low,Somnath,Religious,Low,Gujarat,5.0
Wildlife,Low,Ranthambore,Wildlife,Medium,Rajasthan,3.5
Beach,Low,Shillong,Hill Station,Low,Meghalaya,2.91
Religious,High,Kolkata,City Life,Low,West Bengal,2.0
Religious,Low,Alibaug,Beach,Medium,Maharashtra,1.41
Adventure,High,Varanasi,Religious,Low,UP,2.01
City Life,High,Alibaug,Beach,Low,Maharashtra,2.0
Adventure,Medium,Mumbai,City Life,Medium,Maharashtra,2.91
Beach,High,Kolkata,City Life,High,West Bengal,2.9
Historical,Low,Shillong,Hill Station,Medium,Meghalaya,1.41
Historical,High,Bandipur,Wildlife,Low,Karnataka,2.0
City Life,High,Khajuraho,Historical,Medium,MP,2.0
Religious,Low,Zulruk,Adventure,High,Sikkim,1.41
Beach,Low,Marina,Beach,Low,Tamil Nadu,5.0
Adventure,Low,Kaziranga,Wildlife,Medium,Assam,1.4
Beach,Medium,Tawang,Adventure,Medium,Arunachal,2.9
Religious,High,Kolkata,City Life,Low,West Bengal,2.01
Historical,High,Kanha,Wildlife,Low,MP,2.0
Historical,Low,Ranthambore,Wildlife,Low,Rajasthan,2.91
Hill Station,Low,Yadadri,Religious,Medium,Telangana,1.41
Historical,Medium,Ranthambore,Wildlife,Medium,Rajasthan,2.91
City Life,High,Zulruk,Adventure,Low,Sikkim,2.0
Beach,High,Baga,Beach,High,Goa,5.0
Wildlife,Low,Alibaug,Beach,Low,Maharashtra,2.91
City Life,Medium,Gangtok,Hill Station,High,Sikkim,1.41
Historical,Medium,Bodh Gaya,Religious,Low,Bihar,2.01
Beach,High,Ranthambore,Wildlife,High,Rajasthan,2.91
Beach,High,Zulruk,Adventure,Medium,Sikkim,2.01
Adventure,Medium,Mumbai,City Life,Medium,Maharashtra,2.9
City Life,High,Zulruk,Adventure,High,Sikkim,2.91
Adventure,High,Kanha,Wildlife,High,MP,2.91
Hill Station,Low,Ooty,Hill Station,Low,Tamil Nadu,5.0
Wildlife,Medium,Jim Corbett,Wildlife,High,Uttarakhand,3.5
Adventure,Low,Gangtok,Hill Station,Medium,Sikkim,1.4
Adventure,Low,Varkala,Beach,Medium,Kerala,1.41
City Life,High,Bodh Gaya,Religious,High,Bihar,2.9
Historical,Low,Zulruk,Adventure,Low,Sikkim,2.91
City Life,High,Alibaug,Beach,Medium,Maharashtra,2.0
Historical,High,Ranthambore,Wildlife,Low,Rajasthan,2.01
Adventure,Low,Nalanda,Historical,Low,Bihar,2.91
Adventure,Medium,Radhanagar,Beach,Low,Andaman,2.0
Adventure,Medium,Madurai,Religious,High,Tamil Nadu,1.4
Religious,High,Bodh Gaya,Religious,High,Bihar,5.0
City Life,Low,Hampi,Historical,Medium,Karnataka,1.41
Historical,High,Jaipur,Historical,High,Rajasthan,5.0
Wildlife,Low,Hyderabad,City Life,Low,Telangana,2.9
City Life,High,Radhanagar,Beach,High,Andaman,2.91
Hill Station,High,Hyderabad,City Life,Medium,Telangana,2.0
Wildlife,Low,Hampi,Historical,High,Karnataka,1.41
Wildlife,Medium,CP,City Life,Low,Delhi,2.0
Adventure,High,Baga,Beach,High,Goa,2.91
City Life,Medium,Kanha,Wildlife,High,MP,1.41
Wildlife,High,Bandipur,Wildlife,Medium,Karnataka,4.1
Wildlife,High,Amritsar,Religious,Low,Punjab,2.01
Wildlife,Medium,Manali,Hill Station,Medium,Himachal,2.9
Hill Station,Medium,Somnath,Religious,Medium,Gujarat,2.9
Adventure,Medium,Mumbai,City Life,High,Maharashtra,1.4
Wildlife,Low,Khajuraho,Historical,Low,MP,2.9
Historical,Medium,Dandeli,Adventure,Low,Karnataka,2.0
Adventure,High,Spiti,Adventure,Medium,Himachal,4.1
Hill Station,Low,Rishikesh,Adventure,Low,Uttarakhand,2.91
Beach,Medium,Leh,Adventure,High,Ladakh,1.41
Beach,Medium,Madurai,Religious,High,Tamil Nadu,1.4
Adventure,Medium,Zulruk,Adventure,High,Sikkim,3.51
City Life,Low,Nalanda,Historical,Low,Bihar,2.91
Adventure,High,Ahmedabad,City Life,Low,Gujarat,2.01
Historical,Low,Mumbai,City Life,High,Maharashtra,1.4
Adventure,High,Dandeli,Adventure,High,Karnataka,5.0
Wildlife,High,Alibaug,Beach,High,Maharashtra,2.9
Hill Station,Low,Marina,Beach,Medium,Tamil Nadu,1.41
Religious,Low,Marina,Beach,High,Tamil Nadu,1.4
City Life,Low,Red Fort,Historical,High,Delhi,1.4
Beach,High,Nainital,Hill Station,High,Uttarakhand,2.9
Historical,Low,Dandeli,Adventure,Low,Karnataka,2.9
Wildlife,Medium,Nalanda,Historical,High,Bihar,1.4
City Life,Low,Gir,Wildlife,High,Gujarat,1.41
Wildlife,Low,Varkala,Beach,Low,Kerala,2.9
Wildlife,Low,Ahmedabad,City Life,High,Gujarat,1.41
Religious,Low,Ranthambore,Wildlife,Medium,Rajasthan,1.4
Wildlife,High,Red Fort,Historical,Medium,Delhi,2.01
City Life,Low,Somnath,Religious,Low,Gujarat,2.91
City Life,High,Jim Corbett,Wildlife,Medium,Uttarakhand,2.0
Beach,Medium,Varanasi,Religious,Medium,UP,2.9
Religious,High,Puri,Beach,Medium,Odisha,2.01
Historical,High,Puri,Beach,Low,Odisha,2.0
Beach,Medium,Gir,Wildlife,Low,Gujarat,2.01
Historical,Low,Jim Corbett,Wildlife,Low,Uttarakhand,2.91
Adventure,Low,Ahmedabad,City Life,Medium,Gujarat,1.41
Religious,High,Jim Corbett,Wildlife,Low,Uttarakhand,2.01
Adventure,Low,CP,City Life,High,Delhi,1.41
Historical,High,Baga,Beach,High,Goa,2.91
Hill Station,Medium,Rishikesh,Adventure,High,Uttarakhand,1.4
Religious,Medium,Madurai,Religious,Low,Tamil Nadu,4.11
Wildlife,Medium,Amritsar,Religious,Low,Punjab,2.0
Historical,Medium,Amritsar,Religious,High,Punjab,1.41
Wildlife,Medium,Ahmedabad,City Life,High,Gujarat,1.41
City Life,High,Bandipur,Wildlife,High,Karnataka,2.91
Hill Station,Low,Hampi,Historical,Medium,Karnataka,1.4
Beach,High,Bandipur,Wildlife,Low,Karnataka,2.0
Hill Station,Low,Radhanagar,Beach,High,Andaman,1.4
City Life,Low,Kaziranga,Wildlife,Low,Assam,2.91
City Life,Medium,Baga,Beach,Low,Goa,2.01
Historical,Low,Hampi,Historical,Medium,Karnataka,3.51
Beach,Low,Kanha,Wildlife,High,MP,1.4
Adventure,Medium,Nalanda,Historical,High,Bihar,1.41
Hill Station,Low,Zulruk,Adventure,Low,Sikkim,2.91
Religious,High,Rishikesh,Adventure,Medium,Uttarakhand,2.0
Beach,High,Jim Corbett,Wildlife,High,Uttarakhand,2.91
Hill Station,High,Bodh Gaya,Religious,Low,Bihar,2.01
Hill Station,Medium,Marina,Beach,High,Tamil Nadu,1.41
Adventure,Low,Spiti,Adventure,High,Himachal,3.5
Beach,Medium,Madurai,Religious,Low,Tamil Nadu,2.01
Adventure,Medium,Nainital,Hill Station,Medium,Uttarakhand,2.9
City Life,High,Ahmedabad,City Life,Low,Gujarat,4.1
Hill Station,Medium,Gulmarg,Hill Station,Medium,Kashmir,5.0
Wildlife,Medium,Kanha,Wildlife,Medium,MP,5.0
Beach,Medium,Mumbai,City Life,Low,Maharashtra,2.0
City Life,Medium,Dandeli,Adventure,High,Karnataka,1.41
Wildlife,High,Jaipur,Historical,High,Rajasthan,2.9
Beach,Low,Gangtok,Hill Station,Low,Sikkim,2.91
Religious,High,Shillong,Hill Station,Low,Meghalaya,2.0
Wildlife,Medium,Puri,Beach,High,Odisha,1.41
Historical,High,Gangtok,Hill Station,High,Sikkim,2.9
City Life,Medium,Tawang,Adventure,High,Arunachal,1.41
City Life,High,Puri,Beach,Medium,Odisha,2.0
City Life,High,Manali,Hill Station,High,Himachal,2.9
Adventure,Low,Nalanda,Historical,High,Bihar,1.41
Religious,Medium,Rishikesh,Adventure,High,Uttarakhand,1.41
Wildlife,Medium,Dandeli,Adventure,High,Karnataka,1.4
Wildlife,Medium,Radhanagar,Beach,Medium,Andaman,2.9
Wildlife,High,Radhanagar,Beach,High,Andaman,2.91
Wildlife,Medium,Bangalore,City Life,Medium,Karnataka,2.9
City Life,Low,Hampi,Historical,Medium,Karnataka,1.41
Beach,High,Bangalore,City Life,Medium,Karnataka,2.01
Historical,High,Zulruk,Adventure,Medium,Sikkim,2.0
City Life,Low,Ajanta,Historical,High,Maharashtra,1.41
Religious,Low,Dandeli,Adventure,High,Karnataka,1.41
Adventure,Low,Ahmedabad,City Life,High,Gujarat,1.4
Wildlife,Medium,Somnath,Religious,High,Gujarat,1.41
City Life,Medium,Zulruk,Adventure,Low,Sikkim,2.01
City Life,Medium,Hyderabad,City Life,High,Telangana,3.5
Beach,Medium,Hyderabad,City Life,Medium,Telangana,2.91
Historical,High,Jim Corbett,Wildlife,High,Uttarakhand,2.9
Religious,High,Kaziranga,Wildlife,Medium,Assam,2.01
Historical,Low,Tawang,Adventure,Medium,Arunachal,1.4
Religious,Low,Khajuraho,Historical,Low,MP,2.9
Beach,Medium,Yadadri,Religious,Low,Telangana,2.01
Hill Station,High,Khajuraho,Historical,Medium,MP,2.0
Historical,Low,Ranthambore,Wildlife,Medium,Rajasthan,1.41
Adventure,Low,Somnath,Religious,Low,Gujarat,2.9
Religious,Medium,Gangtok,Hill Station,High,Sikkim,1.41
City Life,Low,CP,City Life,Low,Delhi,5.0
Religious,Low,Jaipur,Historical,Low,Rajasthan,2.9
Adventure,High,Red Fort,Historical,Medium,Delhi,2.01
Historical,Medium,Ajanta,Historical,Medium,Maharashtra,5.0
City Life,Low,Spiti,Adventure,Medium,Himachal,1.41
Historical,Low,Hyderabad,City Life,Low,Telangana,2.9
City Life,High,Somnath,Religious,Medium,Gujarat,2.01
City Life,Low,Ranthambore,Wildlife,Medium,Rajasthan,1.4
Hill Station,Medium,Madurai,Religious,High,Tamil Nadu,1.4
Hill Station,High,Kolkata,City Life,Low,West Bengal,2.0
City Life,Medium,Varanasi,Religious,Low,UP,2.01
Wildlife,High,Leh,Adventure,Medium,Ladakh,2.01
Hill Station,Low,Hampi,Historical,Low,Karnataka,2.91
Wildlife,High,Alibaug,Beach,High,Maharashtra,2.91
Hill Station,Low,Gulmarg,Hill Station,Low,Kashmir,5.0
Religious,High,CP,City Life,Medium,Delhi,2.0
Beach,High,Ranthambore,Wildlife,Medium,Rajasthan,2.0
Wildlife,Medium,Somnath,Religious,High,Gujarat,1.41
Adventure,High,Leh,Adventure,Low,Ladakh,4.1
Historical,Medium,Hyderabad,City Life,Medium,Telangana,2.9
Religious,High,Bandipur,Wildlife,Medium,Karnataka,2.01
Hill Station,Medium,Hyderabad,City Life,Low,Telangana,2.01
Hill Station,High,Spiti,Adventure,Medium,Himachal,2.0
Adventure,Low,Gulmarg,Hill Station,High,Kashmir,1.41
Religious,High,Jaipur,Historical,Low,Rajasthan,2.0
Hill Station,Low,Madurai,Religious,Low,Tamil Nadu,2.9
Religious,Medium,Mumbai,City Life,Medium,Maharashtra,2.91
Historical,High,Bodh Gaya,Religious,Medium,Bihar,2.0
Hill Station,High,Mumbai,City Life,High,Maharashtra,2.91
Religious,High,Zulruk,Adventure,High,Sikkim,2.9
City Life,Low,Gir,Wildlife,Low,Gujarat,2.9
Adventure,High,Rishikesh,Adventure,High,Uttarakhand,5.0
Beach,Medium,Puri,Beach,Medium,Odisha,5.0
City Life,Medium,Khajuraho,Historical,Low,MP,2.01
Religious,Low,Gir,Wildlife,High,Gujarat,1.4
Wildlife,Medium,Ooty,Hill Station,Low,Tamil Nadu,2.01
Adventure,Medium,Nalanda,Historical,Medium,Bihar,2.9
Adventure,Low,Kolkata,City Life,Medium,West Bengal,1.41
Historical,High,Jim Corbett,Wildlife,High,Uttarakhand,2.9
Adventure,High,Ajanta,Historical,Medium,Maharashtra,2.0
City Life,High,Hampi,Historical,Medium,Karnataka,2.0
City Life,Medium,Zulruk,Adventure,High,Sikkim,1.4
Religious,High,Spiti,Adventure,Medium,Himachal,2.01
Historical,High,Kanha,Wildlife,High,MP,2.91
Historical,Low,Kaziranga,Wildlife,Medium,Assam,1.4
Beach,Medium,Jaipur,Historical,Medium,Rajasthan,2.91
Religious,Low,Gangtok,Hill Station,Low,Sikkim,2.9
Hill Station,High,Manali,Hill Station,Medium,Himachal,4.11
Religious,Medium,Hampi,Historical,High,Karnataka,1.4
City Life,Low,Gir,Wildlife,High,Gujarat,1.4
Hill Station,High,Ahmedabad,City Life,Low,Gujarat,2.01
Religious,High,Bodh Gaya,Religious,Low,Bihar,4.1
Historical,Low,Ahmedabad,City Life,Low,Gujarat,2.9
Historical,Medium,Manali,Hill Station,Low,Himachal,2.0
Beach,High,Kaziranga,Wildlife,High,Assam,2.91
City Life,High,Varanasi,Religious,Low,UP,2.0
Hill Station,High,Bodh Gaya,Religious,High,Bihar,2.9
Religious,Medium,Kolkata,City Life,Low,West Bengal,2.01
Wildlife,Low,Hyderabad,City Life,Low,Telangana,2.9
City Life,High,Yadadri,Religious,High,Telangana,2.91
Religious,Low,Radhanagar,Beach,High,Andaman,1.41
Wildlife,Medium,Hyderabad,City Life,Low,Telangana,2.01
Hill Station,High,Kolkata,City Life,High,West Bengal,2.91
Historical,High,Varkala,Beach,High,Kerala,2.9
Beach,Medium,Ajanta,Historical,Low,Maharashtra,2.01
City Life,High,Puri,Beach,High,Odisha,2.9
Hill Station,Low,Rishikesh,Adventure,Medium,Uttarakhand,1.4
Wildlife,Low,Varkala,Beach,Low,Kerala,2.9
Hill Station,High,Jaipur,Historical,Medium,Rajasthan,2.01
Adventure,Medium,Kanha,Wildlife,Medium,MP,2.9
City Life,Low,Manali,Hill Station,Low,Himachal,2.9
City Life,Low,Nalanda,Historical,Low,Bihar,2.9
Beach,Medium,Kaziranga,Wildlife,High,Assam,1.41
Beach,Medium,Baga,Beach,Medium,Goa,5.0
Historical,Medium,Hyderabad,City Life,High,Telangana,1.4
Religious,High,Nainital,Hill Station,Low,Uttarakhand,2.0
Religious,High,Red Fort,Historical,Low,Delhi,2.01
Hill Station,High,Kaziranga,Wildlife,Low,Assam,2.0
City Life,Medium,Hyderabad,City Life,Low,Telangana,4.11
Hill Station,High,Baga,Beach,Low,Goa,2.01
Adventure,High,Madurai,Religious,Low,Tamil Nadu,2.01
Adventure,Medium,Manali,Hill Station,Low,Himachal,2.01
Historical,Medium,Bandipur,Wildlife,High,Karnataka,1.41
Religious,Medium,Radhanagar,Beach,Medium,Andaman,2.9
Historical,Medium,Varkala,Beach,High,Kerala,1.41
Beach,High,Manali,Hill Station,Medium,Himachal,2.01
City Life,Low,Ooty,Hill Station,High,Tamil Nadu,1.41
Historical,Medium,Gulmarg,Hill Station,Low,Kashmir,2.01
Beach,High,Kaziranga,Wildlife,High,Assam,2.91
Hill Station,Medium,Bodh Gaya,Religious,Low,Bihar,2.0
Wildlife,Low,Zulruk,Adventure,Medium,Sikkim,1.41
Wildlife,Low,Radhanagar,Beach,Low,Andaman,2.91
Religious,Medium,Zulruk,Adventure,Low,Sikkim,2.01
Hill Station,High,Baga,Beach,Medium,Goa,2.0
Religious,Medium,Rishikesh,Adventure,Low,Uttarakhand,2.01
City Life,High,Kolkata,City Life,Medium,West Bengal,4.1
Beach,High,Jaipur,Historical,Low,Rajasthan,2.01
Religious,Low,Kanha,Wildlife,Medium,MP,1.4
City Life,High,Madurai,Religious,High,Tamil Nadu,2.9
Hill Station,Low,Kanha,Wildlife,Low,MP,2.9
Hill Station,Low,CP,City Life,High,Delhi,1.4
Historical,Low,Madurai,Religious,High,Tamil Nadu,1.41
Hill Station,Medium,Dandeli,Adventure,Medium,Karnataka,2.9
Beach,Low,Khajuraho,Historical,Medium,MP,1.4
Historical,High,Marina,Beach,High,Tamil Nadu,2.9
Religious,High,Alibaug,Beach,Low,Maharashtra,2.01
Hill Station,High,Marina,Beach,High,Tamil Nadu,2.9
Beach,High,Jaipur,Historical,High,Rajasthan,2.9
Historical,Low,Hampi,Historical,High,Karnataka,3.51
Hill Station,Low,Manali,Hill Station,Low,Himachal,5.0
Historical,Medium,Ahmedabad,City Life,Medium,Gujarat,2.9
Adventure,High,Madurai,Religious,High,Tamil Nadu,2.91
City Life,Medium,Manali,Hill Station,Medium,Himachal,2.91
City Life,High,Manali,Hill Station,Medium,Himachal,2.01
City Life,Low,Yadadri,Religious,High,Telangana,1.4
Beach,Medium,Bodh Gaya,Religious,High,Bihar,1.4
Religious,Low,Gangtok,Hill Station,Low,Sikkim,2.91
Religious,High,Bodh Gaya,Religious,Low,Bihar,4.11
Adventure,Low,Khajuraho,Historical,High,MP,1.4
Religious,Medium,Gulmarg,Hill Station,High,Kashmir,1.4
Adventure,Medium,Rishikesh,Adventure,Medium,Uttarakhand,5.0
Historical,High,Ooty,Hill Station,Medium,Tamil Nadu,2.0
Adventure,High,Gulmarg,Hill Station,Medium,Kashmir,2.01
Hill Station,Medium,Amritsar,Religious,High,Punjab,1.41
Wildlife,High,Hampi,Historical,Low,Karnataka,2.01
Wildlife,Low,Madurai,Religious,Medium,Tamil Nadu,1.4
Adventure,High,Manali,Hill Station,Medium,Himachal,2.01
Historical,Low,Leh,Adventure,High,Ladakh,1.4
Adventure,High,Shillong,Hill Station,Low,Meghalaya,2.0
Historical,Low,Ooty,Hill Station,Medium,Tamil Nadu,1.41
Wildlife,High,Nainital,Hill Station,Medium,Uttarakhand,2.0
Religious,Medium,Khajuraho,Historical,Medium,MP,2.9
City Life,Medium,Dandeli,Adventure,Medium,Karnataka,2.91
Wildlife,Low,Amritsar,Religious,High,Punjab,1.4
Adventure,High,Alibaug,Beach,High,Maharashtra,2.91
Historical,Medium,Kolkata,City Life,High,West Bengal,1.41
Religious,Low,Red Fort,Historical,Low,Delhi,2.91
Religious,High,Tawang,Adventure,High,Arunachal,2.9
Hill Station,Medium,Ahmedabad,City Life,Low,Gujarat,2.0
Hill Station,Low,Ooty,Hill Station,Low,Tamil Nadu,5.0
Beach,Medium,Gir,Wildlife,High,Gujarat,1.4
City Life,High,Hampi,Historical,Medium,Karnataka,2.01
City Life,High,Kaziranga,Wildlife,High,Assam,2.91
Adventure,Low,Varkala,Beach,Low,Kerala,2.9
Wildlife,Medium,Varkala,Beach,Medium,Kerala,2.9
Historical,Medium,Kolkata,City Life,Medium,West Bengal,2.91
Religious,Medium,Amritsar,Religious,Low,Punjab,4.11
City Life,High,Leh,Adventure,High,Ladakh,2.91
Wildlife,Medium,Kolkata,City Life,High,West Bengal,1.41
Religious,Low,Jim Corbett,Wildlife,High,Uttarakhand,1.41
Religious,Medium,Puri,Beach,Low,Odisha,2.0
Wildlife,Medium,Kanha,Wildlife,High,MP,3.5
Religious,Medium,Ajanta,Historical,High,Maharashtra,1.4
Beach,Low,Bandipur,Wildlife,Medium,Karnataka,1.4
Religious,Low,Ranthambore,Wildlife,Low,Rajasthan,2.91
Beach,Medium,Shillong,Hill Station,Medium,Meghalaya,2.9
Adventure,High,Dandeli,Adventure,Low,Karnataka,4.11
Beach,Medium,Red Fort,Historical,High,Delhi,1.41
City Life,Low,Madurai,Religious,Low,Tamil Nadu,2.91
City Life,Medium,Shillong,Hill Station,High,Meghalaya,1.4
City Life,Medium,Hampi,Historical,Medium,Karnataka,2.9
City Life,High,Yadadri,Religious,Low,Telangana,2.0
Adventure,Medium,Bodh Gaya,Religious,Low,Bihar,2.0
Historical,High,Bangalore,City Life,Low,Karnataka,2.0
Historical,Medium,Spiti,Adventure,High,Himachal,1.4
Hill Station,Low,Spiti,Adventure,High,Himachal,1.4
Beach,Low,Puri,Beach,High,Odisha,3.5
Adventure,Low,Mumbai,City Life,Low,Maharashtra,2.91
City Life,Low,Nalanda,Historical,High,Bihar,1.4
Religious,Low,CP,City Life,Medium,Delhi,1.41
Historical,Low,Rishikesh,Adventure,Low,Uttarakhand,2.91
Beach,Medium,Jim Corbett,Wildlife,Low,Uttarakhand,2.0
Religious,Medium,Spiti,Adventure,Low,Himachal,2.0
Hill Station,Low,Alibaug,Beach,High,Maharashtra,1.4
Hill Station,High,Ahmedabad,City Life,High,Gujarat,2.9
Historical,Medium,Bangalore,City Life,High,Karnataka,1.41
Beach,High,Nainital,Hill Station,High,Uttarakhand,2.91
Adventure,Low,Bangalore,City Life,High,Karnataka,1.4
Wildlife,High,Bandipur,Wildlife,High,Karnataka,5.0
Religious,Medium,Radhanagar,Beach,High,Andaman,1.41
Religious,Low,Ooty,Hill Station,Low,Tamil Nadu,2.91
Hill Station,High,Kolkata,City Life,Low,West Bengal,2.01
Adventure,High,Zulruk,Adventure,Medium,Sikkim,4.1
Religious,Low,Puri,Beach,Low,Odisha,2.91
Beach,Low,Amritsar,Religious,Low,Punjab,2.9
Beach,Low,Bodh Gaya,Religious,Low,Bihar,2.91
City Life,Low,Gangtok,Hill Station,High,Sikkim,1.41
Wildlife,Medium,Bandipur,Wildlife,Low,Karnataka,4.1
City Life,Low,Alibaug,Beach,Medium,Maharashtra,1.41
Adventure,Medium,Ajanta,Historical,Medium,Maharashtra,2.91
City Life,Medium,Rishikesh,Adventure,Medium,Uttarakhand,2.91
Adventure,Low,Gir,Wildlife,High,Gujarat,1.4
Adventure,High,Kolkata,City Life,High,West Bengal,2.91
Beach,Low,Somnath,Religious,High,Gujarat,1.4
Hill Station,Low,Bandipur,Wildlife,High,Karnataka,1.4
Historical,Medium,Gulmarg,Hill Station,High,Kashmir,1.4
Adventure,High,Kaziranga,Wildlife,Low,Assam,2.0
Hill Station,High,Amritsar,Religious,Medium,Punjab,2.01
Hill Station,High,Jim Corbett,Wildlife,Low,Uttarakhand,2.01
Hill Station,Medium,Alibaug,Beach,High,Maharashtra,1.41
Hill Station,High,Hyderabad,City Life,Low,Telangana,2.01
Adventure,Low,Bangalore,City Life,High,Karnataka,1.4
Historical,High,Varkala,Beach,Medium,Kerala,2.01
Beach,Medium,Gangtok,Hill Station,High,Sikkim,1.41
Hill Station,High,Gangtok,Hill Station,Medium,Sikkim,4.11
Historical,High,Gir,Wildlife,Medium,Gujarat,2.0
Beach,Low,CP,City Life,Low,Delhi,2.91
Historical,High,Kaziranga,Wildlife,High,Assam,2.9
City Life,Low,Amritsar,Religious,Medium,Punjab,1.4
Historical,High,Gir,Wildlife,High,Gujarat,2.9
Beach,High,Rishikesh,Adventure,Low,Uttarakhand,2.0
Historical,High,Ooty,Hill Station,Low,Tamil Nadu,2.0
Adventure,High,Gangtok,Hill Station,Low,Sikkim,2.01
Religious,Low,Hyderabad,City Life,Medium,Telangana,1.41
Historical,High,Mumbai,City Life,High,Maharashtra,2.91
Hill Station,Medium,Dandeli,Adventure,Medium,Karnataka,2.91
Wildlife,Medium,Kanha,Wildlife,Medium,MP,5.0
Wildlife,High,Dandeli,Adventure,High,Karnataka,2.9
Beach,Low,Somnath,Religious,High,Gujarat,1.41
Hill Station,High,Tawang,Adventure,Low,Arunachal,2.0
Hill Station,Low,Rishikesh,Adventure,Low,Uttarakhand,2.91
Historical,High,Nalanda,Historical,Medium,Bihar,4.1
City Life,Medium,Ranthambore,Wildlife,Low,Rajasthan,2.01
Adventure,Medium,Hyderabad,City Life,Low,Telangana,2.01
Wildlife,High,Amritsar,Religious,High,Punjab,2.91
City Life,Low,Rishikesh,Adventure,High,Uttarakhand,1.41
Hill Station,Low,Hampi,Historical,Low,Karnataka,2.91
Religious,Medium,CP,City Life,Medium,Delhi,2.9
Beach,Medium,Somnath,Religious,High,Gujarat,1.4
Historical,Low,Hampi,Historical,Low,Karnataka,5.0
City Life,Low,Red Fort,Historical,Medium,Delhi,1.4
Adventure,High,Ranthambore,Wildlife,High,Rajasthan,2.9
Wildlife,Medium,Bodh Gaya,Religious,Low,Bihar,2.0
Adventure,Medium,Varkala,Beach,High,Kerala,1.41
Adventure,High,Red Fort,Historical,Medium,Delhi,2.01
Wildlife,High,Hyderabad,City Life,High,Telangana,2.91
Adventure,High,Kanha,Wildlife,Low,MP,2.0
Historical,High,Shillong,Hill Station,Low,Meghalaya,2.01
Adventure,Medium,Ranthambore,Wildlife,Low,Rajasthan,2.0
Beach,High,Spiti,Adventure,Medium,Himachal,2.01
Beach,Low,Rishikesh,Adventure,Medium,Uttarakhand,1.41
Wildlife,High,Bandipur,Wildlife,Medium,Karnataka,4.1
Beach,Low,Kanha,Wildlife,Medium,MP,1.4
Beach,High,Manali,Hill Station,Medium,Himachal,2.0
Beach,Low,Dandeli,Adventure,High,Karnataka,1.4
Religious,Medium,Tawang,Adventure,Low,Arunachal,2.01
Historical,Medium,Kolkata,City Life,Low,West Bengal,2.01
City Life,Low,Leh,Adventure,High,Ladakh,1.41
Hill Station,Medium,Nalanda,Historical,Low,Bihar,2.0
Adventure,Medium,Leh,Adventure,Medium,Ladakh,5.0
Adventure,Low,Dandeli,Adventure,Medium,Karnataka,3.5
Religious,Low,Khajuraho,Historical,Low,MP,2.91
Beach,Low,Ajanta,Historical,High,Maharashtra,1.4
Hill Station,Medium,Nalanda,Historical,High,Bihar,1.4
City Life,Medium,Ooty,Hill Station,Medium,Tamil Nadu,2.9
Adventure,High,Manali,Hill Station,High,Himachal,2.91
Historical,Medium,Gir,Wildlife,High,Gujarat,1.4
Hill Station,Low,Ranthambore,Wildlife,Medium,Rajasthan,1.41
Beach,High,Varanasi,Religious,Medium,UP,2.0
Adventure,High,Khajuraho,Historical,Medium,MP,2.01
Wildlife,Low,Madurai,Religious,High,Tamil Nadu,1.4
Adventure,Medium,Varanasi,Religious,High,UP,1.41
Wildlife,Low,CP,City Life,Low,Delhi,2.91
City Life,High,Radhanagar,Beach,Low,Andaman,2.0
City Life,Low,Gulmarg,Hill Station,Medium,Kashmir,1.4
Beach,Low,Ranthambore,Wildlife,Low,Rajasthan,2.91
City Life,High,Hampi,Historical,Low,Karnataka,2.01
Hill Station,High,Yadadri,Religious,Medium,Telangana,2.01
City Life,Medium,Varkala,Beach,Medium,Kerala,2.91
Adventure,Low,Spiti,Adventure,High,Himachal,3.5
Adventure,High,Jim Corbett,Wildlife,High,Uttarakhand,2.9
Hill Station,Medium,Gir,Wildlife,Low,Gujarat,2.01
Beach,Low,Madurai,Religious,Medium,Tamil Nadu,1.4
Beach,High,Jaipur,Historical,High,Rajasthan,2.91
Historical,Low,Ahmedabad,City Life,Medium,Gujarat,1.4
City Life,High,Leh,Adventure,Medium,Ladakh,2.0
Adventure,Medium,Ranthambore,Wildlife,Low,Rajasthan,2.01
Religious,Low,Nainital,Hill Station,High,Uttarakhand,1.4
Historical,Low,Nalanda,Historical,Low,Bihar,5.0
Beach,High,Jim Corbett,Wildlife,High,Uttarakhand,2.91
Wildlife,Medium,Manali,Hill Station,High,Himachal,1.41
Adventure,High,Spiti,Adventure,High,Himachal,5.0
Adventure,Low,Varkala,Beach,High,Kerala,1.4
Adventure,Low,Amritsar,Religious,High,Punjab,1.4
Hill Station,High,Leh,Adventure,High,Ladakh,2.91
Religious,High,Hampi,Historical,Low,Karnataka,2.01
Wildlife,Medium,CP,City Life,Low,Delhi,2.0
Adventure,Low,Somnath,Religious,Low,Gujarat,2.9
City Life,Medium,Ahmedabad,City Life,High,Gujarat,3.5
Adventure,Medium,Hampi,Historical,High,Karnataka,1.4
Hill Station,Medium,Kanha,Wildlife,Low,MP,2.0
Historical,High,Ahmedabad,City Life,Low,Gujarat,2.0
Beach,Medium,CP,City Life,Low,Delhi,2.0
Beach,Low,Ajanta,Historical,High,Maharashtra,1.41
Historical,High,Kanha,Wildlife,Medium,MP,2.01
Adventure,High,Ahmedabad,City Life,Medium,Gujarat,2.01
Wildlife,Low,Leh,Adventure,Low,Ladakh,2.9
Religious,High,Hyderabad,City Life,Medium,Telangana,2.0
Religious,High,Khajuraho,Historical,High,MP,2.91
Adventure,High,Jim Corbett,Wildlife,Low,Uttarakhand,2.0
Hill Station,High,Alibaug,Beach,High,Maharashtra,2.91
Adventure,Low,Alibaug,Beach,Medium,Maharashtra,1.41
Religious,Low,Kolkata,City Life,Medium,West Bengal,1.41
City Life,Low,Ajanta,Historical,High,Maharashtra,1.4
City Life,Medium,Kolkata,City Life,High,West Bengal,3.5
Beach,Medium,Zulruk,Adventure,High,Sikkim,1.4
Hill Station,High,Radhanagar,Beach,Medium,Andaman,2.0
City Life,High,Somnath,Religious,High,Gujarat,2.9
Wildlife,Medium,Baga,Beach,High,Goa,1.41
Beach,Medium,Shillong,Hill Station,High,Meghalaya,1.4
Adventure,Low,Bandipur,Wildlife,Low,Karnataka,2.91
City Life,High,Kolkata,City Life,High,West Bengal,5.0
Adventure,Medium,Alibaug,Beach,Low,Maharashtra,2.01
Religious,High,Baga,Beach,Medium,Goa,2.01
Hill Station,Medium,Marina,Beach,Low,Tamil Nadu,2.0
Wildlife,Medium,Tawang,Adventure,Medium,Arunachal,2.9
Religious,Low,Kaziranga,Wildlife,Medium,Assam,1.4
Wildlife,Medium,Alibaug,Beach,High,Maharashtra,1.41
Wildlife,Medium,Hampi,Historical,Medium,Karnataka,2.9
Historical,Medium,Varkala,Beach,High,Kerala,1.41
Wildlife,Medium,Bandipur,Wildlife,Medium,Karnataka,5.0
Wildlife,High,Radhanagar,Beach,Medium,Andaman,2.0
Hill Station,High,Hampi,Historical,Medium,Karnataka,2.0
City Life,Medium,Ooty,Hill Station,High,Tamil Nadu,1.4
Religious,Medium,Marina,Beach,High,Tamil Nadu,1.41
Religious,High,Varkala,Beach,Low,Kerala,2.01
Adventure,Medium,Yadadri,Religious,Medium,Telangana,2.91
City Life,High,Hampi,Historical,Low,Karnataka,2.01
Hill Station,Low,Ahmedabad,City Life,Medium,Gujarat,1.41
Wildlife,Low,Gangtok,Hill Station,High,Sikkim,1.4
Religious,Medium,Hampi,Historical,Medium,Karnataka,2.91
Adventure,Medium,Bandipur,Wildlife,High,Karnataka,1.4
Hill Station,Medium,Bangalore,City Life,Low,Karnataka,2.0
Religious,High,Gir,Wildlife,Low,Gujarat,2.0
Hill Station,High,Alibaug,Beach,Low,Maharashtra,2.01
Wildlife,High,Marina,Beach,Medium,Tamil Nadu,2.0
Historical,Medium,Dandeli,Adventure,High,Karnataka,1.4
Hill Station,High,Ooty,Hill Station,Low,Tamil Nadu,4.1
Wildlife,Medium,Madurai,Religious,Medium,Tamil Nadu,2.91
Hill Station,High,Bangalore,City Life,High,Karnataka,2.91
Hill Station,Low,Varkala,Beach,Low,Kerala,2.9
Wildlife,Low,Nainital,Hill Station,Low,Uttarakhand,2.91
Historical,High,Red Fort,Historical,Medium,Delhi,4.1
Beach,Low,Bandipur,Wildlife,Low,Karnataka,2.9
Wildlife,Medium,Ajanta,Historical,Low,Maharashtra,2.01
Adventure,High,Gangtok,Hill Station,Medium,Sikkim,2.0
City Life,Medium,Somnath,Religious,High,Gujarat,1.4
Religious,Medium,Somnath,Religious,Medium,Gujarat,5.0
Historical,Medium,Amritsar,Religious,High,Punjab,1.4
Wildlife,High,Puri,Beach,High,Odisha,2.9
Historical,Low,Puri,Beach,Medium,Odisha,1.41
Beach,Medium,Rishikesh,Adventure,Medium,Uttarakhand,2.91
Hill Station,Low,Ranthambore,Wildlife,Low,Rajasthan,2.9
Beach,Medium,Hampi,Historical,Medium,Karnataka,2.91
Wildlife,Low,Ooty,Hill Station,Low,Tamil Nadu,2.91
Adventure,High,Kaziranga,Wildlife,High,Assam,2.91
Wildlife,High,Mumbai,City Life,Medium,Maharashtra,2.0
Wildlife,Low,Zulruk,Adventure,Medium,Sikkim,1.41
Religious,Medium,Ajanta,Historical,High,Maharashtra,1.4
Religious,Medium,Jim Corbett,Wildlife,High,Uttarakhand,1.4
Adventure,Medium,Baga,Beach,High,Goa,1.41
Hill Station,High,Tawang,Adventure,High,Arunachal,2.91
Wildlife,Medium,Marina,Beach,High,Tamil Nadu,1.4
Hill Station,Medium,Nalanda,Historical,High,Bihar,1.4
Religious,Low,Kanha,Wildlife,Low,MP,2.91
City Life,Medium,CP,City Life,Medium,Delhi,5.0
Religious,High,Khajuraho,Historical,Low,MP,2.01
Religious,Low,Alibaug,Beach,Medium,Maharashtra,1.41
Historical,High,Red Fort,Historical,Medium,Delhi,4.11
Beach,High,Bodh Gaya,Religious,Medium,Bihar,2.0
Hill Station,Low,Ahmedabad,City Life,High,Gujarat,1.41
Hill Station,Low,Alibaug,Beach,Low,Maharashtra,2.9
Beach,High,Bangalore,City Life,High,Karnataka,2.9
Hill Station,Low,Nalanda,Historical,High,Bihar,1.4
Historical,High,Ranthambore,Wildlife,Medium,Rajasthan,2.01
Beach,Low,Manali,Hill Station,Medium,Himachal,1.4
Adventure,Low,Spiti,Adventure,Medium,Himachal,3.51
Historical,Medium,Shillong,Hill Station,Medium,Meghalaya,2.91
Beach,Low,Alibaug,Beach,Low,Maharashtra,5.0
City Life,High,Bangalore,City Life,High,Karnataka,5.0
Religious,Medium,Gulmarg,Hill Station,Low,Kashmir,2.0
Religious,High,Tawang,Adventure,Low,Arunachal,2.01
Historical,Low,Tawang,Adventure,Low,Arunachal,2.91
Adventure,Low,Radhanagar,Beach,Low,Andaman,2.9
Historical,Low,Leh,Adventure,High,Ladakh,1.41
Wildlife,Low,Gangtok,Hill Station,Medium,Sikkim,1.4
City Life,High,Ahmedabad,City Life,High,Gujarat,5.0
Wildlife,Low,Red Fort,Historical,Medium,Delhi,1.41
Wildlife,Low,Jim Corbett,Wildlife,High,Uttarakhand,3.51
Beach,High,Mumbai,City Life,Low,Maharashtra,2.01
Hill Station,Medium,Varkala,Beach,Medium,Kerala,2.91
City Life,Low,Puri,Beach,Low,Odisha,2.9
Religious,High,Kaziranga,Wildlife,Medium,Assam,2.01
Religious,Low,Manali,Hill Station,Low,Himachal,2.9
Historical,High,Marina,Beach,Low,Tamil Nadu,2.0
Hill Station,High,Zulruk,Adventure,High,Sikkim,2.91
Historical,Medium,Marina,Beach,Low,Tamil Nadu,2.01
Wildlife,High,Varanasi,Religious,Medium,UP,2.0
Wildlife,Medium,Red Fort,Historical,High,Delhi,1.4
City Life,Low,Leh,Adventure,Low,Ladakh,2.91
Wildlife,Medium,Nalanda,Historical,High,Bihar,1.4
Adventure,Medium,Varkala,Beach,Medium,Kerala,2.91
Historical,Medium,Hyderabad,City Life,Medium,Telangana,2.9
Wildlife,High,Zulruk,Adventure,High,Sikkim,2.91
Hill Station,Medium,Hampi,Historical,Medium,Karnataka,2.91
City Life,Low,Spiti,Adventure,Medium,Himachal,1.41
Hill Station,Low,Leh,Adventure,High,Ladakh,1.41
Hill Station,High,Ranthambore,Wildlife,Medium,Rajasthan,2.0
Historical,High,Bangalore,City Life,Medium,Karnataka,2.0
Historical,Medium,Khajuraho,Historical,Low,MP,4.11
Beach,High,Jim Corbett,Wildlife,High,Uttarakhand,2.9
Beach,Low,Varkala,Beach,Low,Kerala,5.0
Beach,Low,Ooty,Hill Station,High,Tamil Nadu,1.41
Beach,High,Somnath,Religious,Low,Gujarat,2.0
Religious,Medium,Amritsar,Religious,High,Punjab,3.5
Wildlife,Low,Mumbai,City Life,High,Maharashtra,1.4
Adventure,High,Jaipur,Historical,Medium,Rajasthan,2.0
Hill Station,Low,Baga,Beach,High,Goa,1.4
Religious,Low,Amritsar,Religious,High,Punjab,3.5
Hill Station,Medium,Red Fort,Historical,Low,Delhi,2.0
Adventure,High,Madurai,Religious,Medium,Tamil Nadu,2.0
City Life,Low,CP,City Life,Low,Delhi,5.0
City Life,High,Radhanagar,Beach,Medium,Andaman,2.01
Beach,Medium,Kolkata,City Life,Low,West Bengal,2.01
Wildlife,High,Bangalore,City Life,Medium,Karnataka,2.01
Historical,Low,Varanasi,Religious,Medium,UP,1.4
Wildlife,High,Kaziranga,Wildlife,Medium,Assam,4.1
Religious,Medium,Gulmarg,Hill Station,Medium,Kashmir,2.9
Historical,High,Ooty,Hill Station,High,Tamil Nadu,2.9
Wildlife,High,Jaipur,Historical,Medium,Rajasthan,2.01
Historical,High,Varkala,Beach,Low,Kerala,2.0
Adventure,High,Jaipur,Historical,High,Rajasthan,2.91
Hill Station,High,Jim Corbett,Wildlife,Low,Uttarakhand,2.01
Beach,Medium,Ooty,Hill Station,High,Tamil Nadu,1.41
Religious,Medium,Shillong,Hill Station,Low,Meghalaya,2.01
Religious,Low,Bangalore,City Life,Low,Karnataka,2.91
Religious,Low,Madurai,Religious,Low,Tamil Nadu,5.0
Hill Station,High,Varanasi,Religious,Low,UP,2.01
Religious,Medium,Somnath,Religious,Low,Gujarat,4.11
Religious,Low,Red Fort,Historical,High,Delhi,1.41
Adventure,Low,Hyderabad,City Life,Medium,Telangana,1.4
Historical,Medium,Tawang,Adventure,Low,Arunachal,2.01
Historical,High,Hampi,Historical,Low,Karnataka,4.1
Wildlife,Medium,Ahmedabad,City Life,Low,Gujarat,2.01
Hill Station,Low,Varanasi,Religious,High,UP,1.4
Wildlife,Medium,Ranthambore,Wildlife,High,Rajasthan,3.5
Wildlife,High,Somnath,Religious,Medium,Gujarat,2.01
Historical,Low,Jim Corbett,Wildlife,Low,Uttarakhand,2.9
City Life,Low,Shillong,Hill Station,Low,Meghalaya,2.91
City Life,High,Spiti,Adventure,High,Himachal,2.91
City Life,Low,Amritsar,Religious,High,Punjab,1.41
Beach,Low,Gir,Wildlife,Medium,Gujarat,1.4
Religious,Medium,Bodh Gaya,Religious,High,Bihar,3.51
Hill Station,High,Radhanagar,Beach,Medium,Andaman,2.0
Historical,Low,Ajanta,Historical,Medium,Maharashtra,3.51
Beach,Medium,Gir,Wildlife,Low,Gujarat,2.0
City Life,Low,Zulruk,Adventure,High,Sikkim,1.41
Wildlife,High,Bandipur,Wildlife,Medium,Karnataka,4.11
Wildlife,Low,Kaziranga,Wildlife,High,Assam,3.51
Beach,Medium,Varkala,Beach,Medium,Kerala,5.0
Beach,Low,Alibaug,Beach,Low,Maharashtra,5.0
City Life,Low,Somnath,Religious,Medium,Gujarat,1.4
Beach,Medium,Kanha,Wildlife,Medium,MP,2.91
City Life,High,Ranthambore,Wildlife,High,Rajasthan,2.91
Beach,High,Bodh Gaya,Religious,Medium,Bihar,2.01
Wildlife,Medium,Madurai,Religious,Low,Tamil Nadu,2.0
Historical,Low,Red Fort,Historical,Low,Delhi,5.0
Beach,High,Alibaug,Beach,Medium,Maharashtra,4.1
Wildlife,Medium,Gulmarg,Hill Station,Low,Kashmir,2.01
Hill Station,Low,Kanha,Wildlife,Low,MP,2.9
City Life,Medium,Radhanagar,Beach,High,Andaman,1.41
City Life,High,Kanha,Wildlife,High,MP,2.91
Religious,Medium,Nalanda,Historical,High,Bihar,1.41
Historical,Low,Hyderabad,City Life,Low,Telangana,2.91
Hill Station,Low,Shillong,Hill Station,Low,Meghalaya,5.0
Adventure,Low,Ajanta,Historical,Low,Maharashtra,2.91
Religious,Medium,Alibaug,Beach,High,Maharashtra,1.41
Beach,Low,Spiti,Adventure,Low,Himachal,2.91
Beach,Low,Hyderabad,City Life,Medium,Telangana,1.41
City Life,High,Varanasi,Religious,High,UP,2.9
Beach,Low,Ahmedabad,City Life,Low,Gujarat,2.9
Beach,Medium,Rishikesh,Adventure,High,Uttarakhand,1.41
Religious,Medium,Gulmarg,Hill Station,High,Kashmir,1.41
Beach,Medium,Gir,Wildlife,Low,Gujarat,2.0
City Life,High,Bangalore,City Life,Low,Karnataka,4.11
Religious,High,Ranthambore,Wildlife,High,Rajasthan,2.9
Beach,Medium,Nalanda,Historical,Medium,Bihar,2.91
Historical,Medium,Bodh Gaya,Religious,Low,Bihar,2.0
Beach,Low,Jaipur,Historical,Low,Rajasthan,2.9
Religious,Medium,Gulmarg,Hill Station,Low,Kashmir,2.01
Beach,Low,Puri,Beach,High,Odisha,3.51
City Life,High,Baga,Beach,Medium,Goa,2.01
Historical,Low,CP,City Life,High,Delhi,1.41
Historical,Medium,Gulmarg,Hill Station,Medium,Kashmir,2.9
Adventure,Low,Tawang,Adventure,High,Arunachal,3.5
Hill Station,Medium,Bodh Gaya,Religious,High,Bihar,1.41
Hill Station,Medium,Leh,Adventure,Low,Ladakh,2.0
Religious,Low,Gangtok,Hill Station,Low,Sikkim,2.91
Beach,Medium,Red Fort,Historical,Low,Delhi,2.0
Religious,High,Hampi,Historical,Medium,Karnataka,2.01
City Life,Medium,Mumbai,City Life,High,Maharashtra,3.5
Wildlife,High,Amritsar,Religious,High,Punjab,2.9
Wildlife,High,Somnath,Religious,High,Gujarat,2.9
City Life,Medium,Rishikesh,Adventure,High,Uttarakhand,1.41
Religious,High,Khajuraho,Historical,Medium,MP,2.01
Adventure,Medium,Gangtok,Hill Station,Medium,Sikkim,2.9
City Life,High,Baga,Beach,Medium,Goa,2.01
Historical,Low,Madurai,Religious,High,Tamil Nadu,1.4
City Life,High,Hampi,Historical,Low,Karnataka,2.0
Adventure,High,Nainital,Hill Station,Low,Uttarakhand,2.01
Wildlife,Low,Ooty,Hill Station,High,Tamil Nadu,1.4
Historical,High,Alibaug,Beach,Low,Maharashtra,2.0
Religious,Medium,Marina,Beach,Medium,Tamil Nadu,2.91
Beach,Medium,Gulmarg,Hill Station,Low,Kashmir,2.01
Wildlife,Medium,Hampi,Historical,Medium,Karnataka,2.91
Religious,High,Gangtok,Hill Station,Low,Sikkim,2.0
Hill Station,High,Dandeli,Adventure,High,Karnataka,2.91
Historical,High,Hyderabad,City Life,Low,Telangana,2.01
Historical,High,Ahmedabad,City Life,High,Gujarat,2.9
Adventure,High,Madurai,Religious,High,Tamil Nadu,2.9
Adventure,Low,Jim Corbett,Wildlife,Medium,Uttarakhand,1.4
Adventure,Low,Rishikesh,Adventure,High,Uttarakhand,3.51
Adventure,High,Shillong,Hill Station,Low,Meghalaya,2.01
Hill Station,Medium,Gir,Wildlife,Low,Gujarat,2.0
Wildlife,High,Amritsar,Religious,Medium,Punjab,2.0
Religious,Medium,Bodh Gaya,Religious,Low,Bihar,4.11
Beach,Low,Ajanta,Historical,Medium,Maharashtra,1.4
Beach,Medium,Gangtok,Hill Station,High,Sikkim,1.41
Religious,Medium,Nainital,Hill Station,Medium,Uttarakhand,2.91
Adventure,Medium,Ranthambore,Wildlife,High,Rajasthan,1.41
Wildlife,High,Baga,Beach,High,Goa,2.91
Hill Station,High,Khajuraho,Historical,Medium,MP,2.0
Religious,Medium,Yadadri,Religious,Medium,Telangana,5.0
Beach,Low,Manali,Hill Station,High,Himachal,1.4
Beach,Low,Ranthambore,Wildlife,Medium,Rajasthan,1.41
Adventure,Medium,Jaipur,Historical,High,Rajasthan,1.4
City Life,High,Bodh Gaya,Religious,High,Bihar,2.91
Religious,Medium,Madurai,Religious,Medium,Tamil Nadu,5.0
Wildlife,High,Nalanda,Historical,Low,Bihar,2.0
Historical,Low,Kanha,Wildlife,Medium,MP,1.4
Adventure,Low,Gangtok,Hill Station,Medium,Sikkim,1.41
Historical,High,Nalanda,Historical,Medium,Bihar,4.11
Religious,High,Mumbai,City Life,Medium,Maharashtra,2.01
Beach,Low,Rishikesh,Adventure,Low,Uttarakhand,2.91
Wildlife,Medium,Rishikesh,Adventure,High,Uttarakhand,1.4
Hill Station,Medium,Radhanagar,Beach,High,Andaman,1.4
Religious,Low,Bodh Gaya,Religious,Medium,Bihar,3.51
Religious,Low,Kanha,Wildlife,High,MP,1.41
Adventure,Low,Shillong,Hill Station,Medium,Meghalaya,1.41
Beach,Medium,Madurai,Religious,Medium,Tamil Nadu,2.91
Historical,Low,Hyderabad,City Life,High,Telangana,1.4
City Life,Low,Hampi,Historical,Medium,Karnataka,1.41
Wildlife,Low,Puri,Beach,Low,Odisha,2.9
Wildlife,High,Kolkata,City Life,Low,West Bengal,2.0
Religious,Medium,Bodh Gaya,Religious,Low,Bihar,4.11
Wildlife,High,Amritsar,Religious,High,Punjab,2.91
Religious,Medium,Nalanda,Historical,Low,Bihar,2.01
City Life,High,Nalanda,Historical,Medium,Bihar,2.0
City Life,Medium,Zulruk,Adventure,Medium,Sikkim,2.9
City Life,Medium,Ooty,Hill Station,Low,Tamil Nadu,2.01
Religious,Medium,Manali,Hill Station,Medium,Himachal,2.9
Beach,Low,Dandeli,Adventure,High,Karnataka,1.41
Adventure,Medium,Zulruk,Adventure,Medium,Sikkim,5.0
City Life,Medium,Ranthambore,Wildlife,Medium,Rajasthan,2.9
City Life,Medium,CP,City Life,Medium,Delhi,5.0
Historical,Low,Jim Corbett,Wildlife,Medium,Uttarakhand,1.4
Beach,Medium,Leh,Adventure,Low,Ladakh,2.0
Historical,Low,Rishikesh,Adventure,Low,Uttarakhand,2.9
Adventure,Medium,Red Fort,Historical,Medium,Delhi,2.9
City Life,Medium,Jaipur,Historical,Low,Rajasthan,2.01
Historical,Low,Nalanda,Historical,Low,Bihar,5.0
Religious,High,Ajanta,Historical,Low,Maharashtra,2.01
Beach,Low,Bandipur,Wildlife,Low,Karnataka,2.9
Beach,Low,Radhanagar,Beach,Low,Andaman,5.0
Wildlife,Low,Hyderabad,City Life,Low,Telangana,2.9
Hill Station,Medium,Ajanta,Historical,High,Maharashtra,1.4
Historical,Low,Ahmedabad,City Life,High,Gujarat,1.41
Adventure,Medium,Shillong,Hill Station,High,Meghalaya,1.41
Adventure,High,Dandeli,Adventure,Medium,Karnataka,4.11
Hill Station,High,Puri,Beach,Low,Odisha,2.01
Beach,Low,Bandipur,Wildlife,High,Karnataka,1.41
Historical,Medium,Ahmedabad,City Life,Low,Gujarat,2.0
Hill Station,High,Spiti,Adventure,Low,Himachal,2.0
Religious,Low,Gir,Wildlife,High,Gujarat,1.41
Historical,Low,Manali,Hill Station,High,Himachal,1.4
Historical,Medium,Kaziranga,Wildlife,Low,Assam,2.0
Religious,Low,Khajuraho,Historical,Medium,MP,1.41
Hill Station,Low,Varanasi,Religious,High,UP,1.41
Historical,Medium,Spiti,Adventure,Low,Himachal,2.0
Wildlife,Medium,Manali,Hill Station,Low,Himachal,2.0
Historical,Medium,Mumbai,City Life,High,Maharashtra,1.41
Religious,Medium,Red Fort,Historical,High,Delhi,1.4
Religious,Medium,Gir,Wildlife,High,Gujarat,1.4
Wildlife,Low,Radhanagar,Beach,High,Andaman,1.41
Hill Station,Low,Khajuraho,Historical,Low,MP,2.9
Historical,Low,Baga,Beach,Medium,Goa,1.41
Hill Station,Low,CP,City Life,Low,Delhi,2.91
Adventure,Medium,Khajuraho,Historical,Medium,MP,2.9
City Life,Low,Marina,Beach,Low,Tamil Nadu,2.9
Adventure,High,Bodh Gaya,Religious,Low,Bihar,2.0
Beach,Medium,Jaipur,Historical,High,Rajasthan,1.41
Adventure,Medium,Shillong,Hill Station,High,Meghalaya,1.41
Hill Station,Low,Somnath,Religious,Medium,Gujarat,1.4
Religious,Low,Red Fort,Historical,Medium,Delhi,1.41
Adventure,High,Varkala,Beach,Medium,Kerala,2.0
Religious,Low,CP,City Life,Low,Delhi,2.91
Wildlife,Medium,Mumbai,City Life,High,Maharashtra,1.41
Religious,Low,Kanha,Wildlife,High,MP,1.41
Religious,Low,Hyderabad,City Life,High,Telangana,1.41
Beach,Medium,Bodh Gaya,Religious,Low,Bihar,2.0
Adventure,Medium,Rishikesh,Adventure,High,Uttarakhand,3.5
City Life,Low,Ahmedabad,City Life,Low,Gujarat,5.0
Wildlife,Medium,Gangtok,Hill Station,Low,Sikkim,2.01
City Life,Low,Bodh Gaya,Religious,Low,Bihar,2.9
Wildlife,Low,Nainital,Hill Station,High,Uttarakhand,1.4
Religious,Medium,Ajanta,Historical,High,Maharashtra,1.41
Beach,Medium,Kaziranga,Wildlife,Medium,Assam,2.91
Hill Station,High,Kaziranga,Wildlife,Medium,Assam,2.01
Hill Station,High,Gangtok,Hill Station,High,Sikkim,5.0
Historical,Medium,Amritsar,Religious,Medium,Punjab,2.9
Hill Station,Low,Hyderabad,City Life,Low,Telangana,2.91
Hill Station,Low,Baga,Beach,Low,Goa,2.9
Adventure,High,Amritsar,Religious,Medium,Punjab,2.0
Adventure,Low,Kanha,Wildlife,Low,MP,2.91
Historical,Low,Kaziranga,Wildlife,Low,Assam,2.91
Historical,High,Nainital,Hill Station,Medium,Uttarakhand,2.01
Historical,Medium,Khajuraho,Historical,Medium,MP,5.0
Beach,Medium,Varkala,Beach,Medium,Kerala,5.0
Wildlife,Medium,Mumbai,City Life,High,Maharashtra,1.41
Historical,Medium,Jaipur,Historical,Low,Rajasthan,4.1
Religious,Low,Tawang,Adventure,Medium,Arunachal,1.4
Religious,Low,Yadadri,Religious,High,Telangana,3.5
Hill Station,High,Radhanagar,Beach,High,Andaman,2.9
Historical,Low,Gir,Wildlife,Medium,Gujarat,1.41
Beach,Medium,Kaziranga,Wildlife,Low,Assam,2.0
Hill Station,High,CP,City Life,Low,Delhi,2.01
Religious,Low,Ajanta,Historical,High,Maharashtra,1.4
Wildlife,Medium,Yadadri,Religious,Low,Telangana,2.0
Hill Station,Low,Mumbai,City Life,Low,Maharashtra,2.91
Beach,Low,Puri,Beach,Low,Odisha,5.0
Hill Station,Low,Madurai,Religious,Medium,Tamil Nadu,1.4
Historical,Medium,Gangtok,Hill Station,Medium,Sikkim,2.9
Beach,Low,Somnath,Religious,Low,Gujarat,2.9
Adventure,Medium,Mumbai,City Life,Medium,Maharashtra,2.9
Wildlife,Low,Kolkata,City Life,Low,West Bengal,2.9
Beach,High,Hyderabad,City Life,Low,Telangana,2.01
Beach,High,Nalanda,Historical,Low,Bihar,2.01
Religious,Low,Yadadri,Religious,Medium,Telangana,3.51
Historical,High,Varanasi,Religious,Medium,UP,2.0
Religious,High,Hampi,Historical,Medium,Karnataka,2.0
Beach,Medium,Jim Corbett,Wildlife,Medium,Uttarakhand,2.91
City Life,Medium,Radhanagar,Beach,Low,Andaman,2.0
Wildlife,Medium,Dandeli,Adventure,Low,Karnataka,2.0
Wildlife,Low,Zulruk,Adventure,Low,Sikkim,2.91
City Life,Low,Baga,Beach,Medium,Goa,1.41
Beach,Low,Khajuraho,Historical,Medium,MP,1.41
Beach,Low,CP,City Life,Medium,Delhi,1.41
Religious,High,Amritsar,Religious,Medium,Punjab,4.1
Beach,High,Hampi,Historical,Medium,Karnataka,2.0
Historical,Low,Red Fort,Historical,Medium,Delhi,3.51
Beach,Medium,Alibaug,Beach,Medium,Maharashtra,5.0
Adventure,Low,Dandeli,Adventure,Low,Karnataka,5.0
Wildlife,High,Leh,Adventure,Medium,Ladakh,2.01
Beach,High,Madurai,Religious,Medium,Tamil Nadu,2.01
Adventure,High,Bodh Gaya,Religious,Medium,Bihar,2.01
Wildlife,Low,Varkala,Beach,High,Kerala,1.4
Historical,Medium,Baga,Beach,High,Goa,1.41
Hill Station,High,Mumbai,City Life,High,Maharashtra,2.9
Religious,High,Leh,Adventure,Low,Ladakh,2.01
Religious,High,Yadadri,Religious,Medium,Telangana,4.11
Religious,Medium,Puri,Beach,Medium,Odisha,2.91
Religious,Medium,Khajuraho,Historical,High,MP,1.41
Religious,Low,Somnath,Religious,Low,Gujarat,5.0
Wildlife,Medium,Shillong,Hill Station,High,Meghalaya,1.41
Religious,Medium,Somnath,Religious,High,Gujarat,3.5
Wildlife,Low,Hampi,Historical,Medium,Karnataka,1.4
Historical,Low,Hyderabad,City Life,High,Telangana,1.4
Historical,Medium,Khajuraho,Historical,Low,MP,4.11
Religious,High,Dandeli,Adventure,Medium,Karnataka,2.0
Historical,High,Amritsar,Religious,Medium,Punjab,2.01
City Life,Medium,Kanha,Wildlife,Medium,MP,2.9
Historical,Low,Madurai,Religious,Medium,Tamil Nadu,1.41
Religious,Medium,Bodh Gaya,Religious,High,Bihar,3.5
Wildlife,Low,Varanasi,Religious,Low,UP,2.9
City Life,Low,Gir,Wildlife,High,Gujarat,1.41
Religious,High,Rishikesh,Adventure,Low,Uttarakhand,2.01
Adventure,High,Nalanda,Historical,High,Bihar,2.9
Hill Station,High,Mumbai,City Life,High,Maharashtra,2.91
Hill Station,Medium,Varanasi,Religious,Low,UP,2.01
Historical,High,Gangtok,Hill Station,Medium,Sikkim,2.01
Hill Station,Low,Dandeli,Adventure,Low,Karnataka,2.91
City Life,Low,Hyderabad,City Life,High,Telangana,3.5
Beach,High,Radhanagar,Beach,Medium,Andaman,4.11
Religious,High,Ajanta,Historical,High,Maharashtra,2.91
City Life,High,Baga,Beach,High,Goa,2.91
Hill Station,Medium,Kolkata,City Life,High,West Bengal,1.4
Adventure,Low,Kolkata,City Life,Low,West Bengal,2.91
City Life,Medium,Hyderabad,City Life,Low,Telangana,4.1
Historical,Medium,Bodh Gaya,Religious,High,Bihar,1.4
Hill Station,Low,Ahmedabad,City Life,Low,Gujarat,2.9
Beach,Medium,Shillong,Hill Station,Medium,Meghalaya,2.91
Beach,Low,Spiti,Adventure,Low,Himachal,2.91
Wildlife,Low,Nainital,Hill Station,Medium,Uttarakhand,1.41
Historical,Low,Kanha,Wildlife,Medium,MP,1.4
City Life,Medium,Hyderabad,City Life,High,Telangana,3.51
Wildlife,Low,Marina,Beach,Low,Tamil Nadu,2.9
Adventure,High,Jaipur,Historical,High,Rajasthan,2.91
Historical,Medium,Bandipur,Wildlife,Medium,Karnataka,2.9
Adventure,High,Madurai,Religious,High,Tamil Nadu,2.91
City Life,Medium,Varanasi,Religious,High,UP,1.41
Adventure,Low,Hyderabad,City Life,Low,Telangana,2.9
Beach,High,Bangalore,City Life,High,Karnataka,2.9
Religious,High,Ranthambore,Wildlife,Medium,Rajasthan,2.01
Historical,High,Gir,Wildlife,Medium,Gujarat,2.01
Hill Station,Low,Radhanagar,Beach,High,Andaman,1.41
Adventure,High,Dandeli,Adventure,Low,Karnataka,4.11
Adventure,High,Varkala,Beach,Low,Kerala,2.0
City Life,Low,Jaipur,Historical,Medium,Rajasthan,1.41
Hill Station,Low,Kolkata,City Life,Low,West Bengal,2.91
Beach,High,Marina,Beach,Medium,Tamil Nadu,4.11
City Life,High,Bandipur,Wildlife,Low,Karnataka,2.01
Religious,Low,Baga,Beach,Medium,Goa,1.41
Adventure,Low,Puri,Beach,Low,Odisha,2.91
City Life,Low,Mumbai,City Life,Low,Maharashtra,5.0
Hill Station,Low,Gir,Wildlife,High,Gujarat,1.41
Historical,Low,Somnath,Religious,Medium,Gujarat,1.4
Adventure,Medium,Baga,Beach,Medium,Goa,2.91
Beach,High,Ranthambore,Wildlife,High,Rajasthan,2.9
Wildlife,Medium,Red Fort,Historical,Medium,Delhi,2.91
Beach,Low,Ajanta,Historical,Medium,Maharashtra,1.4
City Life,High,Bodh Gaya,Religious,Medium,Bihar,2.01
Historical,High,Hyderabad,City Life,High,Telangana,2.91
Adventure,Low,Yadadri,Religious,Medium,Telangana,1.4
Beach,High,Gulmarg,Hill Station,High,Kashmir,2.9
City Life,High,Manali,Hill Station,Medium,Himachal,2.01
Religious,High,Manali,Hill Station,Medium,Himachal,2.0
Historical,High,Varkala,Beach,Low,Kerala,2.01
Beach,Medium,Jaipur,Historical,Low,Rajasthan,2.01
Wildlife,High,Amritsar,Religious,Low,Punjab,2.01
Adventure,Low,Ooty,Hill Station,Medium,Tamil Nadu,1.41
Adventure,High,Kolkata,City Life,High,West Bengal,2.9
Wildlife,High,Rishikesh,Adventure,Low,Uttarakhand,2.0
Historical,Medium,Leh,Adventure,Low,Ladakh,2.0
Wildlife,Low,Kaziranga,Wildlife,Medium,Assam,3.51
Wildlife,Low,Alibaug,Beach,High,Maharashtra,1.41
Adventure,Low,Bodh Gaya,Religious,High,Bihar,1.41
Historical,High,Shillong,Hill Station,Medium,Meghalaya,2.0
Adventure,Medium,Leh,Adventure,High,Ladakh,3.5
Hill Station,High,Bangalore,City Life,High,Karnataka,2.91
Historical,Medium,Tawang,Adventure,High,Arunachal,1.41
City Life,High,Marina,Beach,Medium,Tamil Nadu,2.01
Hill Station,Low,Hyderabad,City Life,Low,Telangana,2.9
Religious,Low,Spiti,Adventure,Low,Himachal,2.91
City Life,Medium,Spiti,Adventure,Medium,Himachal,2.9
Religious,Low,Yadadri,Religious,Low,Telangana,5.0
Adventure,Low,Gulmarg,Hill Station,Low,Kashmir,2.9
Historical,High,Jim Corbett,Wildlife,High,Uttarakhand,2.9
Beach,Low,Leh,Adventure,Medium,Ladakh,1.4
Historical,High,Baga,Beach,Low,Goa,2.01
Wildlife,Low,Varkala,Beach,Medium,Kerala,1.41
City Life,Low,Nainital,Hill Station,Low,Uttarakhand,2.9
Historical,High,Bangalore,City Life,Medium,Karnataka,2.0
Beach,High,CP,City Life,Low,Delhi,2.0
City Life,Low,Zulruk,Adventure,Low,Sikkim,2.91
Hill Station,Medium,Puri,Beach,Low,Odisha,2.0
City Life,Low,Bandipur,Wildlife,High,Karnataka,1.4
Religious,Low,Hampi,Historical,High,Karnataka,1.4
Religious,Low,Baga,Beach,Low,Goa,2.91
Hill Station,High,Gulmarg,Hill Station,Low,Kashmir,4.1
Religious,Low,Puri,Beach,High,Odisha,1.4
Religious,Medium,Bodh Gaya,Religious,Medium,Bihar,5.0
City Life,High,Ahmedabad,City Life,High,Gujarat,5.0
City Life,Low,CP,City Life,Low,Delhi,5.0
Religious,Low,Jaipur,Historical,Medium,Rajasthan,1.4
Beach,Medium,Kaziranga,Wildlife,Medium,Assam,2.91
Historical,High,Gir,Wildlife,Low,Gujarat,2.0
Adventure,Low,Alibaug,Beach,Low,Maharashtra,2.91
Historical,Low,Hampi,Historical,Medium,Karnataka,3.5
Beach,Medium,Hampi,Historical,High,Karnataka,1.41
Historical,High,Kanha,Wildlife,Low,MP,2.01
Beach,Low,Amritsar,Religious,Low,Punjab,2.91
Historical,Medium,Hampi,Historical,Medium,Karnataka,5.0
Beach,Medium,Baga,Beach,Low,Goa,4.11
Adventure,Medium,Rishikesh,Adventure,Medium,Uttarakhand,5.0
Historical,High,Bandipur,Wildlife,Medium,Karnataka,2.01
Hill Station,Low,Ranthambore,Wildlife,High,Rajasthan,1.4
Beach,High,Gangtok,Hill Station,High,Sikkim,2.91
City Life,Medium,Alibaug,Beach,Medium,Maharashtra,2.91
Adventure,High,Ranthambore,Wildlife,Medium,Rajasthan,2.0
City Life,High,Manali,Hill Station,Low,Himachal,2.01
Beach,Low,Bodh Gaya,Religious,Low,Bihar,2.91
Adventure,High,Amritsar,Religious,Low,Punjab,2.0
Historical,High,Leh,Adventure,High,Ladakh,2.9
Beach,High,Ooty,Hill Station,Low,Tamil Nadu,2.0
Historical,Low,Dandeli,Adventure,High,Karnataka,1.4
Adventure,Medium,Rishikesh,Adventure,High,Uttarakhand,3.5
Hill Station,Low,Ajanta,Historical,Low,Maharashtra,2.91
Religious,Low,Leh,Adventure,Medium,Ladakh,1.4
Historical,Medium,Ajanta,Historical,Medium,Maharashtra,5.0
Beach,High,Ranthambore,Wildlife,Low,Rajasthan,2.01
Adventure,Medium,Gulmarg,Hill Station,Low,Kashmir,2.01
City Life,Low,Alibaug,Beach,Low,Maharashtra,2.91
City Life,Medium,Kanha,Wildlife,Low,MP,2.01
Wildlife,Medium,Baga,Beach,Medium,Goa,2.91
Beach,Medium,Mumbai,City Life,Medium,Maharashtra,2.9
City Life,High,Mumbai,City Life,High,Maharashtra,5.0
Beach,Low,Gulmarg,Hill Station,Low,Kashmir,2.9
Wildlife,High,Hampi,Historical,Medium,Karnataka,2.01
Beach,Low,Dandeli,Adventure,High,Karnataka,1.4
Wildlife,High,Zulruk,Adventure,Medium,Sikkim,2.01
City Life,Low,Dandeli,Adventure,Low,Karnataka,2.9
Beach,High,Ajanta,Historical,High,Maharashtra,2.9
Adventure,Low,Red Fort,Historical,Medium,Delhi,1.4
Historical,Medium,Spiti,Adventure,High,Himachal,1.4
Adventure,High,Nalanda,Historical,High,Bihar,2.9
Adventure,Low,Hampi,Historical,Medium,Karnataka,1.41
City Life,Low,Jaipur,Historical,Medium,Rajasthan,1.41
Religious,Medium,Spiti,Adventure,High,Himachal,1.41
Beach,High,Madurai,Religious,Low,Tamil Nadu,2.0
Adventure,Medium,Varanasi,Religious,Low,UP,2.01
Historical,Low,Jaipur,Historical,Medium,Rajasthan,3.51
City Life,High,Shillong,Hill Station,Medium,Meghalaya,2.01
Beach,Medium,CP,City Life,High,Delhi,1.41
Beach,Low,Ooty,Hill Station,Low,Tamil Nadu,2.91
Hill Station,Low,Bodh Gaya,Religious,High,Bihar,1.4
Beach,High,Kaziranga,Wildlife,Low,Assam,2.01
Hill Station,High,Dandeli,Adventure,Medium,Karnataka,2.0
Hill Station,Medium,Spiti,Adventure,High,Himachal,1.41
Adventure,High,Mumbai,City Life,Low,Maharashtra,2.01
City Life,High,Somnath,Religious,Medium,Gujarat,2.0
Hill Station,Low,Khajuraho,Historical,Medium,MP,1.4
City Life,Low,Hampi,Historical,High,Karnataka,1.41
Beach,High,Varkala,Beach,Low,Kerala,4.1
Hill Station,Medium,Tawang,Adventure,High,Arunachal,1.4
Historical,Medium,Hyderabad,City Life,Medium,Telangana,2.91
Hill Station,High,Marina,Beach,Medium,Tamil Nadu,2.01
Adventure,Medium,Ahmedabad,City Life,Low,Gujarat,2.01
Hill Station,High,Hyderabad,City Life,Low,Telangana,2.01
Religious,Medium,Ooty,Hill Station,Medium,Tamil Nadu,2.9
Beach,High,Jim Corbett,Wildlife,Low,Uttarakhand,2.01
Beach,High,Varanasi,Religious,Medium,UP,2.0
Hill Station,Medium,Gulmarg,Hill Station,Low,Kashmir,4.11
Adventure,Medium,Gangtok,Hill Station,High,Sikkim,1.41
City Life,Medium,Rishikesh,Adventure,Medium,Uttarakhand,2.9
City Life,Low,Zulruk,Adventure,Medium,Sikkim,1.4
Wildlife,Low,Ajanta,Historical,Medium,Maharashtra,1.41
Wildlife,High,Nainital,Hill Station,Low,Uttarakhand,2.01
City Life,Low,Zulruk,Adventure,Medium,Sikkim,1.4
City Life,Medium,Ahmedabad,City Life,Low,Gujarat,4.1
Historical,Low,Red Fort,Historical,Low,Delhi,5.0
Religious,Low,Leh,Adventure,Low,Ladakh,2.91
Wildlife,High,Gangtok,Hill Station,Medium,Sikkim,2.01
Wildlife,Medium,Ajanta,Historical,Medium,Maharashtra,2.9
Beach,Low,Jim Corbett,Wildlife,Low,Uttarakhand,2.9
Religious,Medium,Somnath,Religious,High,Gujarat,3.51
Adventure,High,Hyderabad,City Life,Low,Telangana,2.0
Adventure,Medium,Khajuraho,Historical,High,MP,1.4
City Life,High,Jaipur,Historical,Low,Rajasthan,2.0
Beach,Medium,Gangtok,Hill Station,Medium,Sikkim,2.9
Religious,Medium,Jaipur,Historical,High,Rajasthan,1.41
Historical,High,Rishikesh,Adventure,Medium,Uttarakhand,2.0
Hill Station,Medium,Gulmarg,Hill Station,Medium,Kashmir,5.0
Religious,Low,Mumbai,City Life,High,Maharashtra,1.41
Beach,Low,Marina,Beach,Medium,Tamil Nadu,3.5
Beach,Medium,Madurai,Religious,Medium,Tamil Nadu,2.91
Historical,High,Radhanagar,Beach,High,Andaman,2.91
City Life,Medium,CP,City Life,High,Delhi,3.5
Beach,Medium,Gir,Wildlife,Low,Gujarat,2.0
Religious,Low,Varkala,Beach,Medium,Kerala,1.41
Beach,High,Madurai,Religious,High,Tamil Nadu,2.91
Adventure,High,Jaipur,Historical,Low,Rajasthan,2.0
Adventure,High,Zulruk,Adventure,Low,Sikkim,4.1
Adventure,High,Alibaug,Beach,Medium,Maharashtra,2.0
Hill Station,Low,Ajanta,Historical,Low,Maharashtra,2.9
Adventure,Medium,Madurai,Religious,High,Tamil Nadu,1.4
Hill Station,Low,Hyderabad,City Life,Medium,Telangana,1.4
Historical,High,Dandeli,Adventure,High,Karnataka,2.91
Religious,Medium,Nainital,Hill Station,Medium,Uttarakhand,2.9
Adventure,High,Gangtok,Hill Station,Low,Sikkim,2.0
Wildlife,Low,Gir,Wildlife,High,Gujarat,3.5
Historical,Medium,Rishikesh,Adventure,Low,Uttarakhand,2.0
Historical,Low,Mumbai,City Life,High,Maharashtra,1.41
Adventure,Low,Kanha,Wildlife,Low,MP,2.91
Hill Station,Low,Leh,Adventure,Medium,Ladakh,1.41
Historical,Medium,Bangalore,City Life,High,Karnataka,1.4
Beach,Medium,Baga,Beach,High,Goa,3.5
Wildlife,High,Spiti,Adventure,Medium,Himachal,2.0
Religious,Low,Gir,Wildlife,Medium,Gujarat,1.41
Wildlife,High,Mumbai,City Life,High,Maharashtra,2.91
Religious,Medium,Radhanagar,Beach,Medium,Andaman,2.91
Wildlife,High,Somnath,Religious,Low,Gujarat,2.0
Wildlife,Medium,Jim Corbett,Wildlife,Medium,Uttarakhand,5.0
City Life,Medium,Tawang,Adventure,High,Arunachal,1.41
Religious,Low,Jaipur,Historical,Low,Rajasthan,2.91
City Life,Low,Bangalore,City Life,Low,Karnataka,5.0
Beach,Medium,Manali,Hill Station,Medium,Himachal,2.9
Historical,High,Red Fort,Historical,Low,Delhi,4.1
Wildlife,Low,Kolkata,City Life,High,West Bengal,1.41
Historical,High,CP,City Life,High,Delhi,2.91
Beach,Low,CP,City Life,Low,Delhi,2.91
City Life,High,Bodh Gaya,Religious,Medium,Bihar,2.0
Beach,Medium,Ajanta,Historical,High,Maharashtra,1.41
City Life,Medium,Zulruk,Adventure,Medium,Sikkim,2.91
Wildlife,Medium,Jim Corbett,Wildlife,High,Uttarakhand,3.51
Hill Station,High,Rishikesh,Adventure,Low,Uttarakhand,2.01
Religious,Medium,Ranthambore,Wildlife,High,Rajasthan,1.4
Religious,Medium,Alibaug,Beach,Low,Maharashtra,2.0
Hill Station,Low,Radhanagar,Beach,Medium,Andaman,1.41
Adventure,Low,Hampi,Historical,High,Karnataka,1.4
Adventure,Medium,Radhanagar,Beach,Low,Andaman,2.01
City Life,Low,Alibaug,Beach,High,Maharashtra,1.4
Religious,High,Hampi,Historical,High,Karnataka,2.9
Adventure,Low,Khajuraho,Historical,Low,MP,2.9
Historical,Medium,Red Fort,Historical,High,Delhi,3.51
Religious,Medium,Nalanda,Historical,High,Bihar,1.4
Beach,Low,Baga,Beach,Low,Goa,5.0
Wildlife,Low,Rishikesh,Adventure,Low,Uttarakhand,2.9
Historical,Medium,Jim Corbett,Wildlife,Low,Uttarakhand,2.0
Beach,Low,Amritsar,Religious,High,Punjab,1.4
Adventure,Low,Nainital,Hill Station,Low,Uttarakhand,2.91
City Life,High,Spiti,Adventure,Medium,Himachal,2.0
Wildlife,Medium,Hampi,Historical,Medium,Karnataka,2.9
Hill Station,Low,Varkala,Beach,Medium,Kerala,1.41
Historical,High,Kolkata,City Life,High,West Bengal,2.9
Historical,High,Mumbai,City Life,Medium,Maharashtra,2.01
Religious,High,Spiti,Adventure,Medium,Himachal,2.01
Historical,Low,Jim Corbett,Wildlife,High,Uttarakhand,1.41
Historical,Medium,Mumbai,City Life,Low,Maharashtra,2.0
City Life,Medium,Marina,Beach,Medium,Tamil Nadu,2.9
Religious,High,Red Fort,Historical,Medium,Delhi,2.01
Adventure,High,Jaipur,Historical,Medium,Rajasthan,2.01
Wildlife,Medium,Jaipur,Historical,High,Rajasthan,1.41
Wildlife,High,Spiti,Adventure,Medium,Himachal,2.01
Adventure,Low,Bangalore,City Life,Low,Karnataka,2.9
City Life,Low,Puri,Beach,High,Odisha,1.41
Wildlife,Low,Gulmarg,Hill Station,Medium,Kashmir,1.4
Hill Station,High,Jim Corbett,Wildlife,Medium,Uttarakhand,2.01
Religious,Low,Jim Corbett,Wildlife,Medium,Uttarakhand,1.4
Hill Station,Low,Kolkata,City Life,Medium,West Bengal,1.4
Beach,High,CP,City Life,High,Delhi,2.9
Beach,Medium,Jaipur,Historical,Medium,Rajasthan,2.91
Wildlife,Low,Khajuraho,Historical,High,MP,1.41
Religious,High,Bangalore,City Life,High,Karnataka,2.9
Religious,Medium,Varanasi,Religious,Medium,UP,5.0
Adventure,Medium,Puri,Beach,Low,Odisha,2.0
Hill Station,Low,Red Fort,Historical,Low,Delhi,2.9
Religious,High,Gangtok,Hill Station,Low,Sikkim,2.0
Adventure,High,Alibaug,Beach,High,Maharashtra,2.91
City Life,High,Ajanta,Historical,Medium,Maharashtra,2.01
Historical,Low,Ranthambore,Wildlife,Medium,Rajasthan,1.41
Beach,Low,Ranthambore,Wildlife,Medium,Rajasthan,1.4
Religious,Low,Alibaug,Beach,Medium,Maharashtra,1.41
City Life,Medium,Ajanta,Historical,Low,Maharashtra,2.0
City Life,High,Shillong,Hill Station,High,Meghalaya,2.9
Historical,Low,Red Fort,Historical,Medium,Delhi,3.51
Adventure,Low,Ooty,Hill Station,Low,Tamil Nadu,2.9
Wildlife,Low,Manali,Hill Station,Medium,Himachal,1.4
Adventure,High,Shillong,Hill Station,Medium,Meghalaya,2.01
Wildlife,Low,Yadadri,Religious,Medium,Telangana,1.41
Adventure,Low,Marina,Beach,High,Tamil Nadu,1.4
City Life,Low,Zulruk,Adventure,Medium,Sikkim,1.41
Beach,High,Varkala,Beach,High,Kerala,5.0
Adventure,Medium,Zulruk,Adventure,High,Sikkim,3.5
Hill Station,Medium,Varanasi,Religious,Low,UP,2.01
City Life,Low,Hampi,Historical,Medium,Karnataka,1.4
Beach,Low,Tawang,Adventure,Medium,Arunachal,1.4
Religious,Low,Hampi,Historical,Low,Karnataka,2.9
Historical,High,Zulruk,Adventure,High,Sikkim,2.9
Beach,Low,CP,City Life,Medium,Delhi,1.41
Historical,Low,Kolkata,City Life,Medium,West Bengal,1.41
Wildlife,Medium,Nainital,Hill Station,High,Uttarakhand,1.4
Adventure,High,Somnath,Religious,Medium,Gujarat,2.01
Adventure,Low,Gulmarg,Hill Station,Low,Kashmir,2.9
Historical,High,Ajanta,Historical,High,Maharashtra,5.0
Hill Station,Medium,Jim Corbett,Wildlife,Low,Uttarakhand,2.01
Wildlife,Medium,Alibaug,Beach,Medium,Maharashtra,2.91
Religious,Low,Hyderabad,City Life,Low,Telangana,2.91
Historical,High,Mumbai,City Life,Medium,Maharashtra,2.0
Hill Station,Medium,Ranthambore,Wildlife,Medium,Rajasthan,2.91
Religious,Medium,Puri,Beach,High,Odisha,1.4
Hill Station,High,Ajanta,Historical,Medium,Maharashtra,2.0
Adventure,Low,Kolkata,City Life,Medium,West Bengal,1.41
Adventure,Low,Hampi,Historical,Low,Karnataka,2.9
Historical,Medium,Zulruk,Adventure,Low,Sikkim,2.0
Religious,Low,Ranthambore,Wildlife,Low,Rajasthan,2.91
Historical,Medium,Gulmarg,Hill Station,Medium,Kashmir,2.9
City Life,High,Somnath,Religious,High,Gujarat,2.9
City Life,High,Mumbai,City Life,Medium,Maharashtra,4.11
Religious,High,Ooty,Hill Station,High,Tamil Nadu,2.91
Historical,Low,Leh,Adventure,Medium,Ladakh,1.41
City Life,Medium,Somnath,Religious,High,Gujarat,1.41
Historical,Low,Puri,Beach,High,Odisha,1.41
City Life,Low,Bandipur,Wildlife,Low,Karnataka,2.9
Hill Station,Low,Somnath,Religious,High,Gujarat,1.4
Historical,Low,Shillong,Hill Station,Low,Meghalaya,2.9
Religious,Low,Leh,Adventure,Low,Ladakh,2.9
Adventure,High,Jaipur,Historical,High,Rajasthan,2.9
Religious,Low,Bangalore,City Life,High,Karnataka,1.4
Adventure,Low,Kolkata,City Life,Medium,West Bengal,1.4
Hill Station,Low,Zulruk,Adventure,Medium,Sikkim,1.41
Adventure,High,Baga,Beach,High,Goa,2.9
Adventure,Medium,Gulmarg,Hill Station,Low,Kashmir,2.0
Hill Station,Low,Baga,Beach,Low,Goa,2.9
Hill Station,Low,Manali,Hill Station,Medium,Himachal,3.5
Beach,High,Khajuraho,Historical,High,MP,2.9
Adventure,High,Mumbai,City Life,Medium,Maharashtra,2.01
Historical,Medium,Leh,Adventure,High,Ladakh,1.4
Beach,Medium,Bangalore,City Life,Low,Karnataka,2.01
Beach,Low,Khajuraho,Historical,Low,MP,2.9
Hill Station,High,Zulruk,Adventure,Low,Sikkim,2.0
City Life,High,Ooty,Hill Station,Low,Tamil Nadu,2.0
Wildlife,Medium,Shillong,Hill Station,Low,Meghalaya,2.01
Hill Station,High,Bodh Gaya,Religious,Medium,Bihar,2.01
Adventure,High,Radhanagar,Beach,Medium,Andaman,2.0
Religious,Low,Somnath,Religious,High,Gujarat,3.51
Wildlife,High,Jaipur,Historical,High,Rajasthan,2.9
Hill Station,Medium,Red Fort,Historical,High,Delhi,1.41
City Life,Low,Nainital,Hill Station,Low,Uttarakhand,2.9
Wildlife,Low,Khajuraho,Historical,Medium,MP,1.41
Hill Station,Medium,Amritsar,Religious,Medium,Punjab,2.9
Adventure,High,Spiti,Adventure,Low,Himachal,4.11
City Life,Medium,Dandeli,Adventure,Low,Karnataka,2.0
Wildlife,Medium,Varanasi,Religious,Low,UP,2.0
City Life,High,Baga,Beach,Medium,Goa,2.01
Beach,Low,Ahmedabad,City Life,High,Gujarat,1.4
Adventure,Medium,Bandipur,Wildlife,High,Karnataka,1.41
Hill Station,High,Somnath,Religious,Low,Gujarat,2.0
Adventure,Medium,Madurai,Religious,High,Tamil Nadu,1.41
Wildlife,Medium,Ranthambore,Wildlife,High,Rajasthan,3.5
Adventure,High,Madurai,Religious,Low,Tamil Nadu,2.0
Adventure,Low,Gir,Wildlife,Low,Gujarat,2.9
Adventure,Medium,Mumbai,City Life,Low,Maharashtra,2.01
Adventure,Low,Kanha,Wildlife,Low,MP,2.91
City Life,Medium,Jaipur,Historical,High,Rajasthan,1.41
Religious,Medium,Varkala,Beach,High,Kerala,1.41
Adventure,Low,Radhanagar,Beach,Medium,Andaman,1.4
Historical,Medium,Varanasi,Religious,High,UP,1.4
Hill Station,Low,Kanha,Wildlife,Low,MP,2.91
Historical,High,CP,City Life,Low,Delhi,2.01
City Life,Low,Somnath,Religious,Low,Gujarat,2.9
City Life,Medium,Gangtok,Hill Station,Low,Sikkim,2.0
Beach,High,Bandipur,Wildlife,Low,Karnataka,2.0
Wildlife,Low,Radhanagar,Beach,Low,Andaman,2.91
Historical,Low,Dandeli,Adventure,Low,Karnataka,2.91
City Life,Low,Alibaug,Beach,High,Maharashtra,1.4
Hill Station,Medium,Bandipur,Wildlife,High,Karnataka,1.41
Hill Station,High,Marina,Beach,Low,Tamil Nadu,2.01
Hill Station,High,Kanha,Wildlife,High,MP,2.9
Religious,High,Hampi,Historical,Medium,Karnataka,2.01
Wildlife,High,Ooty,Hill Station,Low,Tamil Nadu,2.01
Historical,Low,Ooty,Hill Station,High,Tamil Nadu,1.41
City Life,Medium,Nainital,Hill Station,Medium,Uttarakhand,2.91
Religious,Low,Tawang,Adventure,Low,Arunachal,2.9
Hill Station,Medium,Kaziranga,Wildlife,Medium,Assam,2.9
Beach,Medium,Ooty,Hill Station,High,Tamil Nadu,1.41
Adventure,Low,Leh,Adventure,Medium,Ladakh,3.51
Wildlife,Medium,Gangtok,Hill Station,High,Sikkim,1.4
City Life,Low,Varkala,Beach,Low,Kerala,2.91
Hill Station,High,Radhanagar,Beach,High,Andaman,2.9
Hill Station,High,Kolkata,City Life,High,West Bengal,2.9
Adventure,Medium,Nalanda,Historical,Low,Bihar,2.01
Hill Station,Medium,Gir,Wildlife,Medium,Gujarat,2.9
Adventure,Medium,Red Fort,Historical,Medium,Delhi,2.91
Beach,Medium,Red Fort,Historical,Low,Delhi,2.01
Adventure,High,Gulmarg,Hill Station,High,Kashmir,2.91
Hill Station,Low,Manali,Hill Station,High,Himachal,3.5
Religious,Medium,Marina,Beach,High,Tamil Nadu,1.41
Hill Station,Low,Bandipur,Wildlife,Medium,Karnataka,1.41
Religious,High,Alibaug,Beach,High,Maharashtra,2.91
Beach,Low,Yadadri,Religious,High,Telangana,1.4
Adventure,Medium,Bodh Gaya,Religious,Low,Bihar,2.01
Hill Station,Low,Kaziranga,Wildlife,High,Assam,1.41
City Life,Medium,Yadadri,Religious,Medium,Telangana,2.91
Beach,Low,CP,City Life,High,Delhi,1.4
Religious,High,Radhanagar,Beach,High,Andaman,2.91
Religious,Low,Spiti,Adventure,Low,Himachal,2.9
Hill Station,Low,Leh,Adventure,Low,Ladakh,2.9
Wildlife,High,CP,City Life,Medium,Delhi,2.0
Wildlife,Medium,Gulmarg,Hill Station,Medium,Kashmir,2.91
Historical,Medium,Leh,Adventure,Low,Ladakh,2.01
City Life,Low,Madurai,Religious,Low,Tamil Nadu,2.9
Wildlife,High,Gangtok,Hill Station,Low,Sikkim,2.0
Hill Station,High,Mumbai,City Life,High,Maharashtra,2.9
Hill Station,Low,Yadadri,Religious,Medium,Telangana,1.41
City Life,Low,Ooty,Hill Station,Low,Tamil Nadu,2.91
Adventure,Low,Somnath,Religious,High,Gujarat,1.4
City Life,High,Puri,Beach,Medium,Odisha,2.01
Wildlife,Low,CP,City Life,High,Delhi,1.41
Adventure,High,Amritsar,Religious,Medium,Punjab,2.01
Beach,Medium,Ahmedabad,City Life,Medium,Gujarat,2.9
Beach,High,Amritsar,Religious,High,Punjab,2.9
Hill Station,Low,Kanha,Wildlife,Medium,MP,1.4
City Life,High,Yadadri,Religious,High,Telangana,2.9
Wildlife,High,Gulmarg,Hill Station,High,Kashmir,2.9
Adventure,Low,Khajuraho,Historical,Low,MP,2.9
Adventure,Low,Tawang,Adventure,Medium,Arunachal,3.5
Wildlife,Low,Baga,Beach,Medium,Goa,1.41
Historical,Low,Hampi,Historical,Medium,Karnataka,3.5
City Life,Medium,Baga,Beach,High,Goa,1.4
Historical,Medium,Gir,Wildlife,Medium,Gujarat,2.9
Religious,Medium,Varanasi,Religious,Low,UP,4.1
Hill Station,Low,Amritsar,Religious,Low,Punjab,2.9
Wildlife,Medium,Varanasi,Religious,Low,UP,2.0
Wildlife,Low,Dandeli,Adventure,Low,Karnataka,2.9
City Life,High,Kolkata,City Life,High,West Bengal,5.0
City Life,Medium,Red Fort,Historical,High,Delhi,1.4
City Life,Medium,Baga,Beach,Medium,Goa,2.91
Wildlife,Medium,CP,City Life,High,Delhi,1.4
Adventure,Low,Shillong,Hill Station,Low,Meghalaya,2.9
Religious,Low,Red Fort,Historical,High,Delhi,1.41
Wildlife,High,Gangtok,Hill Station,Medium,Sikkim,2.01
Beach,Low,Varanasi,Religious,High,UP,1.4
Adventure,Low,Hyderabad,City Life,Medium,Telangana,1.41
Beach,Medium,Leh,Adventure,High,Ladakh,1.4
Historical,Medium,Tawang,Adventure,High,Arunachal,1.41
Beach,Low,Alibaug,Beach,High,Maharashtra,3.51
Beach,High,Madurai,Religious,High,Tamil Nadu,2.91
Beach,Medium,Khajuraho,Historical,High,MP,1.41
Wildlife,High,Gangtok,Hill Station,High,Sikkim,2.9
Hill Station,Medium,Marina,Beach,Low,Tamil Nadu,2.01
Religious,Low,Ranthambore,Wildlife,High,Rajasthan,1.41
Hill Station,Low,Nalanda,Historical,Medium,Bihar,1.4
Historical,Low,Zulruk,Adventure,Low,Sikkim,2.9
Historical,High,Somnath,Religious,Low,Gujarat,2.01
Beach,Medium,Kolkata,City Life,High,West Bengal,1.41
Wildlife,Low,Manali,Hill Station,Medium,Himachal,1.4
Hill Station,High,Ajanta,Historical,Medium,Maharashtra,2.0
City Life,Low,Alibaug,Beach,Low,Maharashtra,2.9
Historical,High,Zulruk,Adventure,High,Sikkim,2.91
Historical,Medium,Gir,Wildlife,Medium,Gujarat,2.91
City Life,Medium,Spiti,Adventure,Medium,Himachal,2.9
Wildlife,Low,Madurai,Religious,High,Tamil Nadu,1.4
Historical,Low,CP,City Life,Low,Delhi,2.9
Beach,Low,Kolkata,City Life,High,West Bengal,1.41
Religious,Medium,Kaziranga,Wildlife,Medium,Assam,2.9
City Life,Low,Alibaug,Beach,Low,Maharashtra,2.9
Beach,Medium,Leh,Adventure,Low,Ladakh,2.0
City Life,Medium,Zulruk,Adventure,Low,Sikkim,2.01
Beach,Medium,CP,City Life,Medium,Delhi,2.9
City Life,High,Zulruk,Adventure,Low,Sikkim,2.01
Wildlife,Medium,Leh,Adventure,High,Ladakh,1.4
Hill Station,Medium,Ajanta,Historical,Medium,Maharashtra,2.91
Hill Station,Medium,Shillong,Hill Station,Low,Meghalaya,4.1
Adventure,High,Shillong,Hill Station,Medium,Meghalaya,2.01
City Life,Low,Ajanta,Historical,Medium,Maharashtra,1.41
Hill Station,High,Khajuraho,Historical,High,MP,2.91
Historical,Low,Nainital,Hill Station,High,Uttarakhand,1.41
Historical,Low,Varkala,Beach,High,Kerala,1.4
Historical,Medium,Khajuraho,Historical,High,MP,3.5
Beach,Low,Gulmarg,Hill Station,Medium,Kashmir,1.41
Historical,Low,Leh,Adventure,High,Ladakh,1.41
Beach,Low,Somnath,Religious,Medium,Gujarat,1.41
Beach,Medium,Alibaug,Beach,Low,Maharashtra,4.1
Wildlife,High,Ranthambore,Wildlife,High,Rajasthan,5.0
City Life,Low,Kolkata,City Life,Low,West Bengal,5.0
Beach,Medium,Varanasi,Religious,High,UP,1.41
City Life,Low,Khajuraho,Historical,High,MP,1.41
Hill Station,High,Madurai,Religious,High,Tamil Nadu,2.91
Religious,High,Bangalore,City Life,High,Karnataka,2.9
Religious,Medium,Hampi,Historical,High,Karnataka,1.41
Adventure,Low,Tawang,Adventure,Medium,Arunachal,3.5
City Life,High,Dandeli,Adventure,High,Karnataka,2.9
Adventure,Low,Radhanagar,Beach,Low,Andaman,2.91
Hill Station,Medium,Kaziranga,Wildlife,High,Assam,1.4
Hill Station,Low,Nainital,Hill Station,High,Uttarakhand,3.51
City Life,Medium,Ahmedabad,City Life,Low,Gujarat,4.1
City Life,High,Rishikesh,Adventure,Low,Uttarakhand,2.0
Hill Station,High,Varanasi,Religious,Low,UP,2.0
Adventure,Medium,Hampi,Historical,High,Karnataka,1.4
Religious,High,Madurai,Religious,High,Tamil Nadu,5.0
Hill Station,Medium,Mumbai,City Life,Low,Maharashtra,2.0
Religious,High,Hampi,Historical,Low,Karnataka,2.01
Hill Station,Low,Khajuraho,Historical,Medium,MP,1.41
Hill Station,High,Marina,Beach,High,Tamil Nadu,2.9
Adventure,Low,Somnath,Religious,Medium,Gujarat,1.41
Wildlife,High,Khajuraho,Historical,Low,MP,2.0
City Life,High,Gir,Wildlife,Medium,Gujarat,2.01
Beach,Medium,Khajuraho,Historical,High,MP,1.4
Hill Station,Medium,Red Fort,Historical,Medium,Delhi,2.91
Religious,Medium,Puri,Beach,High,Odisha,1.41
Wildlife,Low,Red Fort,Historical,High,Delhi,1.4
Hill Station,Low,Bangalore,City Life,Medium,Karnataka,1.4
Hill Station,Low,Leh,Adventure,Medium,Ladakh,1.4
Beach,High,Kanha,Wildlife,Low,MP,2.01
Historical,High,Jim Corbett,Wildlife,Medium,Uttarakhand,2.0
Beach,High,Spiti,Adventure,Low,Himachal,2.01
Adventure,Medium,Mumbai,City Life,Low,Maharashtra,2.01
Beach,High,Gangtok,Hill Station,Medium,Sikkim,2.0
Wildlife,Low,Bangalore,City Life,High,Karnataka,1.41
Beach,Low,Bandipur,Wildlife,Low,Karnataka,2.9
Historical,High,Ahmedabad,City Life,Medium,Gujarat,2.0
Historical,Low,Amritsar,Religious,Low,Punjab,2.91
Hill Station,High,Marina,Beach,Low,Tamil Nadu,2.0
Adventure,Medium,Amritsar,Religious,High,Punjab,1.4
Historical,Low,Madurai,Religious,Low,Tamil Nadu,2.9
Wildlife,Low,Ooty,Hill Station,Low,Tamil Nadu,2.91
City Life,Low,Hampi,Historical,Medium,Karnataka,1.41
Adventure,Low,Rishikesh,Adventure,Medium,Uttarakhand,3.51
Hill Station,High,Jaipur,Historical,Medium,Rajasthan,2.01
Religious,Medium,Bodh Gaya,Religious,Low,Bihar,4.11
City Life,High,Zulruk,Adventure,Low,Sikkim,2.0
Religious,High,Ranthambore,Wildlife,Medium,Rajasthan,2.01
Historical,High,Somnath,Religious,Low,Gujarat,2.01
Beach,High,Yadadri,Religious,Medium,Telangana,2.0
Hill Station,Low,Gir,Wildlife,Low,Gujarat,2.9
Religious,Low,Khajuraho,Historical,Low,MP,2.9
Historical,Medium,Gangtok,Hill Station,Medium,Sikkim,2.91
Adventure,Medium,Marina,Beach,Medium,Tamil Nadu,2.91
Historical,Medium,Tawang,Adventure,Medium,Arunachal,2.9
Beach,Low,Kolkata,City Life,Medium,West Bengal,1.41
Hill Station,Low,Yadadri,Religious,Low,Telangana,2.91
Adventure,Low,Bodh Gaya,Religious,Medium,Bihar,1.41
Historical,High,Varkala,Beach,High,Kerala,2.9
Beach,Low,Yadadri,Religious,High,Telangana,1.41
City Life,High,Bangalore,City Life,Medium,Karnataka,4.11
Religious,Low,Zulruk,Adventure,Medium,Sikkim,1.41
Hill Station,Low,Varanasi,Religious,High,UP,1.41
Hill Station,High,Manali,Hill Station,Medium,Himachal,4.1
Historical,Low,Tawang,Adventure,High,Arunachal,1.4
Beach,Low,Bodh Gaya,Religious,Medium,Bihar,1.41
Hill Station,High,Jim Corbett,Wildlife,High,Uttarakhand,2.91
Religious,High,Nalanda,Historical,High,Bihar,2.9
Beach,Low,Ooty,Hill Station,High,Tamil Nadu,1.41
City Life,Medium,Jim Corbett,Wildlife,High,Uttarakhand,1.4
City Life,High,Puri,Beach,Medium,Odisha,2.01
Hill Station,Medium,Spiti,Adventure,Medium,Himachal,2.91
Beach,High,Jim Corbett,Wildlife,High,Uttarakhand,2.9
Beach,High,Ranthambore,Wildlife,Low,Rajasthan,2.01
Hill Station,Low,Khajuraho,Historical,Medium,MP,1.41
Adventure,Low,Tawang,Adventure,Low,Arunachal,5.0
Historical,Medium,Hyderabad,City Life,Medium,Telangana,2.91
Wildlife,Medium,Kolkata,City Life,High,West Bengal,1.4
City Life,High,Ooty,Hill Station,High,Tamil Nadu,2.91
City Life,Medium,Red Fort,Historical,Medium,Delhi,2.9
Hill Station,High,Khajuraho,Historical,High,MP,2.9
Historical,Low,Gangtok,Hill Station,Medium,Sikkim,1.4
City Life,Low,Spiti,Adventure,Low,Himachal,2.91
Beach,Low,Tawang,Adventure,Medium,Arunachal,1.4
Religious,Low,Manali,Hill Station,Medium,Himachal,1.41
Beach,Medium,Nalanda,Historical,Low,Bihar,2.0
Adventure,Low,Radhanagar,Beach,High,Andaman,1.41
Adventure,Low,Baga,Beach,Low,Goa,2.9
Wildlife,High,Tawang,Adventure,High,Arunachal,2.91
Adventure,High,Baga,Beach,High,Goa,2.9
Adventure,Low,Dandeli,Adventure,Low,Karnataka,5.0
Beach,Medium,Marina,Beach,High,Tamil Nadu,3.51
Historical,Medium,Rishikesh,Adventure,Medium,Uttarakhand,2.91
Wildlife,High,Madurai,Religious,Low,Tamil Nadu,2.0
Hill Station,High,Ooty,Hill Station,Medium,Tamil Nadu,4.11
City Life,High,Varanasi,Religious,Medium,UP,2.01
Hill Station,Low,Bangalore,City Life,High,Karnataka,1.4
Hill Station,Medium,Bodh Gaya,Religious,Low,Bihar,2.01
Wildlife,High,Kolkata,City Life,High,West Bengal,2.91
Beach,Medium,Ranthambore,Wildlife,High,Rajasthan,1.41
Hill Station,Low,Ahmedabad,City Life,Medium,Gujarat,1.41
Historical,Medium,Shillong,Hill Station,High,Meghalaya,1.41
City Life,Medium,Alibaug,Beach,Medium,Maharashtra,2.9
City Life,High,Ranthambore,Wildlife,Medium,Rajasthan,2.0
Beach,Low,Kolkata,City Life,Medium,West Bengal,1.41
Religious,Medium,Madurai,Religious,Medium,Tamil Nadu,5.0
Religious,High,Madurai,Religious,Low,Tamil Nadu,4.11
Religious,High,Mumbai,City Life,High,Maharashtra,2.91
Historical,Medium,Kanha,Wildlife,High,MP,1.41
Historical,High,Ajanta,Historical,Medium,Maharashtra,4.1
Beach,Medium,Khajuraho,Historical,Medium,MP,2.91
Adventure,High,Varkala,Beach,High,Kerala,2.9
Beach,High,Kanha,Wildlife,Low,MP,2.0
Beach,Low,Khajuraho,Historical,Low,MP,2.9
City Life,Medium,Ooty,Hill Station,Medium,Tamil Nadu,2.91
Historical,Low,Jim Corbett,Wildlife,High,Uttarakhand,1.4
Historical,High,Bandipur,Wildlife,Low,Karnataka,2.0
Wildlife,Medium,Leh,Adventure,Low,Ladakh,2.01
Religious,Medium,Ranthambore,Wildlife,Low,Rajasthan,2.0
City Life,Medium,Ooty,Hill Station,Low,Tamil Nadu,2.0
Beach,High,Gangtok,Hill Station,Medium,Sikkim,2.01
Historical,Medium,Kaziranga,Wildlife,High,Assam,1.41
Beach,Medium,Marina,Beach,Medium,Tamil Nadu,5.0
Wildlife,Medium,Ooty,Hill Station,Low,Tamil Nadu,2.01
Religious,High,Spiti,Adventure,Low,Himachal,2.01
Historical,Medium,Somnath,Religious,Low,Gujarat,2.01
Wildlife,Low,Nalanda,Historical,Medium,Bihar,1.4
Religious,Low,Ahmedabad,City Life,High,Gujarat,1.4
Wildlife,Medium,Spiti,Adventure,High,Himachal,1.41
Adventure,High,Ooty,Hill Station,Low,Tamil Nadu,2.01
Adventure,Medium,Shillong,Hill Station,Low,Meghalaya,2.01
Religious,High,Gir,Wildlife,Medium,Gujarat,2.01
Adventure,Medium,Ajanta,Historical,High,Maharashtra,1.4
Adventure,Low,CP,City Life,Medium,Delhi,1.4
Hill Station,Low,Baga,Beach,Low,Goa,2.91
Religious,Low,Nalanda,Historical,High,Bihar,1.41
Hill Station,Medium,Varkala,Beach,High,Kerala,1.4
Wildlife,Low,Zulruk,Adventure,Low,Sikkim,2.91
Hill Station,High,Puri,Beach,Low,Odisha,2.0
Beach,Medium,Gangtok,Hill Station,Medium,Sikkim,2.9
City Life,High,Red Fort,Historical,Low,Delhi,2.0
City Life,High,CP,City Life,Medium,Delhi,4.1
Adventure,High,Rishikesh,Adventure,Medium,Uttarakhand,4.11
City Life,High,Mumbai,City Life,Low,Maharashtra,4.11
Wildlife,High,Rishikesh,Adventure,Medium,Uttarakhand,2.01
Adventure,Medium,Baga,Beach,High,Goa,1.4
City Life,High,Manali,Hill Station,Medium,Himachal,2.01
Wildlife,Low,CP,City Life,Low,Delhi,2.9
Beach,Low,Dandeli,Adventure,Low,Karnataka,2.9
Adventure,Medium,Varkala,Beach,Medium,Kerala,2.91
City Life,Low,Hampi,Historical,Low,Karnataka,2.9
Wildlife,Medium,Dandeli,Adventure,Low,Karnataka,2.0
Historical,Medium,Jaipur,Historical,Medium,Rajasthan,5.0
Wildlife,Medium,Gangtok,Hill Station,Medium,Sikkim,2.91
Religious,Low,Varkala,Beach,Low,Kerala,2.91
Religious,High,Amritsar,Religious,Medium,Punjab,4.11
Hill Station,High,Bangalore,City Life,Medium,Karnataka,2.0
City Life,Medium,Manali,Hill Station,High,Himachal,1.4
Hill Station,Low,Radhanagar,Beach,Medium,Andaman,1.41
City Life,Low,Jaipur,Historical,Medium,Rajasthan,1.41
Historical,High,Kaziranga,Wildlife,High,Assam,2.91
Adventure,High,Rishikesh,Adventure,Medium,Uttarakhand,4.11
Historical,High,Marina,Beach,Medium,Tamil Nadu,2.0
Religious,Medium,Gulmarg,Hill Station,Medium,Kashmir,2.9
Hill Station,Low,Yadadri,Religious,Low,Telangana,2.91
Beach,High,Ranthambore,Wildlife,Low,Rajasthan,2.0
Wildlife,High,Bangalore,City Life,High,Karnataka,2.91
Religious,Medium,Hampi,Historical,Medium,Karnataka,2.91
Religious,High,Yadadri,Religious,Medium,Telangana,4.1
Religious,Low,Varkala,Beach,Medium,Kerala,1.4
City Life,High,Somnath,Religious,High,Gujarat,2.91
Historical,Medium,Ajanta,Historical,Medium,Maharashtra,5.0
Adventure,Medium,Varanasi,Religious,Medium,UP,2.91
City Life,High,Bandipur,Wildlife,Medium,Karnataka,2.01
Religious,High,Varanasi,Religious,High,UP,5.0
City Life,Low,Red Fort,Historical,Low,Delhi,2.91
Wildlife,High,Shillong,Hill Station,Low,Meghalaya,2.01
City Life,Low,Ranthambore,Wildlife,High,Rajasthan,1.41
City Life,High,Dandeli,Adventure,High,Karnataka,2.91
Wildlife,Low,Ahmedabad,City Life,Medium,Gujarat,1.4
City Life,High,Gulmarg,Hill Station,High,Kashmir,2.9
Historical,Medium,Jaipur,Historical,Medium,Rajasthan,5.0
Adventure,High,Gangtok,Hill Station,Medium,Sikkim,2.01
City Life,Low,Amritsar,Religious,Low,Punjab,2.9
Historical,Low,Gangtok,Hill Station,Low,Sikkim,2.9
Religious,Medium,Varkala,Beach,High,Kerala,1.41
Hill Station,Low,CP,City Life,Medium,Delhi,1.41
City Life,High,Bodh Gaya,Religious,High,Bihar,2.9
Wildlife,High,Varanasi,Religious,Low,UP,2.0
Beach,Low,Khajuraho,Historical,Low,MP,2.9
City Life,Low,Gulmarg,Hill Station,High,Kashmir,1.41
City Life,Medium,Kaziranga,Wildlife,Medium,Assam,2.9
Beach,Medium,Varanasi,Religious,High,UP,1.41
Adventure,Medium,Jim Corbett,Wildlife,High,Uttarakhand,1.41
Hill Station,High,Jaipur,Historical,Low,Rajasthan,2.0
Wildlife,Low,Madurai,Religious,High,Tamil Nadu,1.4
Adventure,Medium,Khajuraho,Historical,Medium,MP,2.91
Historical,High,Jaipur,Historical,High,Rajasthan,5.0
Wildlife,High,Mumbai,City Life,Low,Maharashtra,2.01
Historical,Medium,Varkala,Beach,Low,Kerala,2.0
City Life,Medium,Bandipur,Wildlife,Low,Karnataka,2.01
City Life,High,Tawang,Adventure,Low,Arunachal,2.0
Hill Station,High,Baga,Beach,Low,Goa,2.01
Wildlife,Medium,Nainital,Hill Station,Low,Uttarakhand,2.01
Historical,High,Ahmedabad,City Life,Medium,Gujarat,2.01
Wildlife,Medium,Ahmedabad,City Life,Low,Gujarat,2.01
Historical,Low,Hampi,Historical,Medium,Karnataka,3.5
Wildlife,Medium,Kaziranga,Wildlife,Low,Assam,4.11
Hill Station,Medium,Jaipur,Historical,Low,Rajasthan,2.01
Beach,High,Bangalore,City Life,High,Karnataka,2.9
Adventure,High,Puri,Beach,Low,Odisha,2.0
City Life,Medium,Amritsar,Religious,Low,Punjab,2.01
Adventure,Low,Ajanta,Historical,Low,Maharashtra,2.9
City Life,Low,Manali,Hill Station,High,Himachal,1.41
Historical,Medium,Nainital,Hill Station,Medium,Uttarakhand,2.9
Wildlife,Medium,Kaziranga,Wildlife,High,Assam,3.51
Hill Station,High,Kaziranga,Wildlife,High,Assam,2.91
Wildlife,High,Alibaug,Beach,Low,Maharashtra,2.01
Wildlife,Low,Gulmarg,Hill Station,High,Kashmir,1.4
Wildlife,Low,Gulmarg,Hill Station,High,Kashmir,1.41
City Life,Medium,Kanha,Wildlife,Medium,MP,2.91
Religious,High,Mumbai,City Life,High,Maharashtra,2.9
Hill Station,Medium,Manali,Hill Station,Medium,Himachal,5.0
Wildlife,High,Zulruk,Adventure,Low,Sikkim,2.0
Religious,Low,CP,City Life,High,Delhi,1.41
Religious,Low,Nalanda,Historical,Low,Bihar,2.91
Religious,High,Jim Corbett,Wildlife,Medium,Uttarakhand,2.0
Hill Station,High,Varanasi,Religious,Medium,UP,2.0
Adventure,High,Varkala,Beach,Low,Kerala,2.0
Religious,High,Nalanda,Historical,High,Bihar,2.91
Beach,High,Bodh Gaya,Religious,High,Bihar,2.9
Adventure,Low,Kanha,Wildlife,High,MP,1.41
Adventure,High,Dandeli,Adventure,Medium,Karnataka,4.1
Wildlife,Medium,Ajanta,Historical,High,Maharashtra,1.41
Beach,High,Kaziranga,Wildlife,Medium,Assam,2.0
City Life,High,Ranthambore,Wildlife,Medium,Rajasthan,2.01
Adventure,Low,Madurai,Religious,High,Tamil Nadu,1.4
Hill Station,Medium,Jaipur,Historical,Low,Rajasthan,2.01
City Life,Medium,Ajanta,Historical,Medium,Maharashtra,2.91
Hill Station,High,Kanha,Wildlife,Low,MP,2.01
City Life,Low,Tawang,Adventure,Medium,Arunachal,1.4
Beach,Low,Radhanagar,Beach,High,Andaman,3.51
City Life,High,Rishikesh,Adventure,Low,Uttarakhand,2.0
Adventure,Low,Ranthambore,Wildlife,High,Rajasthan,1.4
Adventure,Low,Kanha,Wildlife,Low,MP,2.9
Hill Station,Medium,Nalanda,Historical,Low,Bihar,2.0
Adventure,Medium,Kaziranga,Wildlife,Low,Assam,2.0
Hill Station,Medium,Kaziranga,Wildlife,High,Assam,1.4
Hill Station,High,Baga,Beach,Low,Goa,2.01
Beach,Low,Jim Corbett,Wildlife,Medium,Uttarakhand,1.4
Religious,Medium,Ahmedabad,City Life,Low,Gujarat,2.01
Wildlife,Medium,Varkala,Beach,Medium,Kerala,2.9
City Life,High,Nainital,Hill Station,Low,Uttarakhand,2.0
Hill Station,Low,Kolkata,City Life,Medium,West Bengal,1.4
Wildlife,Medium,Gangtok,Hill Station,Medium,Sikkim,2.9
City Life,Medium,Ajanta,Historical,High,Maharashtra,1.4
Religious,Medium,Gir,Wildlife,High,Gujarat,1.41
City Life,High,Ajanta,Historical,High,Maharashtra,2.9
Beach,High,Manali,Hill Station,High,Himachal,2.9
Beach,Low,Amritsar,Religious,Low,Punjab,2.91
Adventure,Medium,Hampi,Historical,High,Karnataka,1.4
Adventure,High,Kanha,Wildlife,Low,MP,2.0
Wildlife,Medium,Marina,Beach,Medium,Tamil Nadu,2.9
Religious,Medium,Baga,Beach,Low,Goa,2.0
Wildlife,Medium,Leh,Adventure,High,Ladakh,1.41
Adventure,Low,Nalanda,Historical,High,Bihar,1.4
Religious,Medium,Ajanta,Historical,Medium,Maharashtra,2.9
Religious,Medium,Amritsar,Religious,Medium,Punjab,5.0
Wildlife,High,Red Fort,Historical,High,Delhi,2.9
Hill Station,High,Red Fort,Historical,Low,Delhi,2.0
Beach,Medium,Kanha,Wildlife,Medium,MP,2.91
Wildlife,High,Bangalore,City Life,Low,Karnataka,2.01
Historical,Medium,Radhanagar,Beach,High,Andaman,1.41
Adventure,Low,Hampi,Historical,High,Karnataka,1.4
Historical,Low,Hyderabad,City Life,Low,Telangana,2.9
Adventure,High,Nainital,Hill Station,Low,Uttarakhand,2.01
City Life,High,Radhanagar,Beach,Low,Andaman,2.01
Beach,Low,Gulmarg,Hill Station,Low,Kashmir,2.9
Adventure,Medium,Marina,Beach,Low,Tamil Nadu,2.0
Adventure,Low,Shillong,Hill Station,Medium,Meghalaya,1.4
Beach,Medium,Varkala,Beach,Low,Kerala,4.11
Beach,Medium,Kanha,Wildlife,Low,MP,2.01
Historical,Low,Radhanagar,Beach,High,Andaman,1.41
Historical,High,Puri,Beach,Medium,Odisha,2.0
City Life,Low,Zulruk,Adventure,High,Sikkim,1.41
Hill Station,Medium,Varkala,Beach,High,Kerala,1.41
Religious,Low,Varanasi,Religious,Medium,UP,3.5
Beach,Medium,Bangalore,City Life,Low,Karnataka,2.01
Religious,Low,Varkala,Beach,Medium,Kerala,1.41
Wildlife,High,Jaipur,Historical,Medium,Rajasthan,2.0
Hill Station,Low,Khajuraho,Historical,Low,MP,2.9
Wildlife,High,Hampi,Historical,Low,Karnataka,2.0
Historical,Medium,Ooty,Hill Station,Medium,Tamil Nadu,2.91
Religious,Medium,Madurai,Religious,High,Tamil Nadu,3.5
City Life,Medium,Ajanta,Historical,High,Maharashtra,1.4
City Life,High,Puri,Beach,Low,Odisha,2.0
City Life,Medium,Somnath,Religious,Medium,Gujarat,2.91
Beach,High,Hampi,Historical,Low,Karnataka,2.01
Adventure,Medium,Yadadri,Religious,High,Telangana,1.4
Historical,Low,Amritsar,Religious,Medium,Punjab,1.41
Beach,Low,Gangtok,Hill Station,Medium,Sikkim,1.41
Hill Station,Medium,Jim Corbett,Wildlife,Medium,Uttarakhand,2.91
Wildlife,Low,Dandeli,Adventure,Low,Karnataka,2.9
City Life,High,Madurai,Religious,High,Tamil Nadu,2.9
Wildlife,High,Bodh Gaya,Religious,Low,Bihar,2.0
Wildlife,Low,Spiti,Adventure,High,Himachal,1.41
Adventure,High,Marina,Beach,High,Tamil Nadu,2.9
Adventure,Medium,Khajuraho,Historical,Low,MP,2.0
Beach,High,Puri,Beach,Low,Odisha,4.1
City Life,Medium,Somnath,Religious,High,Gujarat,1.41
Historical,High,Kanha,Wildlife,High,MP,2.91
Adventure,Medium,Jaipur,Historical,Medium,Rajasthan,2.9
Historical,Low,Mumbai,City Life,High,Maharashtra,1.4
Religious,High,Dandeli,Adventure,High,Karnataka,2.9
Hill Station,Low,Nalanda,Historical,Low,Bihar,2.9
City Life,Low,Dandeli,Adventure,Medium,Karnataka,1.41
Religious,Low,Nainital,Hill Station,High,Uttarakhand,1.41
Religious,Medium,Varkala,Beach,Medium,Kerala,2.9
Beach,Medium,Bodh Gaya,Religious,Medium,Bihar,2.91
Hill Station,Medium,Gir,Wildlife,Low,Gujarat,2.01
Adventure,Medium,Zulruk,Adventure,Low,Sikkim,4.11
Wildlife,High,CP,City Life,Medium,Delhi,2.01
Beach,High,Jaipur,Historical,High,Rajasthan,2.9
City Life,High,Marina,Beach,Low,Tamil Nadu,2.0
Beach,Low,Ajanta,Historical,High,Maharashtra,1.41
Beach,Medium,Bangalore,City Life,Low,Karnataka,2.01
Historical,High,Zulruk,Adventure,Medium,Sikkim,2.01
Wildlife,High,Gangtok,Hill Station,High,Sikkim,2.9
Religious,Medium,Amritsar,Religious,High,Punjab,3.5
Religious,High,Hyderabad,City Life,Medium,Telangana,2.0
Beach,Low,Varkala,Beach,Low,Kerala,5.0
Beach,High,Ahmedabad,City Life,High,Gujarat,2.91
Religious,Low,Leh,Adventure,High,Ladakh,1.41
Historical,Low,Jim Corbett,Wildlife,High,Uttarakhand,1.4
Beach,Low,Rishikesh,Adventure,High,Uttarakhand,1.41
Religious,High,Nalanda,Historical,Medium,Bihar,2.0
City Life,High,Ranthambore,Wildlife,High,Rajasthan,2.9
Historical,Low,Bangalore,City Life,Medium,Karnataka,1.4
Wildlife,High,Mumbai,City Life,High,Maharashtra,2.91
Wildlife,Medium,Hyderabad,City Life,Medium,Telangana,2.91
Beach,Medium,Hyderabad,City Life,Low,Telangana,2.01
Adventure,Low,Madurai,Religious,Medium,Tamil Nadu,1.41
Hill Station,High,Bodh Gaya,Religious,Medium,Bihar,2.01
Adventure,Medium,Ajanta,Historical,Low,Maharashtra,2.0
Religious,Low,Gulmarg,Hill Station,Low,Kashmir,2.9
Historical,Medium,Ooty,Hill Station,Low,Tamil Nadu,2.01
Historical,Low,Mumbai,City Life,High,Maharashtra,1.4
Beach,Medium,Varanasi,Religious,Low,UP,2.0
Wildlife,Medium,Rishikesh,Adventure,Low,Uttarakhand,2.01
City Life,Low,Alibaug,Beach,High,Maharashtra,1.41
Historical,Low,Gulmarg,Hill Station,Medium,Kashmir,1.4
Religious,Medium,Zulruk,Adventure,Medium,Sikkim,2.9
Wildlife,High,Jim Corbett,Wildlife,Low,Uttarakhand,4.1
Beach,Medium,Jim Corbett,Wildlife,Medium,Uttarakhand,2.9
Hill Station,Low,Hyderabad,City Life,Low,Telangana,2.9
Historical,Medium,Amritsar,Religious,High,Punjab,1.4
City Life,Low,Hampi,Historical,High,Karnataka,1.4
Historical,Low,Zulruk,Adventure,Low,Sikkim,2.91
Beach,Medium,Gangtok,Hill Station,Medium,Sikkim,2.9
Beach,High,Kolkata,City Life,High,West Bengal,2.9
City Life,Medium,Gangtok,Hill Station,Low,Sikkim,2.0
Beach,Medium,Bodh Gaya,Religious,Low,Bihar,2.01
City Life,Medium,Ahmedabad,City Life,Low,Gujarat,4.1
Religious,Low,Bodh Gaya,Religious,Medium,Bihar,3.5
Adventure,High,Jim Corbett,Wildlife,High,Uttarakhand,2.9
Adventure,High,Varkala,Beach,High,Kerala,2.91
Historical,High,Spiti,Adventure,Medium,Himachal,2.0
Wildlife,Low,Puri,Beach,High,Odisha,1.41
Historical,Medium,Radhanagar,Beach,High,Andaman,1.4
Historical,Medium,Zulruk,Adventure,High,Sikkim,1.4
City Life,Low,Red Fort,Historical,High,Delhi,1.41
Religious,Medium,Ooty,Hill Station,Medium,Tamil Nadu,2.9
Beach,High,CP,City Life,Medium,Delhi,2.0
Hill Station,Low,Madurai,Religious,High,Tamil Nadu,1.41
Wildlife,Medium,Jim Corbett,Wildlife,Low,Uttarakhand,4.1
Religious,Low,Amritsar,Religious,Medium,Punjab,3.5
Adventure,High,Dandeli,Adventure,Medium,Karnataka,4.1
Adventure,Medium,Kanha,Wildlife,Medium,MP,2.9
Historical,High,Dandeli,Adventure,Medium,Karnataka,2.0
Religious,Medium,Ooty,Hill Station,High,Tamil Nadu,1.41
Wildlife,Low,Bandipur,Wildlife,Medium,Karnataka,3.51
Hill Station,Medium,Puri,Beach,High,Odisha,1.4
City Life,Medium,Nainital,Hill Station,Medium,Uttarakhand,2.91
Beach,High,Hampi,Historical,Low,Karnataka,2.0
Wildlife,Medium,Hampi,Historical,High,Karnataka,1.41
Religious,Low,Bandipur,Wildlife,Medium,Karnataka,1.41
Beach,Low,Gulmarg,Hill Station,High,Kashmir,1.41
Adventure,Medium,Nainital,Hill Station,Low,Uttarakhand,2.0
Beach,Medium,Khajuraho,Historical,High,MP,1.41
City Life,Low,Shillong,Hill Station,Medium,Meghalaya,1.4
Wildlife,High,Ranthambore,Wildlife,Low,Rajasthan,4.1
City Life,High,Somnath,Religious,High,Gujarat,2.91
Adventure,High,Ahmedabad,City Life,Low,Gujarat,2.0
City Life,Medium,Gir,Wildlife,Low,Gujarat,2.01
Historical,Low,Bandipur,Wildlife,Medium,Karnataka,1.4
Beach,Low,Amritsar,Religious,Medium,Punjab,1.4
Beach,Low,Mumbai,City Life,Low,Maharashtra,2.9
Hill Station,High,Jaipur,Historical,Low,Rajasthan,2.0
Religious,Low,Somnath,Religious,Low,Gujarat,5.0
Wildlife,Low,CP,City Life,Medium,Delhi,1.41
Hill Station,Low,Spiti,Adventure,Low,Himachal,2.9
Adventure,High,Varkala,Beach,Low,Kerala,2.0
Religious,High,Ranthambore,Wildlife,Low,Rajasthan,2.0
Religious,Low,Radhanagar,Beach,High,Andaman,1.41
Adventure,Medium,Radhanagar,Beach,Medium,Andaman,2.9
City Life,Low,Red Fort,Historical,Medium,Delhi,1.41
Adventure,Low,Ahmedabad,City Life,Medium,Gujarat,1.4
Hill Station,Medium,Kolkata,City Life,Low,West Bengal,2.01
Adventure,Medium,Bangalore,City Life,Medium,Karnataka,2.9
Historical,High,Kaziranga,Wildlife,Medium,Assam,2.0
Wildlife,High,Baga,Beach,Medium,Goa,2.0
Adventure,Low,Kolkata,City Life,Medium,West Bengal,1.41
Historical,High,Somnath,Religious,Medium,Gujarat,2.01
Historical,Low,Khajuraho,Historical,Medium,MP,3.5
Religious,High,Shillong,Hill Station,High,Meghalaya,2.9
Hill Station,Low,Jaipur,Historical,Low,Rajasthan,2.91
Wildlife,Low,Ooty,Hill Station,High,Tamil Nadu,1.4
Historical,Medium,Baga,Beach,High,Goa,1.4
City Life,Medium,Kolkata,City Life,Low,West Bengal,4.11
Religious,Low,Spiti,Adventure,High,Himachal,1.4
City Life,Medium,Radhanagar,Beach,Medium,Andaman,2.91
Wildlife,Medium,Kolkata,City Life,Low,West Bengal,2.0
Hill Station,Low,Bangalore,City Life,Medium,Karnataka,1.4
Beach,Medium,Bandipur,Wildlife,High,Karnataka,1.41
Historical,Medium,Yadadri,Religious,Low,Telangana,2.0
Beach,High,Spiti,Adventure,High,Himachal,2.9
Wildlife,Low,Varkala,Beach,High,Kerala,1.41
Religious,Low,Ajanta,Historical,Low,Maharashtra,2.91
Historical,Low,Kolkata,City Life,Medium,West Bengal,1.41
City Life,Low,Kolkata,City Life,High,West Bengal,3.5
Beach,Low,Radhanagar,Beach,High,Andaman,3.5
Adventure,Low,Kanha,Wildlife,High,MP,1.41
City Life,Low,Gangtok,Hill Station,Medium,Sikkim,1.4
Religious,Medium,Bandipur,Wildlife,High,Karnataka,1.4
Wildlife,Medium,Amritsar,Religious,Low,Punjab,2.0
Religious,High,Baga,Beach,Medium,Goa,2.01
Adventure,Medium,CP,City Life,Low,Delhi,2.0
Hill Station,High,Madurai,Religious,High,Tamil Nadu,2.91
Beach,High,Nalanda,Historical,Low,Bihar,2.0
Historical,High,CP,City Life,High,Delhi,2.91
City Life,Medium,Amritsar,Religious,Medium,Punjab,2.91
City Life,High,Madurai,Religious,Low,Tamil Nadu,2.01
City Life,Medium,Kaziranga,Wildlife,Medium,Assam,2.91
City Life,High,Bandipur,Wildlife,Low,Karnataka,2.01
Hill Station,High,Gulmarg,Hill Station,Medium,Kashmir,4.11
Religious,Low,Varkala,Beach,Medium,Kerala,1.4
Religious,Low,Zulruk,Adventure,Medium,Sikkim,1.41
Wildlife,High,Somnath,Religious,High,Gujarat,2.9
Historical,High,Red Fort,Historical,High,Delhi,5.0
Historical,Medium,Nainital,Hill Station,High,Uttarakhand,1.41
Historical,High,Nainital,Hill Station,High,Uttarakhand,2.9
Historical,Low,Rishikesh,Adventure,Low,Uttarakhand,2.91
Adventure,High,Tawang,Adventure,High,Arunachal,5.0
Wildlife,High,Khajuraho,Historical,Medium,MP,2.0
Adventure,High,Khajuraho,Historical,Medium,MP,2.0
Hill Station,High,Bodh Gaya,Religious,Medium,Bihar,2.0
Historical,Low,Bandipur,Wildlife,Medium,Karnataka,1.41
Hill Station,High,Hampi,Historical,High,Karnataka,2.91
Historical,Medium,Bandipur,Wildlife,Medium,Karnataka,2.91
Beach,High,Madurai,Religious,Medium,Tamil Nadu,2.01
Adventure,Low,Nalanda,Historical,Low,Bihar,2.9
Adventure,Low,Jaipur,Historical,High,Rajasthan,1.4
Historical,High,Madurai,Religious,High,Tamil Nadu,2.9
City Life,Medium,Ooty,Hill Station,Low,Tamil Nadu,2.01
Adventure,Low,Leh,Adventure,Medium,Ladakh,3.51
Religious,Low,Nalanda,Historical,High,Bihar,1.4
Beach,Medium,Kanha,Wildlife,Medium,MP,2.9
Hill Station,Medium,Kanha,Wildlife,High,MP,1.4
Hill Station,Medium,Ajanta,Historical,High,Maharashtra,1.4
Hill Station,High,Dandeli,Adventure,High,Karnataka,2.9
Historical,Medium,Gir,Wildlife,Medium,Gujarat,2.9
Hill Station,Medium,Alibaug,Beach,Medium,Maharashtra,2.91
Adventure,High,Mumbai,City Life,Low,Maharashtra,2.01
Hill Station,Medium,Hampi,Historical,Low,Karnataka,2.0
Wildlife,Low,Marina,Beach,Low,Tamil Nadu,2.91
Beach,Low,Kanha,Wildlife,High,MP,1.41
Religious,High,Mumbai,City Life,High,Maharashtra,2.91
Historical,Medium,Ajanta,Historical,High,Maharashtra,3.51
City Life,Low,Hampi,Historical,Medium,Karnataka,1.41
Hill Station,Low,Gir,Wildlife,Medium,Gujarat,1.4
Religious,Medium,Somnath,Religious,Low,Gujarat,4.11
Religious,High,Rishikesh,Adventure,High,Uttarakhand,2.9
City Life,Medium,Gulmarg,Hill Station,Low,Kashmir,2.01
Hill Station,Medium,Amritsar,Religious,High,Punjab,1.41
Religious,Medium,Zulruk,Adventure,Low,Sikkim,2.0
Wildlife,Medium,Bangalore,City Life,High,Karnataka,1.41
Hill Station,Low,Varkala,Beach,High,Kerala,1.41
Beach,Medium,Kaziranga,Wildlife,Medium,Assam,2.91
Beach,High,Nainital,Hill Station,High,Uttarakhand,2.9
Hill Station,High,Nalanda,Historical,Medium,Bihar,2.0
City Life,Medium,Gulmarg,Hill Station,Low,Kashmir,2.01
City Life,Low,Varanasi,Religious,Medium,UP,1.41
Hill Station,Medium,Baga,Beach,Medium,Goa,2.9
Religious,Medium,Kolkata,City Life,Low,West Bengal,2.0
Historical,Medium,Leh,Adventure,High,Ladakh,1.41
Beach,High,Khajuraho,Historical,Medium,MP,2.01
Wildlife,Medium,Varanasi,Religious,High,UP,1.41
Beach,Low,Leh,Adventure,Medium,Ladakh,1.4
Wildlife,Medium,Amritsar,Religious,Low,Punjab,2.01
Adventure,Medium,Spiti,Adventure,Low,Himachal,4.11
City Life,Medium,Mumbai,City Life,Medium,Maharashtra,5.0
City Life,Low,CP,City Life,Medium,Delhi,3.5
City Life,Medium,Baga,Beach,High,Goa,1.41
Beach,Low,Bodh Gaya,Religious,Low,Bihar,2.91
Wildlife,Low,Tawang,Adventure,Low,Arunachal,2.9
Historical,High,Ajanta,Historical,High,Maharashtra,5.0
Adventure,Low,Somnath,Religious,Medium,Gujarat,1.41
Religious,Low,Kolkata,City Life,Low,West Bengal,2.91
Adventure,Medium,Gir,Wildlife,Medium,Gujarat,2.91
Wildlife,High,Manali,Hill Station,High,Himachal,2.91
Historical,Low,Jaipur,Historical,Medium,Rajasthan,3.5
Beach,Low,Hampi,Historical,Low,Karnataka,2.91
Adventure,High,Ranthambore,Wildlife,High,Rajasthan,2.91
Beach,Medium,Zulruk,Adventure,High,Sikkim,1.41
Adventure,High,Radhanagar,Beach,High,Andaman,2.91
Adventure,Medium,Hampi,Historical,Low,Karnataka,2.0
Religious,High,Varkala,Beach,High,Kerala,2.9
City Life,High,Jaipur,Historical,High,Rajasthan,2.91
Historical,Medium,Nainital,Hill Station,Low,Uttarakhand,2.0
Adventure,High,Ooty,Hill Station,Medium,Tamil Nadu,2.01
Historical,Low,Hyderabad,City Life,Low,Telangana,2.91
Adventure,Low,Yadadri,Religious,High,Telangana,1.4
Adventure,Medium,Bangalore,City Life,Medium,Karnataka,2.91
Religious,Low,Ajanta,Historical,Low,Maharashtra,2.91
Adventure,Low,Gir,Wildlife,Medium,Gujarat,1.4
Religious,High,Dandeli,Adventure,Medium,Karnataka,2.01
City Life,Medium,Hyderabad,City Life,High,Telangana,3.51
Hill Station,Low,Somnath,Religious,Low,Gujarat,2.9
Hill Station,High,Gir,Wildlife,Medium,Gujarat,2.0
Wildlife,High,Manali,Hill Station,Medium,Himachal,2.01
Beach,Low,Bandipur,Wildlife,Medium,Karnataka,1.41
Historical,Low,Bangalore,City Life,High,Karnataka,1.41
Hill Station,Medium,Alibaug,Beach,Medium,Maharashtra,2.9
City Life,High,Nainital,Hill Station,Low,Uttarakhand,2.01
Wildlife,High,Ajanta,Historical,Low,Maharashtra,2.0
Historical,Medium,CP,City Life,Low,Delhi,2.0
Wildlife,High,Ranthambore,Wildlife,Medium,Rajasthan,4.1
Religious,Low,Gangtok,Hill Station,Medium,Sikkim,1.4
Beach,High,Varanasi,Religious,Medium,UP,2.0
Historical,Low,Jim Corbett,Wildlife,Medium,Uttarakhand,1.4
Adventure,Low,Red Fort,Historical,High,Delhi,1.4
City Life,High,Jaipur,Historical,Medium,Rajasthan,2.01
Beach,High,Bangalore,City Life,High,Karnataka,2.91
Religious,Low,Kanha,Wildlife,High,MP,1.4
Beach,Low,Zulruk,Adventure,Medium,Sikkim,1.4
Historical,Low,Madurai,Religious,Medium,Tamil Nadu,1.41
Adventure,Low,Ajanta,Historical,Medium,Maharashtra,1.4
Adventure,Medium,Mumbai,City Life,High,Maharashtra,1.4
Adventure,Medium,Amritsar,Religious,Low,Punjab,2.01
Historical,High,Khajuraho,Historical,Low,MP,4.1
Hill Station,High,Gir,Wildlife,High,Gujarat,2.9
City Life,High,Bangalore,City Life,High,Karnataka,5.0
Historical,Medium,Varkala,Beach,High,Kerala,1.41
City Life,High,Hampi,Historical,High,Karnataka,2.9
Religious,High,Hampi,Historical,Medium,Karnataka,2.0
City Life,Low,Ranthambore,Wildlife,High,Rajasthan,1.41
Historical,Low,Hyderabad,City Life,Low,Telangana,2.91
Historical,Low,CP,City Life,High,Delhi,1.4
Adventure,Low,Bodh Gaya,Religious,Low,Bihar,2.9
Adventure,Medium,Ahmedabad,City Life,Low,Gujarat,2.0
Wildlife,High,Tawang,Adventure,Low,Arunachal,2.01
Adventure,Medium,Jim Corbett,Wildlife,High,Uttarakhand,1.4
Historical,Low,Ahmedabad,City Life,Low,Gujarat,2.9
Hill Station,High,Varkala,Beach,High,Kerala,2.9
City Life,Low,Ranthambore,Wildlife,High,Rajasthan,1.41
Religious,High,Leh,Adventure,High,Ladakh,2.9
Adventure,Medium,Hyderabad,City Life,Low,Telangana,2.0
Beach,High,Baga,Beach,High,Goa,5.0
Hill Station,High,Bandipur,Wildlife,Medium,Karnataka,2.01
Wildlife,Medium,CP,City Life,High,Delhi,1.4
City Life,High,Yadadri,Religious,Low,Telangana,2.01
City Life,Low,Kolkata,City Life,Low,West Bengal,5.0
Religious,Low,Bodh Gaya,Religious,Medium,Bihar,3.5
City Life,High,Marina,Beach,Low,Tamil Nadu,2.0
Religious,Medium,Hyderabad,City Life,Medium,Telangana,2.9
Adventure,Medium,Ajanta,Historical,High,Maharashtra,1.41
Hill Station,Medium,Hampi,Historical,Medium,Karnataka,2.9
Beach,Medium,Dandeli,Adventure,High,Karnataka,1.41
Religious,High,Gangtok,Hill Station,Low,Sikkim,2.0
Religious,Medium,Kanha,Wildlife,Medium,MP,2.9
Hill Station,High,Nainital,Hill Station,Medium,Uttarakhand,4.1
Religious,High,Kanha,Wildlife,Low,MP,2.0
Beach,High,Mumbai,City Life,Medium,Maharashtra,2.0
Wildlife,Low,Leh,Adventure,High,Ladakh,1.41
Historical,Medium,Ahmedabad,City Life,High,Gujarat,1.41
Beach,Medium,Yadadri,Religious,High,Telangana,1.4
Adventure,Medium,Ahmedabad,City Life,High,Gujarat,1.4
City Life,High,Bangalore,City Life,Low,Karnataka,4.1
Adventure,High,Kanha,Wildlife,Low,MP,2.0
Religious,High,Hyderabad,City Life,High,Telangana,2.91
City Life,High,Jaipur,Historical,Medium,Rajasthan,2.0
Hill Station,Medium,Varkala,Beach,High,Kerala,1.41
Wildlife,High,Kolkata,City Life,High,West Bengal,2.91
Beach,High,Gulmarg,Hill Station,Low,Kashmir,2.0
Historical,High,Varanasi,Religious,Low,UP,2.0
Wildlife,Medium,Marina,Beach,Medium,Tamil Nadu,2.91
Adventure,Medium,Red Fort,Historical,High,Delhi,1.4
Religious,Low,Varkala,Beach,Medium,Kerala,1.41
Historical,Low,Shillong,Hill Station,Low,Meghalaya,2.9
City Life,High,Hyderabad,City Life,High,Telangana,5.0
Historical,Medium,Varanasi,Religious,Medium,UP,2.91
Adventure,Medium,Manali,Hill Station,Medium,Himachal,2.91
Hill Station,High,CP,City Life,Low,Delhi,2.0
Religious,Low,Shillong,Hill Station,Low,Meghalaya,2.91
City Life,Medium,Somnath,Religious,High,Gujarat,1.4
Hill Station,Low,Zulruk,Adventure,High,Sikkim,1.41
City Life,Low,Nalanda,Historical,High,Bihar,1.4
Beach,Low,Red Fort,Historical,Low,Delhi,2.91
Wildlife,Medium,Varanasi,Religious,Low,UP,2.01
Historical,Low,Bandipur,Wildlife,Low,Karnataka,2.91
Beach,High,Hampi,Historical,Low,Karnataka,2.01
Beach,Low,Gir,Wildlife,Medium,Gujarat,1.4
Beach,High,Yadadri,Religious,High,Telangana,2.91
Hill Station,High,Puri,Beach,Low,Odisha,2.0
Religious,Medium,Bangalore,City Life,High,Karnataka,1.41
Historical,Low,Ajanta,Historical,High,Maharashtra,3.5
City Life,Low,Gir,Wildlife,High,Gujarat,1.4
Religious,Medium,Yadadri,Religious,High,Telangana,3.5
Hill Station,High,Khajuraho,Historical,High,MP,2.91
Adventure,Low,Khajuraho,Historical,High,MP,1.41
Adventure,Low,Madurai,Religious,Low,Tamil Nadu,2.91
Adventure,Medium,Rishikesh,Adventure,Low,Uttarakhand,4.11
Wildlife,High,CP,City Life,Low,Delhi,2.01
Beach,High,Gangtok,Hill Station,Low,Sikkim,2.01
City Life,High,Gir,Wildlife,High,Gujarat,2.9
Historical,Medium,Gangtok,Hill Station,Low,Sikkim,2.0
Historical,High,Jaipur,Historical,High,Rajasthan,5.0
Adventure,Low,CP,City Life,Low,Delhi,2.91
Wildlife,High,Bangalore,City Life,Medium,Karnataka,2.01
Religious,Medium,Gangtok,Hill Station,High,Sikkim,1.4
Historical,Medium,Khajuraho,Historical,Medium,MP,5.0
Beach,Low,Ahmedabad,City Life,Low,Gujarat,2.9
Adventure,Low,Bandipur,Wildlife,Low,Karnataka,2.91
Adventure,Low,Zulruk,Adventure,High,Sikkim,3.5
Beach,Low,Varanasi,Religious,High,UP,1.4
Historical,Medium,Tawang,Adventure,High,Arunachal,1.4
Wildlife,Low,Nalanda,Historical,Low,Bihar,2.91
City Life,Medium,Kolkata,City Life,High,West Bengal,3.5
Historical,Low,Mumbai,City Life,Low,Maharashtra,2.9
Historical,Low,Ooty,Hill Station,Low,Tamil Nadu,2.91
Historical,Low,Bandipur,Wildlife,High,Karnataka,1.4
Hill Station,Medium,Ahmedabad,City Life,High,Gujarat,1.4
Hill Station,Low,Manali,Hill Station,High,Himachal,3.51
Religious,High,Ooty,Hill Station,Medium,Tamil Nadu,2.0
Historical,Medium,Red Fort,Historical,Medium,Delhi,5.0
Wildlife,Medium,Jaipur,Historical,Medium,Rajasthan,2.91
Wildlife,Medium,Puri,Beach,Medium,Odisha,2.91
Wildlife,Low,Varanasi,Religious,Medium,UP,1.41
City Life,Medium,Hampi,Historical,Low,Karnataka,2.01
Beach,Low,Ajanta,Historical,Low,Maharashtra,2.9
Religious,High,Somnath,Religious,Medium,Gujarat,4.11
Historical,Medium,Kolkata,City Life,Medium,West Bengal,2.91
Hill Station,Medium,Alibaug,Beach,Medium,Maharashtra,2.91
Adventure,Low,Gir,Wildlife,Medium,Gujarat,1.4
Wildlife,Low,Kaziranga,Wildlife,High,Assam,3.51
Hill Station,Low,Kolkata,City Life,High,West Bengal,1.4
Hill Station,Medium,Nainital,Hill Station,High,Uttarakhand,3.5
Beach,Medium,Amritsar,Religious,Low,Punjab,2.01
Historical,High,Nainital,Hill Station,Medium,Uttarakhand,2.01
Historical,Medium,Ranthambore,Wildlife,High,Rajasthan,1.4
Beach,Medium,Nalanda,Historical,Medium,Bihar,2.9
Hill Station,High,Madurai,Religious,Low,Tamil Nadu,2.0
Religious,High,Manali,Hill Station,High,Himachal,2.9
Historical,High,Rishikesh,Adventure,High,Uttarakhand,2.9
Beach,High,Nainital,Hill Station,High,Uttarakhand,2.91
Historical,Low,Manali,Hill Station,Medium,Himachal,1.4
Religious,High,Spiti,Adventure,High,Himachal,2.91
City Life,Medium,Alibaug,Beach,Medium,Maharashtra,2.91
Hill Station,Medium,Bodh Gaya,Religious,Medium,Bihar,2.9
Historical,High,Shillong,Hill Station,High,Meghalaya,2.91
Wildlife,High,Ranthambore,Wildlife,Low,Rajasthan,4.1
City Life,High,Marina,Beach,High,Tamil Nadu,2.91
Hill Station,High,Dandeli,Adventure,Low,Karnataka,2.01
Religious,Low,Jim Corbett,Wildlife,Medium,Uttarakhand,1.41
Religious,Medium,Ahmedabad,City Life,High,Gujarat,1.4
Religious,High,Gir,Wildlife,Low,Gujarat,2.0
Wildlife,High,Alibaug,Beach,Medium,Maharashtra,2.01
Religious,Medium,Ranthambore,Wildlife,High,Rajasthan,1.4
Wildlife,High,Bangalore,City Life,Low,Karnataka,2.0
Wildlife,Low,Kolkata,City Life,Medium,West Bengal,1.4
Adventure,Low,Marina,Beach,High,Tamil Nadu,1.41
City Life,Low,Kaziranga,Wildlife,Low,Assam,2.9
Wildlife,Low,Amritsar,Religious,Medium,Punjab,1.4
Historical,High,Red Fort,Historical,Medium,Delhi,4.11
Hill Station,High,Hampi,Historical,High,Karnataka,2.9
Adventure,High,Gir,Wildlife,Low,Gujarat,2.0
Religious,Medium,Bodh Gaya,Religious,Low,Bihar,4.11
City Life,Low,Jim Corbett,Wildlife,High,Uttarakhand,1.41
Hill Station,Low,Radhanagar,Beach,Medium,Andaman,1.41
Historical,Medium,Shillong,Hill Station,High,Meghalaya,1.41
Historical,Medium,Varanasi,Religious,Low,UP,2.0
Adventure,Low,Alibaug,Beach,High,Maharashtra,1.41
Religious,Low,Yadadri,Religious,High,Telangana,3.51
Religious,Low,Ajanta,Historical,Low,Maharashtra,2.91
Religious,High,Mumbai,City Life,Low,Maharashtra,2.01
Wildlife,Low,Ranthambore,Wildlife,Medium,Rajasthan,3.51
Wildlife,Medium,Bandipur,Wildlife,High,Karnataka,3.5
Wildlife,Medium,Varanasi,Religious,Low,UP,2.01
Hill Station,Low,Ooty,Hill Station,Medium,Tamil Nadu,3.51
Historical,High,Kolkata,City Life,High,West Bengal,2.91
Adventure,High,Ajanta,Historical,Medium,Maharashtra,2.0
Beach,Low,Bandipur,Wildlife,High,Karnataka,1.41
Wildlife,Low,Shillong,Hill Station,High,Meghalaya,1.41
Religious,Low,Somnath,Religious,Low,Gujarat,5.0
Hill Station,High,Hyderabad,City Life,Low,Telangana,2.01
Adventure,Medium,Hyderabad,City Life,Low,Telangana,2.01
Wildlife,High,Kanha,Wildlife,High,MP,5.0
Adventure,High,Gangtok,Hill Station,Low,Sikkim,2.01
Beach,Medium,Red Fort,Historical,Low,Delhi,2.01
Historical,High,Bangalore,City Life,Medium,Karnataka,2.01
Beach,Medium,Puri,Beach,High,Odisha,3.51
Historical,Medium,CP,City Life,Low,Delhi,2.01
Hill Station,Low,Ahmedabad,City Life,Low,Gujarat,2.9
Adventure,Low,Gulmarg,Hill Station,High,Kashmir,1.4
Hill Station,High,Mumbai,City Life,High,Maharashtra,2.91
City Life,Low,Radhanagar,Beach,Low,Andaman,2.91
Adventure,Medium,Zulruk,Adventure,High,Sikkim,3.5
Beach,High,Kolkata,City Life,Low,West Bengal,2.01
Hill Station,High,Bodh Gaya,Religious,Low,Bihar,2.0
Religious,Medium,Radhanagar,Beach,Medium,Andaman,2.9
City Life,Medium,Puri,Beach,Low,Odisha,2.0
Hill Station,Low,Manali,Hill Station,High,Himachal,3.51
Wildlife,Medium,Ooty,Hill Station,High,Tamil Nadu,1.41
Beach,Medium,Ajanta,Historical,Low,Maharashtra,2.0
Wildlife,Medium,Leh,Adventure,High,Ladakh,1.41
Historical,High,Hampi,Historical,Medium,Karnataka,4.11
Hill Station,High,Amritsar,Religious,Low,Punjab,2.0
Hill Station,High,Kolkata,City Life,Low,West Bengal,2.01
Religious,Medium,Spiti,Adventure,Low,Himachal,2.01
Beach,Medium,Jim Corbett,Wildlife,Low,Uttarakhand,2.0
Hill Station,High,Varkala,Beach,Low,Kerala,2.01
Wildlife,Low,Bandipur,Wildlife,High,Karnataka,3.5
City Life,High,Zulruk,Adventure,Medium,Sikkim,2.01
Religious,Low,Hampi,Historical,High,Karnataka,1.4
Religious,Low,Manali,Hill Station,High,Himachal,1.4
Hill Station,Medium,Ranthambore,Wildlife,High,Rajasthan,1.41
Beach,High,Jim Corbett,Wildlife,Low,Uttarakhand,2.01
Adventure,High,Shillong,Hill Station,Low,Meghalaya,2.0
Wildlife,High,Red Fort,Historical,Low,Delhi,2.0
Hill Station,Medium,Gulmarg,Hill Station,Low,Kashmir,4.11
Hill Station,Medium,Rishikesh,Adventure,Medium,Uttarakhand,2.91
Historical,Medium,Bodh Gaya,Religious,Low,Bihar,2.0
City Life,Low,Alibaug,Beach,Medium,Maharashtra,1.41
Hill Station,High,Somnath,Religious,Low,Gujarat,2.01
Hill Station,High,Hyderabad,City Life,Low,Telangana,2.01
Wildlife,Medium,Shillong,Hill Station,High,Meghalaya,1.4
Historical,Low,Marina,Beach,Low,Tamil Nadu,2.91
City Life,Medium,Somnath,Religious,Medium,Gujarat,2.9
Wildlife,Medium,Ranthambore,Wildlife,High,Rajasthan,3.5
Adventure,High,Dandeli,Adventure,Low,Karnataka,4.11
Historical,High,Alibaug,Beach,Medium,Maharashtra,2.01
Beach,Medium,Puri,Beach,Low,Odisha,4.11
City Life,High,Radhanagar,Beach,High,Andaman,2.91
Historical,Low,Tawang,Adventure,Low,Arunachal,2.91
Historical,Low,Gir,Wildlife,Medium,Gujarat,1.41
Adventure,Low,Varkala,Beach,Medium,Kerala,1.41
Religious,Low,Varanasi,Religious,Low,UP,5.0
Hill Station,Medium,Leh,Adventure,High,Ladakh,1.41
Historical,Medium,Bodh Gaya,Religious,Low,Bihar,2.01
Adventure,High,Bodh Gaya,Religious,Medium,Bihar,2.01
Hill Station,Medium,Zulruk,Adventure,Low,Sikkim,2.01
Adventure,Medium,Kanha,Wildlife,Low,MP,2.01
Adventure,Low,Alibaug,Beach,Medium,Maharashtra,1.4
Adventure,Medium,Ranthambore,Wildlife,High,Rajasthan,1.41
Religious,Low,Red Fort,Historical,Medium,Delhi,1.41
Adventure,High,Puri,Beach,Low,Odisha,2.01
Hill Station,Low,Gulmarg,Hill Station,High,Kashmir,3.51
Wildlife,Medium,Kolkata,City Life,High,West Bengal,1.41
Hill Station,High,Zulruk,Adventure,Medium,Sikkim,2.0
Beach,High,Amritsar,Religious,High,Punjab,2.91
Historical,High,Spiti,Adventure,Low,Himachal,2.01
Beach,Medium,Khajuraho,Historical,High,MP,1.4
Hill Station,Low,Nalanda,Historical,Low,Bihar,2.9
Religious,Low,Hampi,Historical,Low,Karnataka,2.9
Adventure,High,Red Fort,Historical,Medium,Delhi,2.01
City Life,High,Yadadri,Religious,Low,Telangana,2.01
Hill Station,Medium,Dandeli,Adventure,High,Karnataka,1.4
Adventure,High,Kaziranga,Wildlife,Low,Assam,2.0
Hill Station,Low,Kolkata,City Life,Low,West Bengal,2.9
Historical,Low,Jim Corbett,Wildlife,Medium,Uttarakhand,1.41
City Life,Low,CP,City Life,Low,Delhi,5.0
City Life,Medium,Somnath,Religious,Low,Gujarat,2.01
Adventure,High,Hampi,Historical,High,Karnataka,2.91
Historical,Low,Khajuraho,Historical,Low,MP,5.0
Beach,Low,Bodh Gaya,Religious,High,Bihar,1.4
Religious,Medium,Kolkata,City Life,Low,West Bengal,2.01
Wildlife,High,Bangalore,City Life,Medium,Karnataka,2.01
Wildlife,High,Hyderabad,City Life,Low,Telangana,2.01
Adventure,Low,Marina,Beach,High,Tamil Nadu,1.4
Religious,Medium,Khajuraho,Historical,High,MP,1.4
Adventure,Low,Jim Corbett,Wildlife,Low,Uttarakhand,2.91
Historical,Medium,Puri,Beach,Medium,Odisha,2.91
Beach,High,Ahmedabad,City Life,High,Gujarat,2.9
Adventure,Medium,Shillong,Hill Station,High,Meghalaya,1.4
Hill Station,Low,Marina,Beach,Low,Tamil Nadu,2.91
Hill Station,Medium,Jaipur,Historical,Medium,Rajasthan,2.91
Adventure,High,Gangtok,Hill Station,Low,Sikkim,2.01
Adventure,Low,Yadadri,Religious,Medium,Telangana,1.41
Religious,Low,Gir,Wildlife,Low,Gujarat,2.9
Hill Station,Medium,Shillong,Hill Station,Medium,Meghalaya,5.0
Adventure,Medium,Kanha,Wildlife,Low,MP,2.01
Wildlife,Low,Alibaug,Beach,Low,Maharashtra,2.9
Wildlife,Low,Jim Corbett,Wildlife,Low,Uttarakhand,5.0
Wildlife,Medium,Gulmarg,Hill Station,Low,Kashmir,2.01
Adventure,Low,Ajanta,Historical,Medium,Maharashtra,1.4
City Life,Low,Ranthambore,Wildlife,Medium,Rajasthan,1.4
Religious,Low,Varkala,Beach,Medium,Kerala,1.4
Adventure,High,Jim Corbett,Wildlife,Medium,Uttarakhand,2.01
Historical,High,Kaziranga,Wildlife,High,Assam,2.91
Religious,High,Bodh Gaya,Religious,Medium,Bihar,4.1
Religious,Medium,Hampi,Historical,Low,Karnataka,2.01
Beach,Low,Alibaug,Beach,High,Maharashtra,3.51
City Life,Low,Jim Corbett,Wildlife,Low,Uttarakhand,2.9
City Life,Low,Marina,Beach,High,Tamil Nadu,1.4
Religious,High,Puri,Beach,Low,Odisha,2.0
City Life,Medium,Tawang,Adventure,High,Arunachal,1.4
City Life,Medium,Gir,Wildlife,Medium,Gujarat,2.9
Wildlife,High,Nalanda,Historical,High,Bihar,2.9
Hill Station,High,Leh,Adventure,Medium,Ladakh,2.0
Religious,Low,Alibaug,Beach,Low,Maharashtra,2.91
Religious,Medium,Ajanta,Historical,Low,Maharashtra,2.0
Wildlife,Medium,Zulruk,Adventure,Low,Sikkim,2.01
Wildlife,Medium,Baga,Beach,Medium,Goa,2.91
Hill Station,Low,Ooty,Hill Station,Medium,Tamil Nadu,3.51
Hill Station,High,Ooty,Hill Station,High,Tamil Nadu,5.0
City Life,High,Kaziranga,Wildlife,Low,Assam,2.0
Beach,High,Gangtok,Hill Station,Medium,Sikkim,2.01
City Life,High,Nalanda,Historical,Medium,Bihar,2.01
Wildlife,Low,Ahmedabad,City Life,High,Gujarat,1.4
Wildlife,Medium,Rishikesh,Adventure,Low,Uttarakhand,2.0
City Life,Low,Gulmarg,Hill Station,Low,Kashmir,2.9
Wildlife,Low,Rishikesh,Adventure,Medium,Uttarakhand,1.4
City Life,Low,Ahmedabad,City Life,High,Gujarat,3.5
Hill Station,Low,Kolkata,City Life,Medium,West Bengal,1.4
Adventure,High,Ajanta,Historical,High,Maharashtra,2.9
Wildlife,High,Mumbai,City Life,Low,Maharashtra,2.01
Hill Station,Low,Ranthambore,Wildlife,Medium,Rajasthan,1.4
Wildlife,High,Mumbai,City Life,High,Maharashtra,2.9
Beach,Low,Somnath,Religious,Low,Gujarat,2.91
Wildlife,Medium,Manali,Hill Station,Medium,Himachal,2.9
Wildlife,High,Spiti,Adventure,Low,Himachal,2.01
City Life,High,Ooty,Hill Station,High,Tamil Nadu,2.91
Adventure,High,Gulmarg,Hill Station,High,Kashmir,2.91
City Life,Medium,Jim Corbett,Wildlife,Low,Uttarakhand,2.01
City Life,High,Jaipur,Historical,Medium,Rajasthan,2.01
Beach,High,Ajanta,Historical,Low,Maharashtra,2.0
Historical,Medium,Spiti,Adventure,Medium,Himachal,2.91
Hill Station,High,Zulruk,Adventure,Medium,Sikkim,2.0
Religious,Medium,Dandeli,Adventure,Low,Karnataka,2.01
Beach,High,Zulruk,Adventure,Low,Sikkim,2.01
Wildlife,Medium,Hampi,Historical,Low,Karnataka,2.0
City Life,Low,Alibaug,Beach,Medium,Maharashtra,1.4
Beach,Low,Ajanta,Historical,Low,Maharashtra,2.91
Beach,Medium,Leh,Adventure,High,Ladakh,1.4
City Life,High,Marina,Beach,Medium,Tamil Nadu,2.0
Historical,Low,Bandipur,Wildlife,Low,Karnataka,2.91
Beach,Low,Kolkata,City Life,Medium,West Bengal,1.4
Beach,High,Ahmedabad,City Life,Medium,Gujarat,2.01
Wildlife,Low,Nalanda,Historical,Medium,Bihar,1.4
Religious,Medium,Ranthambore,Wildlife,High,Rajasthan,1.41
City Life,Low,Varkala,Beach,Medium,Kerala,1.4
Beach,Medium,Ajanta,Historical,Low,Maharashtra,2.01
Adventure,Medium,Varkala,Beach,Low,Kerala,2.01
Historical,High,Manali,Hill Station,High,Himachal,2.9
Hill Station,Low,Dandeli,Adventure,Low,Karnataka,2.9
Wildlife,Medium,Ooty,Hill Station,Low,Tamil Nadu,2.01
Religious,Low,Bodh Gaya,Religious,Low,Bihar,5.0
Religious,Medium,Bandipur,Wildlife,High,Karnataka,1.41
Historical,Low,Madurai,Religious,High,Tamil Nadu,1.4
Beach,High,Marina,Beach,High,Tamil Nadu,5.0
Adventure,Medium,Somnath,Religious,Low,Gujarat,2.01
City Life,High,Varkala,Beach,Medium,Kerala,2.0
Hill Station,Medium,Nalanda,Historical,High,Bihar,1.4
Hill Station,Medium,Dandeli,Adventure,Low,Karnataka,2.0
Adventure,Low,Manali,Hill Station,Medium,Himachal,1.41
Hill Station,Low,Nainital,Hill Station,Low,Uttarakhand,5.0
Beach,Medium,Marina,Beach,Medium,Tamil Nadu,5.0
Hill Station,Low,Alibaug,Beach,Low,Maharashtra,2.91
City Life,Low,Hampi,Historical,Low,Karnataka,2.91
Beach,Medium,Khajuraho,Historical,High,MP,1.4
City Life,High,Ahmedabad,City Life,Medium,Gujarat,4.11
Religious,Low,Kolkata,City Life,Low,West Bengal,2.9
Hill Station,High,Khajuraho,Historical,Low,MP,2.01
Adventure,High,Marina,Beach,High,Tamil Nadu,2.91
Hill Station,Low,Puri,Beach,Low,Odisha,2.91
Historical,High,Khajuraho,Historical,Medium,MP,4.1
Wildlife,Medium,Yadadri,Religious,Low,Telangana,2.01
City Life,High,Alibaug,Beach,Medium,Maharashtra,2.01
City Life,Low,Tawang,Adventure,Medium,Arunachal,1.41
Religious,Low,Bangalore,City Life,Medium,Karnataka,1.41
Religious,High,Gulmarg,Hill Station,Low,Kashmir,2.0
Historical,Medium,Puri,Beach,Low,Odisha,2.0
City Life,Low,Kolkata,City Life,High,West Bengal,3.51
City Life,Low,Radhanagar,Beach,Medium,Andaman,1.4
Adventure,Low,Puri,Beach,Medium,Odisha,1.4
Beach,Medium,Jaipur,Historical,Medium,Rajasthan,2.9
City Life,High,Jaipur,Historical,Low,Rajasthan,2.01
Beach,High,Tawang,Adventure,High,Arunachal,2.91
Historical,Low,Kanha,Wildlife,Low,MP,2.9
City Life,Medium,Marina,Beach,Low,Tamil Nadu,2.01
City Life,Low,Zulruk,Adventure,Medium,Sikkim,1.41
Wildlife,Medium,Ajanta,Historical,Low,Maharashtra,2.01
Beach,Low,Puri,Beach,Low,Odisha,5.0
Wildlife,Low,Ooty,Hill Station,Medium,Tamil Nadu,1.41
Beach,High,Ahmedabad,City Life,High,Gujarat,2.9
Hill Station,Low,Amritsar,Religious,Low,Punjab,2.91
Adventure,Medium,Gulmarg,Hill Station,Low,Kashmir,2.01
Wildlife,Low,CP,City Life,Low,Delhi,2.91
Beach,High,Radhanagar,Beach,Low,Andaman,4.1
Wildlife,Low,Amritsar,Religious,Low,Punjab,2.91
Religious,High,Ajanta,Historical,Medium,Maharashtra,2.01
Religious,Low,Mumbai,City Life,Medium,Maharashtra,1.41
Beach,Medium,Somnath,Religious,Low,Gujarat,2.01
Wildlife,Medium,Dandeli,Adventure,Medium,Karnataka,2.9
Adventure,High,Marina,Beach,Medium,Tamil Nadu,2.0
Adventure,Medium,Yadadri,Religious,High,Telangana,1.4
Religious,High,Jaipur,Historical,Low,Rajasthan,2.01
Adventure,Low,Madurai,Religious,Medium,Tamil Nadu,1.4
City Life,High,Nainital,Hill Station,Low,Uttarakhand,2.0
Religious,High,Dandeli,Adventure,Low,Karnataka,2.0
Adventure,Low,CP,City Life,Low,Delhi,2.9
City Life,Medium,Somnath,Religious,Medium,Gujarat,2.9
Hill Station,Medium,Kolkata,City Life,Medium,West Bengal,2.9
City Life,Low,Radhanagar,Beach,Low,Andaman,2.91
Adventure,Medium,Gangtok,Hill Station,High,Sikkim,1.4
Religious,Low,Varkala,Beach,High,Kerala,1.4
Beach,Medium,Leh,Adventure,Medium,Ladakh,2.91
Beach,Low,Ooty,Hill Station,High,Tamil Nadu,1.41
City Life,High,Ooty,Hill Station,High,Tamil Nadu,2.91
Historical,Low,Gulmarg,Hill Station,Low,Kashmir,2.9
Beach,Medium,Tawang,Adventure,High,Arunachal,1.41
Beach,Medium,Nainital,Hill Station,High,Uttarakhand,1.41
Hill Station,Medium,Tawang,Adventure,Low,Arunachal,2.0
Beach,High,Kanha,Wildlife,Low,MP,2.0
Hill Station,Low,Somnath,Religious,Low,Gujarat,2.9
Hill Station,High,Hyderabad,City Life,Low,Telangana,2.01
City Life,Low,Somnath,Religious,Medium,Gujarat,1.4
Beach,Medium,Marina,Beach,Low,Tamil Nadu,4.11
Hill Station,Medium,Marina,Beach,Low,Tamil Nadu,2.0
Historical,Low,Spiti,Adventure,High,Himachal,1.41
City Life,Medium,Bandipur,Wildlife,Medium,Karnataka,2.91
Adventure,Medium,Ahmedabad,City Life,High,Gujarat,1.41
Wildlife,Medium,Zulruk,Adventure,High,Sikkim,1.41
Religious,Medium,Jim Corbett,Wildlife,Medium,Uttarakhand,2.91
Beach,High,Jaipur,Historical,High,Rajasthan,2.9
Adventure,Medium,Bodh Gaya,Religious,High,Bihar,1.4
Wildlife,Medium,Rishikesh,Adventure,Medium,Uttarakhand,2.91
Beach,Medium,Kanha,Wildlife,Low,MP,2.0
Beach,Medium,CP,City Life,High,Delhi,1.4
Beach,Medium,Bangalore,City Life,Low,Karnataka,2.01
Wildlife,High,Ahmedabad,City Life,Medium,Gujarat,2.0
Religious,High,Mumbai,City Life,Medium,Maharashtra,2.0
Adventure,Low,Yadadri,Religious,Low,Telangana,2.9
City Life,High,Varkala,Beach,Low,Kerala,2.0
Historical,Medium,Radhanagar,Beach,Medium,Andaman,2.91
Wildlife,Medium,Ajanta,Historical,High,Maharashtra,1.41
Historical,Low,Baga,Beach,Low,Goa,2.9
Historical,High,Hyderabad,City Life,Medium,Telangana,2.01
Beach,Medium,Yadadri,Religious,High,Telangana,1.41
City Life,High,Alibaug,Beach,Low,Maharashtra,2.0
Adventure,Medium,Yadadri,Religious,Low,Telangana,2.0
Hill Station,Medium,Jaipur,Historical,Low,Rajasthan,2.01
Adventure,Low,Jaipur,Historical,High,Rajasthan,1.41
Hill Station,Medium,Leh,Adventure,High,Ladakh,1.4
Hill Station,High,Dandeli,Adventure,Medium,Karnataka,2.0
Hill Station,Low,Nalanda,Historical,Medium,Bihar,1.4
Historical,Low,Mumbai,City Life,Low,Maharashtra,2.9
Historical,Medium,Jaipur,Historical,Low,Rajasthan,4.11
Wildlife,Medium,Red Fort,Historical,High,Delhi,1.4
Adventure,High,Rishikesh,Adventure,Medium,Uttarakhand,4.1
Historical,Low,Spiti,Adventure,Low,Himachal,2.91
Adventure,High,Gir,Wildlife,High,Gujarat,2.9
Wildlife,Low,Kanha,Wildlife,Low,MP,5.0
Wildlife,Medium,Yadadri,Religious,Low,Telangana,2.01
City Life,Medium,Gangtok,Hill Station,Medium,Sikkim,2.91
Wildlife,Medium,Hyderabad,City Life,Low,Telangana,2.01
Beach,Low,Kolkata,City Life,High,West Bengal,1.4
Religious,Low,Khajuraho,Historical,Medium,MP,1.4
Historical,Medium,Ajanta,Historical,Low,Maharashtra,4.1
Beach,Low,Rishikesh,Adventure,Low,Uttarakhand,2.91
City Life,Medium,Varanasi,Religious,High,UP,1.41
Historical,Low,Bandipur,Wildlife,Medium,Karnataka,1.41
Historical,Medium,Bodh Gaya,Religious,High,Bihar,1.4
City Life,Medium,Alibaug,Beach,High,Maharashtra,1.4
Historical,High,Khajuraho,Historical,Medium,MP,4.1
Adventure,Low,Bangalore,City Life,Medium,Karnataka,1.41
Wildlife,High,Leh,Adventure,Medium,Ladakh,2.01
Hill Station,High,Kanha,Wildlife,Low,MP,2.0
City Life,Medium,Somnath,Religious,Low,Gujarat,2.01
Wildlife,Medium,Gulmarg,Hill Station,High,Kashmir,1.4
Religious,Medium,Gulmarg,Hill Station,Medium,Kashmir,2.9
Religious,Low,Rishikesh,Adventure,Medium,Uttarakhand,1.41
City Life,High,Bandipur,Wildlife,High,Karnataka,2.9
Historical,High,Dandeli,Adventure,Medium,Karnataka,2.0
Adventure,Medium,Ahmedabad,City Life,Low,Gujarat,2.01
Historical,Medium,Alibaug,Beach,Medium,Maharashtra,2.91
Beach,Low,Dandeli,Adventure,Medium,Karnataka,1.41
Hill Station,Medium,Jaipur,Historical,High,Rajasthan,1.41
Beach,Medium,Nalanda,Historical,Low,Bihar,2.0
Historical,Medium,Nainital,Hill Station,High,Uttarakhand,1.4
Wildlife,Medium,Baga,Beach,High,Goa,1.4
City Life,Medium,Spiti,Adventure,Low,Himachal,2.01
Beach,Medium,Rishikesh,Adventure,Low,Uttarakhand,2.01
Wildlife,High,Ajanta,Historical,Medium,Maharashtra,2.01
Wildlife,Medium,Madurai,Religious,High,Tamil Nadu,1.41
Wildlife,Low,Kolkata,City Life,Low,West Bengal,2.91
Wildlife,Medium,Manali,Hill Station,High,Himachal,1.4
Historical,Medium,Ranthambore,Wildlife,Low,Rajasthan,2.01
City Life,Medium,Somnath,Religious,Medium,Gujarat,2.91
Hill Station,Medium,Bodh Gaya,Religious,Medium,Bihar,2.91
Religious,High,Kolkata,City Life,High,West Bengal,2.91
Hill Station,Medium,Jaipur,Historical,Medium,Rajasthan,2.9
City Life,Low,Radhanagar,Beach,Medium,Andaman,1.41
Adventure,High,Ahmedabad,City Life,Medium,Gujarat,2.01
City Life,Medium,Jim Corbett,Wildlife,High,Uttarakhand,1.41
Historical,Low,Bodh Gaya,Religious,High,Bihar,1.4
Religious,High,Puri,Beach,Medium,Odisha,2.0
Beach,Medium,Spiti,Adventure,Low,Himachal,2.0
Adventure,Medium,Shillong,Hill Station,Medium,Meghalaya,2.9
Adventure,Low,Hyderabad,City Life,Low,Telangana,2.91
Adventure,Medium,Marina,Beach,High,Tamil Nadu,1.4
Hill Station,Low,Leh,Adventure,Medium,Ladakh,1.41
City Life,Medium,Spiti,Adventure,Low,Himachal,2.0
Historical,High,Gulmarg,Hill Station,Medium,Kashmir,2.01
City Life,Low,Kanha,Wildlife,High,MP,1.4
Adventure,Low,Yadadri,Religious,High,Telangana,1.4
Wildlife,Low,Nainital,Hill Station,High,Uttarakhand,1.41
Religious,Medium,Varkala,Beach,High,Kerala,1.41
Adventure,High,Bandipur,Wildlife,Low,Karnataka,2.01
Wildlife,Medium,Marina,Beach,Medium,Tamil Nadu,2.91
Hill Station,Medium,Varanasi,Religious,High,UP,1.41
Adventure,High,Somnath,Religious,Low,Gujarat,2.01
Religious,High,Kanha,Wildlife,Medium,MP,2.0
Historical,High,Marina,Beach,Medium,Tamil Nadu,2.0
Beach,High,Marina,Beach,High,Tamil Nadu,5.0
City Life,Medium,Rishikesh,Adventure,Low,Uttarakhand,2.01
Adventure,Low,Gangtok,Hill Station,Medium,Sikkim,1.4
Hill Station,Low,Gulmarg,Hill Station,High,Kashmir,3.51
Religious,Low,Marina,Beach,Low,Tamil Nadu,2.91
Hill Station,Medium,Marina,Beach,Medium,Tamil Nadu,2.9
Hill Station,Medium,Kanha,Wildlife,Low,MP,2.01
Wildlife,Medium,Hyderabad,City Life,High,Telangana,1.4
Adventure,High,Hampi,Historical,Low,Karnataka,2.01
Historical,Low,Varanasi,Religious,Medium,UP,1.4
Wildlife,Low,Dandeli,Adventure,High,Karnataka,1.4
City Life,Medium,Ooty,Hill Station,High,Tamil Nadu,1.4
Hill Station,High,Gangtok,Hill Station,Low,Sikkim,4.11
Hill Station,Low,Baga,Beach,Low,Goa,2.91
Hill Station,High,CP,City Life,High,Delhi,2.9
Wildlife,High,Bangalore,City Life,High,Karnataka,2.91
Religious,Low,Varanasi,Religious,Medium,UP,3.51
Beach,Low,Nalanda,Historical,High,Bihar,1.4
Religious,Low,Manali,Hill Station,Low,Himachal,2.9
Beach,Low,Ooty,Hill Station,High,Tamil Nadu,1.4
City Life,High,Leh,Adventure,Medium,Ladakh,2.0
Wildlife,High,Varanasi,Religious,Low,UP,2.01
Wildlife,High,Manali,Hill Station,Low,Himachal,2.0
Beach,High,Madurai,Religious,Medium,Tamil Nadu,2.0
Beach,High,Gangtok,Hill Station,Low,Sikkim,2.0
Religious,Low,Manali,Hill Station,High,Himachal,1.41
Beach,Low,Red Fort,Historical,Medium,Delhi,1.4
Adventure,Low,Alibaug,Beach,Medium,Maharashtra,1.41
Wildlife,Medium,Hyderabad,City Life,Low,Telangana,2.0
City Life,High,Puri,Beach,High,Odisha,2.9
Beach,Medium,Marina,Beach,Medium,Tamil Nadu,5.0
City Life,Low,Puri,Beach,High,Odisha,1.41
Religious,Medium,Kanha,Wildlife,Medium,MP,2.91
Religious,Low,Ahmedabad,City Life,Medium,Gujarat,1.4
Adventure,Medium,Ahmedabad,City Life,Medium,Gujarat,2.9
Adventure,High,Madurai,Religious,Medium,Tamil Nadu,2.01
Hill Station,Medium,Bodh Gaya,Religious,Medium,Bihar,2.9
Beach,Medium,Gir,Wildlife,Low,Gujarat,2.0
Hill Station,Low,Hampi,Historical,Medium,Karnataka,1.41
Religious,Low,Ajanta,Historical,Medium,Maharashtra,1.4
Adventure,High,Hyderabad,City Life,Low,Telangana,2.0
City Life,Medium,Hampi,Historical,Medium,Karnataka,2.9
Historical,Low,Hampi,Historical,Low,Karnataka,5.0
City Life,Low,CP,City Life,High,Delhi,3.51
City Life,Medium,Jaipur,Historical,High,Rajasthan,1.41
Hill Station,High,CP,City Life,Low,Delhi,2.0
Beach,High,Nainital,Hill Station,Medium,Uttarakhand,2.01
Beach,Medium,Shillong,Hill Station,High,Meghalaya,1.4
Religious,High,Rishikesh,Adventure,Low,Uttarakhand,2.01
Wildlife,Low,Ooty,Hill Station,Medium,Tamil Nadu,1.4
City Life,High,Alibaug,Beach,Medium,Maharashtra,2.01
Beach,Low,Kanha,Wildlife,Low,MP,2.91
Religious,High,Khajuraho,Historical,High,MP,2.9
Wildlife,Medium,Zulruk,Adventure,Medium,Sikkim,2.91
Hill Station,High,Ooty,Hill Station,Medium,Tamil Nadu,4.11
City Life,Low,Amritsar,Religious,Medium,Punjab,1.41
Beach,Low,Ranthambore,Wildlife,Medium,Rajasthan,1.4
Wildlife,High,Khajuraho,Historical,Medium,MP,2.0
Wildlife,Low,Rishikesh,Adventure,Low,Uttarakhand,2.91
Hill Station,Low,Ooty,Hill Station,Low,Tamil Nadu,5.0
City Life,High,Ranthambore,Wildlife,Low,Rajasthan,2.0
Hill Station,Medium,Varkala,Beach,High,Kerala,1.41
Beach,Medium,Kaziranga,Wildlife,High,Assam,1.4
Historical,High,Radhanagar,Beach,High,Andaman,2.91
Religious,High,Madurai,Religious,Low,Tamil Nadu,4.1
Religious,High,Rishikesh,Adventure,Medium,Uttarakhand,2.01
Religious,High,Somnath,Religious,Medium,Gujarat,4.11
Wildlife,Medium,Ahmedabad,City Life,High,Gujarat,1.4
Historical,Medium,Hampi,Historical,High,Karnataka,3.5
Adventure,High,Manali,Hill Station,High,Himachal,2.9
Hill Station,High,Rishikesh,Adventure,High,Uttarakhand,2.91
Religious,Medium,Jim Corbett,Wildlife,High,Uttarakhand,1.4
Historical,Medium,Yadadri,Religious,Medium,Telangana,2.91
Historical,Medium,Ranthambore,Wildlife,Low,Rajasthan,2.0
City Life,Medium,Shillong,Hill Station,Medium,Meghalaya,2.9
Beach,High,Rishikesh,Adventure,Medium,Uttarakhand,2.0
Adventure,Medium,Ooty,Hill Station,Low,Tamil Nadu,2.01
Religious,Medium,Manali,Hill Station,Low,Himachal,2.0
City Life,Medium,Dandeli,Adventure,Medium,Karnataka,2.91
Hill Station,Low,Somnath,Religious,Low,Gujarat,2.9
Beach,Low,Leh,Adventure,Medium,Ladakh,1.41
City Life,Low,Yadadri,Religious,Low,Telangana,2.91
City Life,High,Alibaug,Beach,Medium,Maharashtra,2.01
Historical,Low,Nainital,Hill Station,Medium,Uttarakhand,1.41
Adventure,Medium,Spiti,Adventure,High,Himachal,3.5
Religious,Medium,Red Fort,Historical,High,Delhi,1.41
Historical,Medium,Bangalore,City Life,Low,Karnataka,2.01
Religious,Low,Kanha,Wildlife,Low,MP,2.9
City Life,Low,Amritsar,Religious,High,Punjab,1.41
Beach,Medium,Zulruk,Adventure,High,Sikkim,1.41
Beach,Low,Bandipur,Wildlife,Medium,Karnataka,1.4
Wildlife,Low,Varanasi,Religious,High,UP,1.4
Hill Station,High,Somnath,Religious,Low,Gujarat,2.01
Beach,Medium,Varanasi,Religious,High,UP,1.4
Wildlife,Low,Ajanta,Historical,Low,Maharashtra,2.91
Beach,Low,Varanasi,Religious,High,UP,1.41
Religious,High,Varanasi,Religious,High,UP,5.0
Beach,Medium,Ooty,Hill Station,Low,Tamil Nadu,2.0
Historical,Low,Ranthambore,Wildlife,Medium,Rajasthan,1.4
Hill Station,Low,Leh,Adventure,Low,Ladakh,2.9
Religious,High,Bandipur,Wildlife,Low,Karnataka,2.01
Adventure,Medium,Kolkata,City Life,Medium,West Bengal,2.91
Wildlife,High,Manali,Hill Station,High,Himachal,2.9
City Life,Low,Ahmedabad,City Life,High,Gujarat,3.51
Hill Station,Low,Radhanagar,Beach,Medium,Andaman,1.4
Hill Station,Medium,Puri,Beach,Low,Odisha,2.01
City Life,Medium,Dandeli,Adventure,Medium,Karnataka,2.91
Beach,High,Ranthambore,Wildlife,High,Rajasthan,2.91
Adventure,Low,Somnath,Religious,High,Gujarat,1.4
City Life,Medium,Ahmedabad,City Life,Medium,Gujarat,5.0
City Life,Low,Kaziranga,Wildlife,Low,Assam,2.9
City Life,Low,Leh,Adventure,Medium,Ladakh,1.41
Hill Station,Medium,Dandeli,Adventure,Low,Karnataka,2.01
Historical,Medium,Jaipur,Historical,High,Rajasthan,3.51
Historical,High,Puri,Beach,Low,Odisha,2.0
City Life,High,Jim Corbett,Wildlife,Low,Uttarakhand,2.0
Historical,Medium,Bodh Gaya,Religious,High,Bihar,1.4
Adventure,High,Kolkata,City Life,Medium,West Bengal,2.0
City Life,Low,Baga,Beach,Medium,Goa,1.41
Wildlife,High,Ajanta,Historical,High,Maharashtra,2.91
Wildlife,Low,Red Fort,Historical,Low,Delhi,2.9
Historical,High,Madurai,Religious,Low,Tamil Nadu,2.01
Hill Station,Low,Dandeli,Adventure,High,Karnataka,1.41
Religious,Low,Kanha,Wildlife,High,MP,1.4
Beach,Medium,Zulruk,Adventure,Medium,Sikkim,2.91
Religious,High,Spiti,Adventure,High,Himachal,2.9
Wildlife,Medium,Leh,Adventure,Medium,Ladakh,2.9
City Life,High,Leh,Adventure,High,Ladakh,2.91
Wildlife,High,Yadadri,Religious,Medium,Telangana,2.01
Wildlife,Low,Madurai,Religious,Low,Tamil Nadu,2.91
Beach,Low,Red Fort,Historical,Low,Delhi,2.91
Beach,Low,Radhanagar,Beach,Medium,Andaman,3.51
Historical,High,Radhanagar,Beach,Medium,Andaman,2.0
Hill Station,High,Zulruk,Adventure,Low,Sikkim,2.01
Historical,Low,Kolkata,City Life,Medium,West Bengal,1.4
Wildlife,Low,Hampi,Historical,High,Karnataka,1.4
Hill Station,Low,Rishikesh,Adventure,Low,Uttarakhand,2.9
Hill Station,Low,Amritsar,Religious,Low,Punjab,2.9
Hill Station,Medium,Gulmarg,Hill Station,High,Kashmir,3.5
Religious,High,Jaipur,Historical,Low,Rajasthan,2.01
Religious,Medium,Yadadri,Religious,Medium,Telangana,5.0
Beach,Low,Alibaug,Beach,Medium,Maharashtra,3.5
Beach,Low,Yadadri,Religious,High,Telangana,1.4
Wildlife,Medium,CP,City Life,High,Delhi,1.4
City Life,Medium,Kolkata,City Life,Medium,West Bengal,5.0
Beach,High,Ranthambore,Wildlife,Medium,Rajasthan,2.01
City Life,Low,Bandipur,Wildlife,High,Karnataka,1.41
Beach,High,Red Fort,Historical,High,Delhi,2.9
Beach,Medium,Manali,Hill Station,Low,Himachal,2.01
Historical,Low,Nainital,Hill Station,Medium,Uttarakhand,1.4
Beach,Medium,Gir,Wildlife,High,Gujarat,1.4
Beach,Low,Jaipur,Historical,High,Rajasthan,1.41
Religious,High,Spiti,Adventure,High,Himachal,2.91
Wildlife,High,Bangalore,City Life,Medium,Karnataka,2.0
Beach,Medium,Zulruk,Adventure,Low,Sikkim,2.0
Religious,High,Nainital,Hill Station,High,Uttarakhand,2.9
Religious,High,Puri,Beach,Medium,Odisha,2.0
Historical,High,Alibaug,Beach,High,Maharashtra,2.9
Historical,Medium,Alibaug,Beach,Low,Maharashtra,2.0
Historical,Low,Varanasi,Religious,Medium,UP,1.41
Hill Station,High,Yadadri,Religious,High,Telangana,2.9
Hill Station,Low,Tawang,Adventure,High,Arunachal,1.4
City Life,Medium,Radhanagar,Beach,Low,Andaman,2.01
Beach,High,Madurai,Religious,Low,Tamil Nadu,2.0
Hill Station,High,Ajanta,Historical,Low,Maharashtra,2.0
Hill Station,High,Varanasi,Religious,Medium,UP,2.01
Religious,Low,Ranthambore,Wildlife,Low,Rajasthan,2.9
Historical,Medium,Gir,Wildlife,Medium,Gujarat,2.91
Historical,Medium,Baga,Beach,High,Goa,1.4
Adventure,Low,Nalanda,Historical,Medium,Bihar,1.4
Adventure,Medium,Varkala,Beach,Low,Kerala,2.01
Hill Station,Medium,Mumbai,City Life,Medium,Maharashtra,2.91
City Life,Medium,Nalanda,Historical,Low,Bihar,2.01
Historical,Low,Shillong,Hill Station,Medium,Meghalaya,1.4
Historical,High,Gulmarg,Hill Station,Low,Kashmir,2.01
City Life,High,Leh,Adventure,High,Ladakh,2.9
Historical,Low,Bodh Gaya,Religious,High,Bihar,1.41
Adventure,High,Kolkata,City Life,Medium,West Bengal,2.0
Wildlife,Medium,Marina,Beach,Low,Tamil Nadu,2.0
Adventure,High,Ranthambore,Wildlife,Low,Rajasthan,2.01
Wildlife,High,Hyderabad,City Life,Low,Telangana,2.0
Wildlife,Low,Spiti,Adventure,Low,Himachal,2.91
Historical,Medium,Marina,Beach,Low,Tamil Nadu,2.0
Hill Station,High,Puri,Beach,Low,Odisha,2.0
Religious,Low,Baga,Beach,High,Goa,1.4
Hill Station,Medium,Kanha,Wildlife,Low,MP,2.01
Beach,Medium,Hyderabad,City Life,Low,Telangana,2.0
Hill Station,High,Ahmedabad,City Life,High,Gujarat,2.91
Religious,Medium,Nalanda,Historical,Low,Bihar,2.01
Hill Station,Low,Red Fort,Historical,High,Delhi,1.4
City Life,High,Somnath,Religious,Medium,Gujarat,2.0
Wildlife,High,Zulruk,Adventure,Low,Sikkim,2.01
Adventure,Medium,Ranthambore,Wildlife,High,Rajasthan,1.4
City Life,Medium,Jaipur,Historical,High,Rajasthan,1.4
Beach,Low,Khajuraho,Historical,Low,MP,2.9
Hill Station,High,Rishikesh,Adventure,High,Uttarakhand,2.91
City Life,Low,Bodh Gaya,Religious,High,Bihar,1.4
Historical,High,Gangtok,Hill Station,Medium,Sikkim,2.01
Hill Station,Low,Bandipur,Wildlife,Low,Karnataka,2.91
Beach,High,Bodh Gaya,Religious,Medium,Bihar,2.0
Hill Station,Medium,Mumbai,City Life,High,Maharashtra,1.41
Historical,Medium,Kanha,Wildlife,Low,MP,2.0
Religious,Medium,Yadadri,Religious,Medium,Telangana,5.0
Religious,Medium,Bangalore,City Life,Low,Karnataka,2.0
Adventure,Low,Jim Corbett,Wildlife,Low,Uttarakhand,2.91
Beach,High,Varkala,Beach,Medium,Kerala,4.1
Adventure,High,Amritsar,Religious,Low,Punjab,2.0
Religious,High,Red Fort,Historical,Low,Delhi,2.01
Beach,Low,Bandipur,Wildlife,Low,Karnataka,2.91
Religious,High,Bandipur,Wildlife,High,Karnataka,2.9
Hill Station,Low,Zulruk,Adventure,Medium,Sikkim,1.41
Wildlife,High,Ahmedabad,City Life,Medium,Gujarat,2.0
Wildlife,Low,Amritsar,Religious,Low,Punjab,2.9
Wildlife,Low,Nalanda,Historical,Medium,Bihar,1.4
Religious,Medium,Dandeli,Adventure,Low,Karnataka,2.0
Adventure,Medium,Gulmarg,Hill Station,High,Kashmir,1.4
Adventure,Medium,Ranthambore,Wildlife,Low,Rajasthan,2.0
Wildlife,Low,Shillong,Hill Station,Low,Meghalaya,2.9
Wildlife,High,Varkala,Beach,High,Kerala,2.91
Religious,Low,Kaziranga,Wildlife,High,Assam,1.4
Wildlife,Low,Leh,Adventure,High,Ladakh,1.4
Adventure,Low,Baga,Beach,High,Goa,1.41
Hill Station,Medium,Alibaug,Beach,Low,Maharashtra,2.0
Religious,High,Ooty,Hill Station,Medium,Tamil Nadu,2.0
Beach,Medium,Gulmarg,Hill Station,Low,Kashmir,2.01
Beach,High,Somnath,Religious,Medium,Gujarat,2.01
City Life,Low,Rishikesh,Adventure,Low,Uttarakhand,2.9
Adventure,Low,Marina,Beach,Medium,Tamil Nadu,1.4
City Life,Medium,Jaipur,Historical,High,Rajasthan,1.4
Beach,Low,Amritsar,Religious,Medium,Punjab,1.41
Hill Station,Medium,Varanasi,Religious,Medium,UP,2.9
City Life,High,Red Fort,Historical,High,Delhi,2.91
Historical,Medium,Somnath,Religious,Low,Gujarat,2.0
Hill Station,High,Marina,Beach,Low,Tamil Nadu,2.01
City Life,High,Madurai,Religious,High,Tamil Nadu,2.91
Wildlife,High,Kaziranga,Wildlife,High,Assam,5.0
Hill Station,Medium,CP,City Life,Medium,Delhi,2.91
Historical,Medium,Gir,Wildlife,Low,Gujarat,2.0
Religious,High,Hampi,Historical,High,Karnataka,2.9
Beach,High,Kolkata,City Life,High,West Bengal,2.9
Wildlife,High,Baga,Beach,High,Goa,2.9
Wildlife,High,Leh,Adventure,Low,Ladakh,2.01
Beach,Medium,Mumbai,City Life,High,Maharashtra,1.41
Religious,Medium,Tawang,Adventure,High,Arunachal,1.41
Historical,Medium,Alibaug,Beach,Medium,Maharashtra,2.9
Religious,Medium,Mumbai,City Life,Medium,Maharashtra,2.91
Hill Station,Low,Kanha,Wildlife,Medium,MP,1.41
City Life,Medium,Jaipur,Historical,Medium,Rajasthan,2.9
Hill Station,Medium,Mumbai,City Life,High,Maharashtra,1.4
Adventure,Medium,Rishikesh,Adventure,Medium,Uttarakhand,5.0
Beach,Low,Dandeli,Adventure,High,Karnataka,1.4
Adventure,Low,Puri,Beach,Medium,Odisha,1.4
Hill Station,High,Gir,Wildlife,High,Gujarat,2.91
City Life,Low,Shillong,Hill Station,Low,Meghalaya,2.9
Beach,Low,Somnath,Religious,High,Gujarat,1.4
Religious,High,Varkala,Beach,Medium,Kerala,2.0
Hill Station,Medium,Varkala,Beach,Medium,Kerala,2.9
City Life,Medium,Manali,Hill Station,Low,Himachal,2.0
Hill Station,Low,Hyderabad,City Life,Low,Telangana,2.91
Religious,High,Ranthambore,Wildlife,Low,Rajasthan,2.01
Religious,High,Amritsar,Religious,Medium,Punjab,4.1
Adventure,Medium,Jim Corbett,Wildlife,Low,Uttarakhand,2.01
Wildlife,Medium,Hyderabad,City Life,High,Telangana,1.4
Historical,Low,Kolkata,City Life,Medium,West Bengal,1.41
Beach,Low,Yadadri,Religious,Medium,Telangana,1.4
Adventure,Medium,Tawang,Adventure,Medium,Arunachal,5.0
Hill Station,Low,Marina,Beach,High,Tamil Nadu,1.4
Beach,Medium,Bodh Gaya,Religious,Medium,Bihar,2.91
Adventure,Low,Ranthambore,Wildlife,Low,Rajasthan,2.91
Hill Station,Medium,Red Fort,Historical,High,Delhi,1.4
Religious,High,Kaziranga,Wildlife,Medium,Assam,2.01
Hill Station,Medium,Varkala,Beach,High,Kerala,1.41
Wildlife,Medium,Ajanta,Historical,Low,Maharashtra,2.0
Religious,Medium,Bodh Gaya,Religious,Medium,Bihar,5.0
Adventure,Medium,CP,City Life,Medium,Delhi,2.91
Religious,Medium,Radhanagar,Beach,Low,Andaman,2.0
Religious,Low,Nainital,Hill Station,Medium,Uttarakhand,1.4
Adventure,Low,Tawang,Adventure,High,Arunachal,3.5
Wildlife,Medium,Alibaug,Beach,Low,Maharashtra,2.01
Beach,Low,Marina,Beach,Low,Tamil Nadu,5.0
Religious,Low,Red Fort,Historical,Low,Delhi,2.91
Historical,Low,Madurai,Religious,Low,Tamil Nadu,2.91
Wildlife,High,Yadadri,Religious,Low,Telangana,2.01
Adventure,Medium,Shillong,Hill Station,Low,Meghalaya,2.0
Adventure,Low,Spiti,Adventure,Medium,Himachal,3.5
Wildlife,Medium,Red Fort,Historical,High,Delhi,1.4
City Life,High,Red Fort,Historical,High,Delhi,2.91
Adventure,Medium,Kaziranga,Wildlife,Medium,Assam,2.9
Adventure,Medium,Hampi,Historical,Medium,Karnataka,2.91
Wildlife,Low,Varkala,Beach,Medium,Kerala,1.41
Adventure,Low,Madurai,Religious,Medium,Tamil Nadu,1.41
Beach,Low,Gir,Wildlife,Medium,Gujarat,1.41
Religious,Low,Ranthambore,Wildlife,Medium,Rajasthan,1.4
City Life,Low,Ahmedabad,City Life,Low,Gujarat,5.0
City Life,High,Varkala,Beach,Medium,Kerala,2.01
Beach,Medium,Gir,Wildlife,Low,Gujarat,2.01
City Life,High,Leh,Adventure,Medium,Ladakh,2.01
Religious,Medium,Bodh Gaya,Religious,High,Bihar,3.51
Historical,Medium,Somnath,Religious,Medium,Gujarat,2.91
Hill Station,Low,Somnath,Religious,Low,Gujarat,2.9
Wildlife,High,Gir,Wildlife,Medium,Gujarat,4.1
Wildlife,Medium,Hampi,Historical,Medium,Karnataka,2.91
Wildlife,Low,Gangtok,Hill Station,Medium,Sikkim,1.41
Adventure,High,Red Fort,Historical,Low,Delhi,2.01
Religious,High,Hyderabad,City Life,High,Telangana,2.91
Historical,Low,Hyderabad,City Life,Medium,Telangana,1.4
Beach,Medium,Zulruk,Adventure,Medium,Sikkim,2.9
Adventure,Medium,Puri,Beach,High,Odisha,1.4
City Life,High,Nalanda,Historical,Low,Bihar,2.01
Wildlife,High,Red Fort,Historical,Low,Delhi,2.01
Religious,High,Marina,Beach,High,Tamil Nadu,2.9
Wildlife,Medium,Tawang,Adventure,Low,Arunachal,2.0
Historical,High,Yadadri,Religious,Medium,Telangana,2.0
Hill Station,High,Gangtok,Hill Station,Low,Sikkim,4.1
Adventure,Medium,Kaziranga,Wildlife,High,Assam,1.4
Wildlife,Medium,Gangtok,Hill Station,Low,Sikkim,2.0
Wildlife,Low,Gulmarg,Hill Station,High,Kashmir,1.4
Adventure,High,Madurai,Religious,Low,Tamil Nadu,2.01
Hill Station,Low,Amritsar,Religious,High,Punjab,1.41
City Life,High,Bangalore,City Life,Medium,Karnataka,4.1
Religious,Low,Hyderabad,City Life,High,Telangana,1.41
Adventure,High,Gulmarg,Hill Station,High,Kashmir,2.91
City Life,High,Nainital,Hill Station,High,Uttarakhand,2.9
Hill Station,Low,Kolkata,City Life,Medium,West Bengal,1.4
Beach,Medium,Ooty,Hill Station,Medium,Tamil Nadu,2.91
City Life,Low,Gir,Wildlife,High,Gujarat,1.41
City Life,High,Baga,Beach,High,Goa,2.9
Hill Station,Medium,Marina,Beach,Medium,Tamil Nadu,2.9
Wildlife,Medium,Ranthambore,Wildlife,Medium,Rajasthan,5.0
Historical,High,Dandeli,Adventure,High,Karnataka,2.91
Adventure,Medium,Bandipur,Wildlife,Medium,Karnataka,2.9
Religious,High,Hyderabad,City Life,High,Telangana,2.9
Wildlife,Low,Kaziranga,Wildlife,High,Assam,3.51
Wildlife,High,Nalanda,Historical,Medium,Bihar,2.0
City Life,Medium,Kolkata,City Life,Medium,West Bengal,5.0
Hill Station,High,Shillong,Hill Station,Medium,Meghalaya,4.1
Beach,High,Madurai,Religious,Medium,Tamil Nadu,2.0
Religious,Low,Bodh Gaya,Religious,High,Bihar,3.51
Adventure,Medium,Kaziranga,Wildlife,Medium,Assam,2.91
Adventure,Low,Hyderabad,City Life,Low,Telangana,2.9
Historical,High,Jim Corbett,Wildlife,Low,Uttarakhand,2.0
Beach,Low,Bodh Gaya,Religious,High,Bihar,1.41
Wildlife,High,Nalanda,Historical,Medium,Bihar,2.01
City Life,High,Baga,Beach,Medium,Goa,2.0
Historical,Low,Leh,Adventure,Medium,Ladakh,1.41
Historical,Medium,Mumbai,City Life,High,Maharashtra,1.4
Beach,Low,Hyderabad,City Life,Medium,Telangana,1.41
Adventure,High,Bangalore,City Life,Medium,Karnataka,2.0
Historical,High,Kolkata,City Life,Low,West Bengal,2.0
Beach,Low,Bodh Gaya,Religious,High,Bihar,1.4
Beach,Medium,Leh,Adventure,High,Ladakh,1.4
City Life,High,Ranthambore,Wildlife,Low,Rajasthan,2.01
Adventure,Medium,Baga,Beach,High,Goa,1.41
Historical,High,Varanasi,Religious,High,UP,2.9
Historical,Low,Madurai,Religious,High,Tamil Nadu,1.41
Adventure,Low,Gulmarg,Hill Station,Medium,Kashmir,1.41
City Life,Low,Varanasi,Religious,Medium,UP,1.41
City Life,Medium,Kaziranga,Wildlife,Medium,Assam,2.9
Beach,High,Alibaug,Beach,Medium,Maharashtra,4.11
Wildlife,Low,Gangtok,Hill Station,Medium,Sikkim,1.41
Beach,Medium,Leh,Adventure,High,Ladakh,1.41
Adventure,Medium,Nainital,Hill Station,Medium,Uttarakhand,2.91
Wildlife,Low,Ranthambore,Wildlife,High,Rajasthan,3.5
Religious,Medium,Rishikesh,Adventure,Low,Uttarakhand,2.0
Historical,High,Nalanda,Historical,Low,Bihar,4.11
Historical,Medium,Jim Corbett,Wildlife,High,Uttarakhand,1.41
Wildlife,High,Gulmarg,Hill Station,Low,Kashmir,2.01
City Life,High,Nalanda,Historical,High,Bihar,2.9
City Life,Medium,Dandeli,Adventure,High,Karnataka,1.4
Wildlife,Medium,Gangtok,Hill Station,Low,Sikkim,2.0
Historical,Low,Varanasi,Religious,Medium,UP,1.41
Religious,High,Hyderabad,City Life,High,Telangana,2.9
Wildlife,High,Marina,Beach,High,Tamil Nadu,2.9
Hill Station,Low,Bodh Gaya,Religious,Medium,Bihar,1.4
Adventure,Medium,Kanha,Wildlife,Low,MP,2.01
Hill Station,Medium,Ahmedabad,City Life,High,Gujarat,1.41
City Life,Low,Spiti,Adventure,Medium,Himachal,1.41
Adventure,Low,Gir,Wildlife,Low,Gujarat,2.91
Beach,Low,Spiti,Adventure,High,Himachal,1.41
Wildlife,Medium,Ahmedabad,City Life,Medium,Gujarat,2.9
Wildlife,High,Hampi,Historical,Low,Karnataka,2.01
City Life,Low,Shillong,Hill Station,High,Meghalaya,1.4
Adventure,High,Kaziranga,Wildlife,Medium,Assam,2.0
Beach,Medium,Nainital,Hill Station,Low,Uttarakhand,2.01
Wildlife,Medium,Alibaug,Beach,Medium,Maharashtra,2.91
Adventure,Medium,Spiti,Adventure,High,Himachal,3.5
Historical,Medium,Radhanagar,Beach,Low,Andaman,2.01
Beach,Low,Ajanta,Historical,Low,Maharashtra,2.91
Religious,Medium,Kaziranga,Wildlife,Low,Assam,2.01
Beach,High,Gulmarg,Hill Station,Low,Kashmir,2.01
Hill Station,Medium,Dandeli,Adventure,Medium,Karnataka,2.9
City Life,High,Madurai,Religious,High,Tamil Nadu,2.9
Hill Station,Medium,Ranthambore,Wildlife,High,Rajasthan,1.41
Beach,Medium,Yadadri,Religious,Medium,Telangana,2.91
Wildlife,Low,Zulruk,Adventure,Medium,Sikkim,1.4
Wildlife,Medium,Madurai,Religious,Low,Tamil Nadu,2.0
Adventure,Low,Rishikesh,Adventure,Low,Uttarakhand,5.0
City Life,Low,Nalanda,Historical,Low,Bihar,2.9
Hill Station,High,Jim Corbett,Wildlife,High,Uttarakhand,2.91
City Life,Medium,Ahmedabad,City Life,High,Gujarat,3.51
Religious,High,Bodh Gaya,Religious,Medium,Bihar,4.11
Hill Station,High,Shillong,Hill Station,Low,Meghalaya,4.11
Religious,High,Kanha,Wildlife,Low,MP,2.01
Hill Station,High,Jaipur,Historical,Low,Rajasthan,2.0
Wildlife,High,Yadadri,Religious,Low,Telangana,2.0
Religious,Low,Spiti,Adventure,Medium,Himachal,1.41
Adventure,Low,Kanha,Wildlife,Medium,MP,1.4
Beach,Low,Amritsar,Religious,Low,Punjab,2.91
Religious,Medium,Varanasi,Religious,High,UP,3.51
Adventure,Low,Hyderabad,City Life,Medium,Telangana,1.4
Wildlife,Low,Zulruk,Adventure,Medium,Sikkim,1.4
Hill Station,High,CP,City Life,Low,Delhi,2.0
Religious,High,Mumbai,City Life,Medium,Maharashtra,2.0
Hill Station,Low,Hyderabad,City Life,Low,Telangana,2.9
Religious,Medium,Jim Corbett,Wildlife,Low,Uttarakhand,2.0
Wildlife,Low,Somnath,Religious,Medium,Gujarat,1.4
Adventure,High,Nalanda,Historical,Low,Bihar,2.0
Wildlife,Medium,Spiti,Adventure,High,Himachal,1.4
Religious,Low,CP,City Life,High,Delhi,1.4
Wildlife,Low,Ahmedabad,City Life,Low,Gujarat,2.9
Beach,Low,Leh,Adventure,High,Ladakh,1.41
Hill Station,High,Kaziranga,Wildlife,Medium,Assam,2.0
Historical,High,Kaziranga,Wildlife,Low,Assam,2.0
Historical,Low,Bandipur,Wildlife,Low,Karnataka,2.9
Beach,Low,Ahmedabad,City Life,Low,Gujarat,2.91
Religious,Medium,Hyderabad,City Life,High,Telangana,1.41
City Life,High,Varkala,Beach,Medium,Kerala,2.0
Religious,High,Yadadri,Religious,Low,Telangana,4.11
Historical,High,Spiti,Adventure,Medium,Himachal,2.0
Beach,Low,Ajanta,Historical,Medium,Maharashtra,1.4
Religious,Low,Manali,Hill Station,Medium,Himachal,1.41
Adventure,Medium,Puri,Beach,Medium,Odisha,2.91
Hill Station,High,Leh,Adventure,High,Ladakh,2.9
City Life,High,Gir,Wildlife,High,Gujarat,2.91
Wildlife,High,Bandipur,Wildlife,Low,Karnataka,4.11
City Life,High,Red Fort,Historical,High,Delhi,2.9
Beach,Low,Bandipur,Wildlife,High,Karnataka,1.4
Adventure,Medium,Bangalore,City Life,Low,Karnataka,2.0
Hill Station,High,Bandipur,Wildlife,Low,Karnataka,2.0
Hill Station,Low,Nalanda,Historical,Low,Bihar,2.91
Wildlife,Medium,Kolkata,City Life,Low,West Bengal,2.01
Wildlife,Low,Manali,Hill Station,Medium,Himachal,1.4
Beach,High,Kaziranga,Wildlife,Medium,Assam,2.0
Hill Station,Low,Gulmarg,Hill Station,High,Kashmir,3.51
Adventure,Medium,Spiti,Adventure,High,Himachal,3.5
Adventure,Medium,Gir,Wildlife,Medium,Gujarat,2.9
Adventure,Low,Nalanda,Historical,High,Bihar,1.41
Historical,Low,Gulmarg,Hill Station,Medium,Kashmir,1.4
Wildlife,Medium,Bandipur,Wildlife,Medium,Karnataka,5.0
Beach,Low,Shillong,Hill Station,High,Meghalaya,1.41
City Life,Low,Gir,Wildlife,Low,Gujarat,2.9
City Life,Low,Tawang,Adventure,Medium,Arunachal,1.41
City Life,Low,Dandeli,Adventure,Low,Karnataka,2.91
City Life,Low,Nalanda,Historical,High,Bihar,1.4
Historical,Low,CP,City Life,High,Delhi,1.41
City Life,Low,Hampi,Historical,High,Karnataka,1.41
Adventure,Medium,Puri,Beach,Low,Odisha,2.0
Religious,Low,Red Fort,Historical,Low,Delhi,2.9
Adventure,Medium,Varkala,Beach,High,Kerala,1.41
Beach,Medium,Manali,Hill Station,Medium,Himachal,2.91
City Life,Medium,Ahmedabad,City Life,Medium,Gujarat,5.0
Adventure,Low,Mumbai,City Life,Low,Maharashtra,2.91
Hill Station,High,Mumbai,City Life,Low,Maharashtra,2.0
Wildlife,Medium,Dandeli,Adventure,High,Karnataka,1.41
Adventure,Medium,Kanha,Wildlife,Low,MP,2.0
Wildlife,Medium,Kolkata,City Life,High,West Bengal,1.4
Religious,Low,Manali,Hill Station,Medium,Himachal,1.41
Hill Station,Low,Dandeli,Adventure,High,Karnataka,1.41
Historical,Low,Khajuraho,Historical,Low,MP,5.0
Adventure,Medium,Rishikesh,Adventure,High,Uttarakhand,3.51
Hill Station,High,Ooty,Hill Station,High,Tamil Nadu,5.0
Wildlife,High,Ahmedabad,City Life,Low,Gujarat,2.0
Wildlife,High,Somnath,Religious,High,Gujarat,2.9
City Life,High,Rishikesh,Adventure,Medium,Uttarakhand,2.01
Beach,Low,Nainital,Hill Station,Medium,Uttarakhand,1.41
Historical,Low,Hyderabad,City Life,Medium,Telangana,1.4
Religious,Medium,Jaipur,Historical,Low,Rajasthan,2.01
City Life,Low,Jaipur,Historical,High,Rajasthan,1.4
Religious,Medium,Ooty,Hill Station,Medium,Tamil Nadu,2.91
Religious,Low,Marina,Beach,High,Tamil Nadu,1.41
City Life,High,Jaipur,Historical,Low,Rajasthan,2.0
Religious,Medium,Leh,Adventure,Medium,Ladakh,2.9
Adventure,Medium,Bandipur,Wildlife,High,Karnataka,1.41
Historical,Medium,Baga,Beach,High,Goa,1.41
Hill Station,Low,Dandeli,Adventure,Low,Karnataka,2.9
Wildlife,Low,Hampi,Historical,High,Karnataka,1.4
Wildlife,High,Bodh Gaya,Religious,Low,Bihar,2.0
Historical,Medium,Nalanda,Historical,Low,Bihar,4.1
Hill Station,High,Nainital,Hill Station,Medium,Uttarakhand,4.11
Historical,High,Ajanta,Historical,Low,Maharashtra,4.1
Historical,Medium,Baga,Beach,Medium,Goa,2.9
Beach,Medium,Manali,Hill Station,High,Himachal,1.41
Religious,High,Amritsar,Religious,Low,Punjab,4.11
Wildlife,Medium,Kaziranga,Wildlife,Medium,Assam,5.0
Hill Station,Low,Gangtok,Hill Station,Low,Sikkim,5.0
Religious,High,Kanha,Wildlife,Medium,MP,2.0
Adventure,Low,Ahmedabad,City Life,Medium,Gujarat,1.41
City Life,Low,Zulruk,Adventure,High,Sikkim,1.4
Hill Station,High,Yadadri,Religious,High,Telangana,2.91
Wildlife,High,Red Fort,Historical,Low,Delhi,2.0
Religious,Low,Mumbai,City Life,Low,Maharashtra,2.9
City Life,Medium,Jim Corbett,Wildlife,Medium,Uttarakhand,2.91
Beach,Low,Gir,Wildlife,Low,Gujarat,2.9
Hill Station,Low,Gir,Wildlife,Medium,Gujarat,1.41
Wildlife,Medium,Bangalore,City Life,Low,Karnataka,2.0
Adventure,High,Mumbai,City Life,Medium,Maharashtra,2.01
Religious,Low,Kolkata,City Life,Medium,West Bengal,1.4
Wildlife,Low,Kaziranga,Wildlife,Low,Assam,5.0
Religious,Medium,Bodh Gaya,Religious,High,Bihar,3.5
Beach,High,Varkala,Beach,High,Kerala,5.0
Historical,Low,Marina,Beach,Low,Tamil Nadu,2.91
Hill Station,High,Rishikesh,Adventure,Medium,Uttarakhand,2.01
City Life,High,Manali,Hill Station,High,Himachal,2.9
Historical,Medium,Amritsar,Religious,High,Punjab,1.4
Adventure,High,Mumbai,City Life,Low,Maharashtra,2.01
Religious,High,Zulruk,Adventure,Low,Sikkim,2.0
Wildlife,High,Dandeli,Adventure,High,Karnataka,2.9
Wildlife,Medium,Gangtok,Hill Station,High,Sikkim,1.41
City Life,High,Ajanta,Historical,High,Maharashtra,2.91
Religious,Low,Amritsar,Religious,Low,Punjab,5.0
Hill Station,Medium,Nainital,Hill Station,Low,Uttarakhand,4.1
Adventure,Medium,Gir,Wildlife,Medium,Gujarat,2.9
Hill Station,Low,Kolkata,City Life,Low,West Bengal,2.91
Beach,Medium,CP,City Life,High,Delhi,1.4
Hill Station,Medium,Baga,Beach,Low,Goa,2.0
City Life,Low,Ooty,Hill Station,Low,Tamil Nadu,2.9
Wildlife,Low,Amritsar,Religious,High,Punjab,1.41
City Life,High,Gir,Wildlife,Low,Gujarat,2.0
Wildlife,Medium,Red Fort,Historical,Low,Delhi,2.0
Historical,High,Manali,Hill Station,Medium,Himachal,2.0
Religious,Low,Ooty,Hill Station,Medium,Tamil Nadu,1.4
Beach,Low,Shillong,Hill Station,Low,Meghalaya,2.9
Wildlife,Medium,Puri,Beach,Medium,Odisha,2.91
Wildlife,High,Ajanta,Historical,Medium,Maharashtra,2.0
Beach,Low,Leh,Adventure,Medium,Ladakh,1.41
Historical,Low,Puri,Beach,Medium,Odisha,1.41
Wildlife,High,Marina,Beach,High,Tamil Nadu,2.91
Wildlife,High,Rishikesh,Adventure,Low,Uttarakhand,2.01
Religious,Medium,Leh,Adventure,Medium,Ladakh,2.9
Beach,High,Jim Corbett,Wildlife,Medium,Uttarakhand,2.01
Beach,Medium,Hyderabad,City Life,High,Telangana,1.4
Hill Station,Medium,Yadadri,Religious,Medium,Telangana,2.91
Hill Station,Low,Leh,Adventure,Medium,Ladakh,1.4
Religious,Low,Puri,Beach,Low,Odisha,2.91
City Life,Medium,Kanha,Wildlife,Low,MP,2.0
Hill Station,Low,Ooty,Hill Station,Low,Tamil Nadu,5.0
Wildlife,Low,Manali,Hill Station,Low,Himachal,2.91
Wildlife,Low,Varkala,Beach,High,Kerala,1.4
Hill Station,Medium,Kaziranga,Wildlife,Low,Assam,2.01
Adventure,Medium,Leh,Adventure,Medium,Ladakh,5.0
Wildlife,High,Varkala,Beach,Medium,Kerala,2.01
Wildlife,High,Amritsar,Religious,High,Punjab,2.91
Beach,Medium,Kanha,Wildlife,Low,MP,2.01
Adventure,Low,Jaipur,Historical,High,Rajasthan,1.41
Wildlife,Low,Baga,Beach,Medium,Goa,1.4
Religious,Low,Somnath,Religious,Low,Gujarat,5.0
Historical,High,Radhanagar,Beach,High,Andaman,2.9
Wildlife,High,Kolkata,City Life,High,West Bengal,2.91
Hill Station,Low,Manali,Hill Station,High,Himachal,3.5
Adventure,High,Red Fort,Historical,High,Delhi,2.9
Beach,Low,Varkala,Beach,High,Kerala,3.5
Historical,Low,Zulruk,Adventure,Medium,Sikkim,1.41
Adventure,Low,Somnath,Religious,High,Gujarat,1.41
Adventure,Low,Gangtok,Hill Station,Low,Sikkim,2.9
Wildlife,Medium,Nainital,Hill Station,Low,Uttarakhand,2.0
Wildlife,Low,Nainital,Hill Station,High,Uttarakhand,1.41
Beach,Medium,Gangtok,Hill Station,Medium,Sikkim,2.91
Wildlife,High,Shillong,Hill Station,Low,Meghalaya,2.0
Beach,Low,Varkala,Beach,High,Kerala,3.51
Historical,High,Yadadri,Religious,Low,Telangana,2.0
Hill Station,Medium,Ahmedabad,City Life,High,Gujarat,1.4
Religious,Low,Tawang,Adventure,Medium,Arunachal,1.4
City Life,High,Red Fort,Historical,Medium,Delhi,2.0
Wildlife,Medium,Kanha,Wildlife,Medium,MP,5.0
Historical,High,Spiti,Adventure,High,Himachal,2.9
Beach,Medium,Hampi,Historical,Low,Karnataka,2.01
Historical,Medium,Alibaug,Beach,High,Maharashtra,1.41
Historical,High,Bodh Gaya,Religious,High,Bihar,2.91
Religious,Medium,Madurai,Religious,High,Tamil Nadu,3.5
Beach,Low,Red Fort,Historical,High,Delhi,1.41
Adventure,Low,Alibaug,Beach,Medium,Maharashtra,1.4
Religious,Medium,CP,City Life,Low,Delhi,2.01
City Life,Medium,Nainital,Hill Station,High,Uttarakhand,1.4
Historical,High,Khajuraho,Historical,Low,MP,4.11
Hill Station,High,Yadadri,Religious,Medium,Telangana,2.01
Religious,High,Jaipur,Historical,High,Rajasthan,2.91
Historical,Medium,Amritsar,Religious,Medium,Punjab,2.91
Religious,Low,Leh,Adventure,Medium,Ladakh,1.41
Religious,Medium,Varanasi,Religious,Low,UP,4.1
Wildlife,Medium,Gangtok,Hill Station,High,Sikkim,1.4
Hill Station,High,Varkala,Beach,High,Kerala,2.9
Hill Station,Low,Kanha,Wildlife,Low,MP,2.91
Hill Station,High,Amritsar,Religious,High,Punjab,2.91
Wildlife,High,Spiti,Adventure,Low,Himachal,2.01
Adventure,Medium,Manali,Hill Station,Low,Himachal,2.0
Wildlife,High,CP,City Life,Medium,Delhi,2.01
Hill Station,Low,Puri,Beach,High,Odisha,1.41
Religious,Low,Radhanagar,Beach,High,Andaman,1.41
Religious,Low,Varanasi,Religious,Low,UP,5.0
Historical,Medium,Somnath,Religious,Low,Gujarat,2.01
Adventure,High,Ooty,Hill Station,High,Tamil Nadu,2.9
Adventure,High,Jim Corbett,Wildlife,Medium,Uttarakhand,2.01
Beach,High,Amritsar,Religious,Medium,Punjab,2.01
City Life,High,Khajuraho,Historical,Medium,MP,2.0
Adventure,High,Varanasi,Religious,High,UP,2.91
Adventure,Medium,Kanha,Wildlife,Medium,MP,2.91
Hill Station,Low,Radhanagar,Beach,High,Andaman,1.41
Hill Station,Medium,Amritsar,Religious,High,Punjab,1.4
Hill Station,High,Jim Corbett,Wildlife,High,Uttarakhand,2.91
Adventure,Medium,Kaziranga,Wildlife,Low,Assam,2.0
Historical,Medium,Ranthambore,Wildlife,Medium,Rajasthan,2.91
Wildlife,Medium,Shillong,Hill Station,Medium,Meghalaya,2.9
Wildlife,Low,Marina,Beach,Medium,Tamil Nadu,1.4
Hill Station,High,Leh,Adventure,Low,Ladakh,2.0
Beach,Low,Bandipur,Wildlife,High,Karnataka,1.4
City Life,High,Rishikesh,Adventure,Low,Uttarakhand,2.01
Adventure,Medium,Baga,Beach,Medium,Goa,2.9
Adventure,High,Varanasi,Religious,Medium,UP,2.0
Hill Station,High,Hyderabad,City Life,Medium,Telangana,2.01
Hill Station,High,Kanha,Wildlife,Low,MP,2.01
City Life,High,Red Fort,Historical,High,Delhi,2.91
Hill Station,Medium,Ooty,Hill Station,High,Tamil Nadu,3.51
Religious,Medium,Spiti,Adventure,High,Himachal,1.41
Religious,Low,Yadadri,Religious,Medium,Telangana,3.5
Hill Station,Low,Nainital,Hill Station,High,Uttarakhand,3.51
Religious,Medium,Varanasi,Religious,Medium,UP,5.0
Wildlife,Medium,Kolkata,City Life,Low,West Bengal,2.01
Historical,Low,Bodh Gaya,Religious,Medium,Bihar,1.4
Hill Station,Medium,Rishikesh,Adventure,Medium,Uttarakhand,2.91
Adventure,High,Somnath,Religious,Medium,Gujarat,2.01
Beach,Medium,Jaipur,Historical,Low,Rajasthan,2.0
Religious,Medium,Kanha,Wildlife,Medium,MP,2.9
Adventure,High,Kolkata,City Life,High,West Bengal,2.9
Historical,Medium,Gir,Wildlife,Low,Gujarat,2.01
Hill Station,Medium,Somnath,Religious,High,Gujarat,1.4
Beach,Medium,Yadadri,Religious,Low,Telangana,2.0
Historical,Medium,Varkala,Beach,Medium,Kerala,2.91
Beach,Medium,Khajuraho,Historical,High,MP,1.4
Adventure,Medium,Bangalore,City Life,High,Karnataka,1.41
Hill Station,High,Zulruk,Adventure,High,Sikkim,2.9
Beach,High,Spiti,Adventure,Medium,Himachal,2.01
Wildlife,High,Spiti,Adventure,High,Himachal,2.91
Adventure,Medium,Baga,Beach,Low,Goa,2.0
Beach,High,Khajuraho,Historical,Low,MP,2.0
Beach,High,Varanasi,Religious,Low,UP,2.01
Hill Station,High,Nalanda,Historical,Medium,Bihar,2.01
Historical,High,Somnath,Religious,Medium,Gujarat,2.01
Adventure,Medium,Jaipur,Historical,High,Rajasthan,1.41
Beach,Low,Rishikesh,Adventure,High,Uttarakhand,1.4
Hill Station,Low,Somnath,Religious,Low,Gujarat,2.9
Historical,Low,Spiti,Adventure,Low,Himachal,2.91
Beach,Low,Marina,Beach,High,Tamil Nadu,3.51
City Life,Low,Spiti,Adventure,Low,Himachal,2.9
Beach,Low,Leh,Adventure,High,Ladakh,1.41
Hill Station,Low,Rishikesh,Adventure,Medium,Uttarakhand,1.4
Historical,Medium,Gangtok,Hill Station,Medium,Sikkim,2.91
Beach,High,Madurai,Religious,High,Tamil Nadu,2.9
City Life,Medium,Dandeli,Adventure,Medium,Karnataka,2.91
Religious,Medium,Shillong,Hill Station,High,Meghalaya,1.4
Adventure,High,Radhanagar,Beach,High,Andaman,2.9
Wildlife,High,Spiti,Adventure,High,Himachal,2.91
Wildlife,Medium,Amritsar,Religious,High,Punjab,1.4
Hill Station,High,Gir,Wildlife,High,Gujarat,2.9
Wildlife,High,Varanasi,Religious,High,UP,2.91
Wildlife,Low,Gulmarg,Hill Station,Low,Kashmir,2.9
City Life,Medium,Jaipur,Historical,Low,Rajasthan,2.01
Historical,Low,Mumbai,City Life,High,Maharashtra,1.41
Adventure,High,Kanha,Wildlife,High,MP,2.91
Beach,Medium,Puri,Beach,Medium,Odisha,5.0
City Life,Medium,Khajuraho,Historical,Low,MP,2.01
Historical,Low,Nainital,Hill Station,High,Uttarakhand,1.4
City Life,Medium,Leh,Adventure,Low,Ladakh,2.01
Adventure,High,Bandipur,Wildlife,Medium,Karnataka,2.01
Religious,Medium,Marina,Beach,Low,Tamil Nadu,2.01
Historical,Medium,Varanasi,Religious,High,UP,1.41
City Life,High,Dandeli,Adventure,Medium,Karnataka,2.0
Wildlife,Medium,Bodh Gaya,Religious,High,Bihar,1.4
Religious,High,Kaziranga,Wildlife,Low,Assam,2.01
Beach,Medium,Alibaug,Beach,Medium,Maharashtra,5.0
Beach,High,Ajanta,Historical,High,Maharashtra,2.91
Historical,Medium,Jim Corbett,Wildlife,Low,Uttarakhand,2.01
Adventure,Low,Yadadri,Religious,High,Telangana,1.4
Adventure,Medium,Nainital,Hill Station,Low,Uttarakhand,2.0
Adventure,Low,Nainital,Hill Station,Medium,Uttarakhand,1.41
Religious,Low,Ajanta,Historical,Low,Maharashtra,2.91
Beach,High,Alibaug,Beach,Medium,Maharashtra,4.11
Beach,Low,Bangalore,City Life,High,Karnataka,1.4
City Life,Medium,Nainital,Hill Station,Medium,Uttarakhand,2.91
Religious,Medium,Amritsar,Religious,Low,Punjab,4.11
City Life,High,Somnath,Religious,Low,Gujarat,2.01
Adventure,Medium,Shillong,Hill Station,Low,Meghalaya,2.0
Religious,Low,Baga,Beach,Low,Goa,2.9
Wildlife,Medium,Gulmarg,Hill Station,Medium,Kashmir,2.9
Adventure,Medium,Ajanta,Historical,Low,Maharashtra,2.0
Historical,Medium,Spiti,Adventure,Medium,Himachal,2.91
Historical,Medium,Gir,Wildlife,Low,Gujarat,2.0
City Life,High,Nalanda,Historical,High,Bihar,2.9
Religious,High,Nainital,Hill Station,High,Uttarakhand,2.9
Adventure,Medium,Alibaug,Beach,Low,Maharashtra,2.0
Wildlife,Medium,Red Fort,Historical,Medium,Delhi,2.91
Adventure,High,Spiti,Adventure,High,Himachal,5.0
Religious,High,Somnath,Religious,Low,Gujarat,4.11
Adventure,Low,Ooty,Hill Station,High,Tamil Nadu,1.41
Adventure,Medium,Jim Corbett,Wildlife,Medium,Uttarakhand,2.9
Wildlife,Low,Bangalore,City Life,Low,Karnataka,2.91
Hill Station,Low,Gangtok,Hill Station,High,Sikkim,3.5
Historical,Low,Jaipur,Historical,High,Rajasthan,3.51
Religious,High,Red Fort,Historical,High,Delhi,2.9
Adventure,High,Leh,Adventure,High,Ladakh,5.0
Wildlife,High,Bodh Gaya,Religious,Low,Bihar,2.01
Religious,Low,Bandipur,Wildlife,High,Karnataka,1.41
Historical,Low,Alibaug,Beach,High,Maharashtra,1.41
Beach,High,CP,City Life,Low,Delhi,2.0
Religious,Medium,Ajanta,Historical,High,Maharashtra,1.41
Beach,Medium,Nainital,Hill Station,Medium,Uttarakhand,2.91
Hill Station,High,Zulruk,Adventure,Low,Sikkim,2.01
City Life,Low,Zulruk,Adventure,Low,Sikkim,2.91
City Life,Low,Nainital,Hill Station,Medium,Uttarakhand,1.4
Hill Station,Medium,Red Fort,Historical,Low,Delhi,2.0
Adventure,Medium,Bangalore,City Life,Medium,Karnataka,2.91
Wildlife,High,Nainital,Hill Station,Low,Uttarakhand,2.01
Wildlife,Medium,Nainital,Hill Station,High,Uttarakhand,1.4
Wildlife,High,Alibaug,Beach,Medium,Maharashtra,2.0
Beach,Medium,Jaipur,Historical,Medium,Rajasthan,2.9
Religious,High,Nalanda,Historical,Medium,Bihar,2.0
Adventure,Medium,Ahmedabad,City Life,Medium,Gujarat,2.9
Religious,High,Tawang,Adventure,Low,Arunachal,2.0
Hill Station,Medium,Kaziranga,Wildlife,High,Assam,1.4
City Life,Medium,Baga,Beach,High,Goa,1.4
Hill Station,High,Madurai,Religious,Low,Tamil Nadu,2.01
Beach,High,Kanha,Wildlife,High,MP,2.9
Religious,Medium,Madurai,Religious,High,Tamil Nadu,3.5
Adventure,High,Ooty,Hill Station,High,Tamil Nadu,2.9
Beach,Medium,Dandeli,Adventure,Medium,Karnataka,2.91
City Life,Medium,Puri,Beach,High,Odisha,1.41
Hill Station,Low,Nalanda,Historical,Medium,Bihar,1.41
Religious,High,Ooty,Hill Station,High,Tamil Nadu,2.91
Historical,Low,Varanasi,Religious,Medium,UP,1.4
Adventure,Low,Gulmarg,Hill Station,Medium,Kashmir,1.41
Beach,Medium,Baga,Beach,Medium,Goa,5.0
Wildlife,Low,Bandipur,Wildlife,High,Karnataka,3.5
Hill Station,Low,Madurai,Religious,Low,Tamil Nadu,2.91
Adventure,High,Hampi,Historical,Low,Karnataka,2.0
Beach,Low,Jim Corbett,Wildlife,Medium,Uttarakhand,1.41
Historical,High,Puri,Beach,High,Odisha,2.91
Adventure,High,Marina,Beach,High,Tamil Nadu,2.91
Beach,Low,Dandeli,Adventure,Low,Karnataka,2.91
Beach,High,Khajuraho,Historical,Medium,MP,2.0
Religious,Low,Puri,Beach,Medium,Odisha,1.4
Beach,Low,Puri,Beach,Low,Odisha,5.0
Adventure,High,Ahmedabad,City Life,Medium,Gujarat,2.0
Beach,Low,Yadadri,Religious,High,Telangana,1.4
City Life,Low,Ajanta,Historical,High,Maharashtra,1.41
Hill Station,Low,Nalanda,Historical,Medium,Bihar,1.41
Historical,Low,Gulmarg,Hill Station,Medium,Kashmir,1.41
Religious,High,Red Fort,Historical,Low,Delhi,2.0
Wildlife,Low,Dandeli,Adventure,High,Karnataka,1.4
Historical,High,Bangalore,City Life,Medium,Karnataka,2.01
Hill Station,Low,Amritsar,Religious,Medium,Punjab,1.41
Hill Station,Medium,Yadadri,Religious,High,Telangana,1.4
City Life,High,Mumbai,City Life,High,Maharashtra,5.0
Historical,Medium,Amritsar,Religious,High,Punjab,1.41
Historical,High,Ahmedabad,City Life,Medium,Gujarat,2.01
City Life,Low,Gir,Wildlife,Low,Gujarat,2.9
City Life,Medium,Spiti,Adventure,Low,Himachal,2.01
Hill Station,Low,Madurai,Religious,Medium,Tamil Nadu,1.4
Adventure,High,Alibaug,Beach,Low,Maharashtra,2.01
City Life,High,Hyderabad,City Life,Medium,Telangana,4.11
City Life,Medium,Radhanagar,Beach,High,Andaman,1.4
Beach,Medium,Jim Corbett,Wildlife,High,Uttarakhand,1.4
Wildlife,High,Varanasi,Religious,Low,UP,2.0
Hill Station,High,Mumbai,City Life,Low,Maharashtra,2.01
Religious,Low,Leh,Adventure,Low,Ladakh,2.91
Religious,Medium,Ooty,Hill Station,High,Tamil Nadu,1.4
Wildlife,Medium,Hampi,Historical,Low,Karnataka,2.0
Hill Station,Low,Yadadri,Religious,Medium,Telangana,1.41
Hill Station,Low,Baga,Beach,Low,Goa,2.9
Religious,High,Kaziranga,Wildlife,Low,Assam,2.01
City Life,Medium,Gangtok,Hill Station,Medium,Sikkim,2.9
City Life,Medium,Varanasi,Religious,High,UP,1.41
Historical,High,Marina,Beach,Medium,Tamil Nadu,2.01
Adventure,High,Puri,Beach,Low,Odisha,2.0
Wildlife,Medium,Ajanta,Historical,High,Maharashtra,1.41
Hill Station,High,Somnath,Religious,Medium,Gujarat,2.01
Wildlife,High,Puri,Beach,Medium,Odisha,2.0
Hill Station,High,Bodh Gaya,Religious,Medium,Bihar,2.01
Religious,High,Radhanagar,Beach,Low,Andaman,2.01
Religious,Medium,Tawang,Adventure,Low,Arunachal,2.01
Historical,Low,Bandipur,Wildlife,Low,Karnataka,2.91
Wildlife,High,Manali,Hill Station,Medium,Himachal,2.0
City Life,Medium,Kaziranga,Wildlife,Low,Assam,2.01
Wildlife,Medium,Tawang,Adventure,Low,Arunachal,2.01
Hill Station,High,Somnath,Religious,Medium,Gujarat,2.01
City Life,High,Ahmedabad,City Life,High,Gujarat,5.0
Religious,High,Spiti,Adventure,High,Himachal,2.9
Beach,Low,Nalanda,Historical,Medium,Bihar,1.4
Wildlife,Low,Varanasi,Religious,Medium,UP,1.41
Historical,Low,Gangtok,Hill Station,High,Sikkim,1.4
Hill Station,Medium,Kaziranga,Wildlife,Low,Assam,2.01
Wildlife,High,Manali,Hill Station,High,Himachal,2.9
Historical,Medium,Hampi,Historical,High,Karnataka,3.5
Adventure,Low,Gir,Wildlife,High,Gujarat,1.4
Beach,Low,Baga,Beach,High,Goa,3.5
Wildlife,Medium,Kaziranga,Wildlife,High,Assam,3.51
City Life,Low,Gulmarg,Hill Station,Low,Kashmir,2.9
Historical,High,Ooty,Hill Station,Medium,Tamil Nadu,2.0
Historical,Low,Jaipur,Historical,Low,Rajasthan,5.0
Historical,Medium,Ahmedabad,City Life,High,Gujarat,1.4
Adventure,Medium,Jim Corbett,Wildlife,Medium,Uttarakhand,2.91
Religious,Low,Kaziranga,Wildlife,Medium,Assam,1.4
Adventure,Low,Kaziranga,Wildlife,Low,Assam,2.91
Historical,Medium,Bangalore,City Life,Low,Karnataka,2.0
Wildlife,Medium,Bodh Gaya,Religious,Medium,Bihar,2.9
Beach,Low,CP,City Life,Medium,Delhi,1.41
City Life,Low,Alibaug,Beach,Low,Maharashtra,2.9
Hill Station,Low,Red Fort,Historical,Medium,Delhi,1.4
City Life,Medium,Ooty,Hill Station,Low,Tamil Nadu,2.01
City Life,Low,Leh,Adventure,High,Ladakh,1.4
Religious,Medium,Bodh Gaya,Religious,Medium,Bihar,5.0
Adventure,High,Jim Corbett,Wildlife,Low,Uttarakhand,2.0
Wildlife,Medium,Zulruk,Adventure,Medium,Sikkim,2.91
Wildlife,Low,Tawang,Adventure,Medium,Arunachal,1.41
Religious,Medium,Ajanta,Historical,Medium,Maharashtra,2.9
Adventure,Low,Ooty,Hill Station,Low,Tamil Nadu,2.91
City Life,Low,Kanha,Wildlife,Medium,MP,1.41
Hill Station,Low,Madurai,Religious,High,Tamil Nadu,1.4
Historical,High,Jim Corbett,Wildlife,High,Uttarakhand,2.9
Religious,High,Zulruk,Adventure,Medium,Sikkim,2.01
Wildlife,Low,Varkala,Beach,Medium,Kerala,1.4
City Life,High,Yadadri,Religious,Low,Telangana,2.0
Religious,High,Ranthambore,Wildlife,Low,Rajasthan,2.01
Religious,High,Marina,Beach,Medium,Tamil Nadu,2.0
Religious,High,Kanha,Wildlife,Medium,MP,2.01
Religious,Medium,Amritsar,Religious,Low,Punjab,4.11
Wildlife,High,CP,City Life,Low,Delhi,2.01
Historical,High,Kanha,Wildlife,Medium,MP,2.0
Historical,Low,Shillong,Hill Station,Medium,Meghalaya,1.41
Adventure,Medium,Ahmedabad,City Life,Medium,Gujarat,2.91
Adventure,Medium,Alibaug,Beach,High,Maharashtra,1.4
Hill Station,Low,Bodh Gaya,Religious,Low,Bihar,2.91
Wildlife,High,Ahmedabad,City Life,Medium,Gujarat,2.0
City Life,Low,Gulmarg,Hill Station,Medium,Kashmir,1.4
Adventure,High,Kolkata,City Life,Medium,West Bengal,2.0
Religious,Medium,Ranthambore,Wildlife,Low,Rajasthan,2.0
Beach,Low,Jim Corbett,Wildlife,High,Uttarakhand,1.41
Historical,Low,Alibaug,Beach,High,Maharashtra,1.41
Adventure,High,Radhanagar,Beach,Low,Andaman,2.0
Religious,Medium,Leh,Adventure,High,Ladakh,1.4
City Life,Low,Hampi,Historical,Medium,Karnataka,1.41
Hill Station,Medium,Spiti,Adventure,Medium,Himachal,2.9
Adventure,Medium,Amritsar,Religious,Medium,Punjab,2.9
Beach,Low,Kanha,Wildlife,Medium,MP,1.4
Religious,Medium,Jim Corbett,Wildlife,Medium,Uttarakhand,2.91
Wildlife,Low,Gangtok,Hill Station,Medium,Sikkim,1.41
City Life,Low,Bangalore,City Life,High,Karnataka,3.51
Religious,Medium,Jim Corbett,Wildlife,Medium,Uttarakhand,2.9
Adventure,Medium,CP,City Life,Low,Delhi,2.0
Historical,High,Hampi,Historical,High,Karnataka,5.0
Hill Station,Low,Yadadri,Religious,Low,Telangana,2.91
Wildlife,Medium,Amritsar,Religious,High,Punjab,1.41
Religious,Low,Ahmedabad,City Life,Medium,Gujarat,1.41
Wildlife,Low,Alibaug,Beach,Low,Maharashtra,2.9
Historical,Medium,Amritsar,Religious,Low,Punjab,2.01
Hill Station,High,Kolkata,City Life,Medium,West Bengal,2.01
Wildlife,Medium,Jaipur,Historical,High,Rajasthan,1.4
Historical,Low,Kanha,Wildlife,Medium,MP,1.4
Adventure,High,Tawang,Adventure,Low,Arunachal,4.11
Religious,High,Kanha,Wildlife,Low,MP,2.0
Religious,Medium,Baga,Beach,Low,Goa,2.01
Adventure,High,Ahmedabad,City Life,High,Gujarat,2.91
Beach,High,Madurai,Religious,Low,Tamil Nadu,2.01
Wildlife,Medium,CP,City Life,High,Delhi,1.41
Beach,Medium,Nalanda,Historical,Low,Bihar,2.0
Historical,Low,Bandipur,Wildlife,High,Karnataka,1.4
Hill Station,High,Gir,Wildlife,High,Gujarat,2.91
Historical,High,Nainital,Hill Station,Medium,Uttarakhand,2.0
Beach,High,Kaziranga,Wildlife,Medium,Assam,2.01
City Life,Low,Tawang,Adventure,Medium,Arunachal,1.41
City Life,Medium,Dandeli,Adventure,Medium,Karnataka,2.9
Wildlife,Medium,Ahmedabad,City Life,Low,Gujarat,2.01
City Life,Low,Dandeli,Adventure,Medium,Karnataka,1.41
Beach,Low,Alibaug,Beach,Medium,Maharashtra,3.5
Religious,High,Ahmedabad,City Life,High,Gujarat,2.91
Beach,High,Ahmedabad,City Life,Low,Gujarat,2.0
Hill Station,High,Red Fort,Historical,Low,Delhi,2.01
Historical,Low,Bodh Gaya,Religious,Low,Bihar,2.9
Hill Station,Low,Ahmedabad,City Life,High,Gujarat,1.41
Religious,High,Kolkata,City Life,Low,West Bengal,2.01
Historical,Medium,Bodh Gaya,Religious,Low,Bihar,2.0
City Life,Low,Nalanda,Historical,Low,Bihar,2.91
Historical,Low,Ahmedabad,City Life,Medium,Gujarat,1.41
Wildlife,High,CP,City Life,High,Delhi,2.9
Wildlife,Low,Tawang,Adventure,Low,Arunachal,2.9
Wildlife,Low,Manali,Hill Station,Medium,Himachal,1.4
Religious,Low,Gangtok,Hill Station,Medium,Sikkim,1.41
Historical,Medium,Puri,Beach,Low,Odisha,2.01
Wildlife,High,Hampi,Historical,Medium,Karnataka,2.0
Beach,Low,Gulmarg,Hill Station,Medium,Kashmir,1.41
Religious,High,Nalanda,Historical,High,Bihar,2.9
City Life,Low,Puri,Beach,High,Odisha,1.4
Religious,Medium,Varkala,Beach,Low,Kerala,2.0
Beach,Medium,Puri,Beach,High,Odisha,3.51
Hill Station,High,Baga,Beach,Low,Goa,2.0
Hill Station,Low,Nalanda,Historical,Low,Bihar,2.91
Historical,Low,Hyderabad,City Life,Medium,Telangana,1.4
Religious,Medium,Shillong,Hill Station,Medium,Meghalaya,2.9
City Life,Low,Tawang,Adventure,Low,Arunachal,2.9
Beach,Low,Jaipur,Historical,Medium,Rajasthan,1.4
Beach,Low,Marina,Beach,Medium,Tamil Nadu,3.5
Historical,Medium,Yadadri,Religious,Low,Telangana,2.01
Historical,Medium,Mumbai,City Life,High,Maharashtra,1.4
Historical,Medium,Dandeli,Adventure,Medium,Karnataka,2.91
Religious,Medium,Somnath,Religious,Low,Gujarat,4.1
Wildlife,Medium,Spiti,Adventure,High,Himachal,1.41
Religious,Medium,Varkala,Beach,Low,Kerala,2.01
City Life,High,Radhanagar,Beach,Medium,Andaman,2.01
Historical,Medium,Kaziranga,Wildlife,High,Assam,1.41
Wildlife,High,Puri,Beach,Medium,Odisha,2.01
Religious,High,Ranthambore,Wildlife,Medium,Rajasthan,2.0
Hill Station,Medium,Manali,Hill Station,Medium,Himachal,5.0
Beach,Low,Ahmedabad,City Life,Low,Gujarat,2.91
Religious,Low,Ooty,Hill Station,Medium,Tamil Nadu,1.4
Beach,Medium,Baga,Beach,Low,Goa,4.11
City Life,Low,Bandipur,Wildlife,Medium,Karnataka,1.41
Hill Station,High,Baga,Beach,High,Goa,2.91
City Life,Low,Hyderabad,City Life,Low,Telangana,5.0
City Life,High,Zulruk,Adventure,Low,Sikkim,2.01
Wildlife,High,Hampi,Historical,High,Karnataka,2.9
Wildlife,High,Amritsar,Religious,Low,Punjab,2.01
Wildlife,Low,Jim Corbett,Wildlife,Low,Uttarakhand,5.0
Religious,Medium,Ooty,Hill Station,Low,Tamil Nadu,2.0
City Life,Low,Zulruk,Adventure,High,Sikkim,1.4
Adventure,Medium,Ranthambore,Wildlife,Low,Rajasthan,2.0
Beach,Medium,Bangalore,City Life,Medium,Karnataka,2.91
Historical,High,Madurai,Religious,High,Tamil Nadu,2.91
Historical,High,Dandeli,Adventure,High,Karnataka,2.91
Beach,Medium,Ahmedabad,City Life,High,Gujarat,1.4
Wildlife,Low,Gir,Wildlife,Medium,Gujarat,3.51
Hill Station,High,Alibaug,Beach,Medium,Maharashtra,2.0
Beach,Low,Somnath,Religious,Medium,Gujarat,1.41
Adventure,High,Marina,Beach,Low,Tamil Nadu,2.0
Wildlife,Medium,Khajuraho,Historical,Medium,MP,2.9
Religious,High,Tawang,Adventure,High,Arunachal,2.91
Historical,High,Leh,Adventure,High,Ladakh,2.91
Religious,Medium,Bandipur,Wildlife,High,Karnataka,1.4
Historical,High,Bandipur,Wildlife,High,Karnataka,2.9
Beach,Medium,Spiti,Adventure,Low,Himachal,2.01
Religious,Medium,Leh,Adventure,Low,Ladakh,2.0
Historical,Medium,Marina,Beach,High,Tamil Nadu,1.41
Wildlife,High,Mumbai,City Life,Medium,Maharashtra,2.01
Hill Station,Medium,Madurai,Religious,High,Tamil Nadu,1.41
City Life,Low,Yadadri,Religious,Medium,Telangana,1.41
Beach,Medium,Dandeli,Adventure,High,Karnataka,1.4
Wildlife,High,Kaziranga,Wildlife,High,Assam,5.0
Religious,Low,Madurai,Religious,High,Tamil Nadu,3.51
Adventure,High,Kaziranga,Wildlife,Low,Assam,2.0
Beach,High,Kolkata,City Life,Low,West Bengal,2.0
Historical,High,Radhanagar,Beach,Medium,Andaman,2.01
Historical,Medium,Gir,Wildlife,Low,Gujarat,2.01
Beach,High,Alibaug,Beach,Medium,Maharashtra,4.11
Wildlife,Medium,Radhanagar,Beach,Low,Andaman,2.01
Beach,Medium,Marina,Beach,Medium,Tamil Nadu,5.0
Religious,Low,Ooty,Hill Station,Medium,Tamil Nadu,1.41
Beach,Low,Rishikesh,Adventure,High,Uttarakhand,1.41
Beach,High,Somnath,Religious,Low,Gujarat,2.01
Hill Station,High,Madurai,Religious,Medium,Tamil Nadu,2.01
Wildlife,Medium,Bangalore,City Life,Low,Karnataka,2.0
Adventure,Medium,Somnath,Religious,High,Gujarat,1.41
City Life,Medium,Yadadri,Religious,Medium,Telangana,2.91
Adventure,Medium,Shillong,Hill Station,Low,Meghalaya,2.0
Wildlife,Medium,CP,City Life,Low,Delhi,2.0
Adventure,High,Mumbai,City Life,Low,Maharashtra,2.0
Beach,Medium,Ahmedabad,City Life,High,Gujarat,1.4
City Life,Medium,Varkala,Beach,High,Kerala,1.4
Beach,High,Varkala,Beach,Low,Kerala,4.11
Beach,Low,Hyderabad,City Life,High,Telangana,1.4
Adventure,Low,Rishikesh,Adventure,Medium,Uttarakhand,3.5
Wildlife,High,Varkala,Beach,Low,Kerala,2.0
Wildlife,Medium,Somnath,Religious,High,Gujarat,1.41
Historical,Medium,Varanasi,Religious,Low,UP,2.0
Religious,Low,Spiti,Adventure,High,Himachal,1.41
City Life,Low,Ooty,Hill Station,Low,Tamil Nadu,2.91
Adventure,Medium,Gangtok,Hill Station,High,Sikkim,1.4
Beach,Medium,Nalanda,Historical,Medium,Bihar,2.91
Wildlife,Low,Ajanta,Historical,High,Maharashtra,1.4
Hill Station,High,Zulruk,Adventure,Low,Sikkim,2.0
Hill Station,Low,Gangtok,Hill Station,Low,Sikkim,5.0
Beach,Medium,Jim Corbett,Wildlife,Low,Uttarakhand,2.01
Beach,Low,Alibaug,Beach,Low,Maharashtra,5.0
City Life,Medium,Varkala,Beach,Medium,Kerala,2.9
Historical,Medium,Spiti,Adventure,High,Himachal,1.41
Wildlife,High,Ooty,Hill Station,Medium,Tamil Nadu,2.0
Hill Station,Medium,Baga,Beach,High,Goa,1.4
Religious,Low,Marina,Beach,Medium,Tamil Nadu,1.4
City Life,High,Ooty,Hill Station,Medium,Tamil Nadu,2.0
Beach,Low,Rishikesh,Adventure,High,Uttarakhand,1.41
Historical,Low,Puri,Beach,Low,Odisha,2.9
Wildlife,Medium,Radhanagar,Beach,High,Andaman,1.41
Adventure,Low,Kolkata,City Life,High,West Bengal,1.41
Historical,Low,Bandipur,Wildlife,Medium,Karnataka,1.41
Historical,Medium,Kolkata,City Life,Low,West Bengal,2.0
City Life,High,Varanasi,Religious,Low,UP,2.0
City Life,Low,Red Fort,Historical,Medium,Delhi,1.41
Beach,High,Tawang,Adventure,Low,Arunachal,2.01
Historical,Low,Jaipur,Historical,Low,Rajasthan,5.0
City Life,High,Leh,Adventure,Medium,Ladakh,2.0
Adventure,High,Kanha,Wildlife,Medium,MP,2.01
Hill Station,Medium,Gir,Wildlife,Medium,Gujarat,2.9
Beach,Low,Bangalore,City Life,Low,Karnataka,2.91
Beach,Medium,Mumbai,City Life,Low,Maharashtra,2.01
Hill Station,Low,Puri,Beach,Medium,Odisha,1.41
Historical,Low,CP,City Life,High,Delhi,1.41
Historical,High,Nalanda,Historical,Low,Bihar,4.11
City Life,Medium,Yadadri,Religious,Medium,Telangana,2.91
City Life,Medium,Yadadri,Religious,Low,Telangana,2.0
Hill Station,High,Ajanta,Historical,Medium,Maharashtra,2.0
City Life,High,Marina,Beach,Low,Tamil Nadu,2.01
Religious,Medium,Kaziranga,Wildlife,Medium,Assam,2.91
City Life,Low,Ajanta,Historical,High,Maharashtra,1.41
Historical,Low,Mumbai,City Life,High,Maharashtra,1.4
Wildlife,Medium,Jaipur,Historical,Low,Rajasthan,2.0
Hill Station,High,Ooty,Hill Station,Medium,Tamil Nadu,4.1
Religious,High,CP,City Life,High,Delhi,2.91
Wildlife,High,Mumbai,City Life,Medium,Maharashtra,2.01
City Life,Low,Spiti,Adventure,Medium,Himachal,1.41
Religious,Low,Zulruk,Adventure,High,Sikkim,1.4
Religious,High,Bandipur,Wildlife,Low,Karnataka,2.01
City Life,Medium,Varkala,Beach,Low,Kerala,2.01
Religious,Medium,Yadadri,Religious,Medium,Telangana,5.0
Adventure,High,Radhanagar,Beach,Medium,Andaman,2.01
City Life,Low,Khajuraho,Historical,Low,MP,2.9
Beach,Low,Amritsar,Religious,Medium,Punjab,1.41
Hill Station,Low,Zulruk,Adventure,Medium,Sikkim,1.4
City Life,Medium,Bangalore,City Life,Low,Karnataka,4.1
Hill Station,Medium,Jim Corbett,Wildlife,Low,Uttarakhand,2.0
Religious,Low,Gulmarg,Hill Station,High,Kashmir,1.4
Beach,Medium,Rishikesh,Adventure,Low,Uttarakhand,2.01
Beach,Medium,Madurai,Religious,High,Tamil Nadu,1.4
Hill Station,High,Jim Corbett,Wildlife,Low,Uttarakhand,2.01
Historical,Low,Amritsar,Religious,Medium,Punjab,1.4
City Life,Medium,Puri,Beach,Medium,Odisha,2.9
City Life,High,Ahmedabad,City Life,Low,Gujarat,4.11
Religious,Low,Jaipur,Historical,High,Rajasthan,1.41
City Life,Medium,Kanha,Wildlife,Medium,MP,2.9
Historical,High,Ahmedabad,City Life,Medium,Gujarat,2.0
City Life,Medium,Bodh Gaya,Religious,High,Bihar,1.41
Hill Station,Low,Puri,Beach,High,Odisha,1.4
Religious,Medium,Tawang,Adventure,Medium,Arunachal,2.9
Historical,Low,Shillong,Hill Station,Medium,Meghalaya,1.4
Wildlife,Medium,Kolkata,City Life,Medium,West Bengal,2.9
Historical,Medium,Gir,Wildlife,Low,Gujarat,2.0
Religious,Medium,Dandeli,Adventure,Medium,Karnataka,2.91
Historical,Low,Somnath,Religious,Medium,Gujarat,1.4
Beach,Medium,Ranthambore,Wildlife,Medium,Rajasthan,2.9
Historical,High,Bangalore,City Life,Medium,Karnataka,2.01
Wildlife,Medium,Bandipur,Wildlife,Low,Karnataka,4.11
Religious,Medium,Varkala,Beach,Medium,Kerala,2.91
Beach,High,Baga,Beach,High,Goa,5.0
Religious,Medium,Bodh Gaya,Religious,High,Bihar,3.51
City Life,Medium,Kanha,Wildlife,High,MP,1.4
Hill Station,Low,Amritsar,Religious,Low,Punjab,2.9
Religious,High,Ajanta,Historical,Medium,Maharashtra,2.0
Religious,Medium,Khajuraho,Historical,Low,MP,2.0
Adventure,Medium,Varkala,Beach,Medium,Kerala,2.91
Adventure,Low,CP,City Life,Medium,Delhi,1.41
City Life,Medium,Ranthambore,Wildlife,Medium,Rajasthan,2.91
Beach,Medium,Ooty,Hill Station,Low,Tamil Nadu,2.0
Religious,Low,Leh,Adventure,High,Ladakh,1.4
Beach,Low,Khajuraho,Historical,Low,MP,2.9
Wildlife,Medium,Hyderabad,City Life,High,Telangana,1.41
Adventure,Low,Ajanta,Historical,High,Maharashtra,1.41
Wildlife,High,Jaipur,Historical,High,Rajasthan,2.9
City Life,Medium,Nalanda,Historical,Medium,Bihar,2.9
Hill Station,Medium,Madurai,Religious,High,Tamil Nadu,1.4
Beach,Medium,Nainital,Hill Station,Low,Uttarakhand,2.01
Religious,High,Madurai,Religious,Low,Tamil Nadu,4.1
Hill Station,Low,Ajanta,Historical,Medium,Maharashtra,1.41
Historical,Medium,Gangtok,Hill Station,High,Sikkim,1.41
City Life,High,Amritsar,Religious,Low,Punjab,2.0
Wildlife,Low,Ranthambore,Wildlife,Low,Rajasthan,5.0
Hill Station,Medium,Bodh Gaya,Religious,Medium,Bihar,2.91
Beach,Medium,Bodh Gaya,Religious,Low,Bihar,2.0
Religious,High,Khajuraho,Historical,High,MP,2.91
Wildlife,Low,Jim Corbett,Wildlife,Low,Uttarakhand,5.0
Religious,Medium,Khajuraho,Historical,Medium,MP,2.91
Historical,Medium,Kanha,Wildlife,High,MP,1.4
Beach,High,Gir,Wildlife,High,Gujarat,2.91
City Life,Low,Bandipur,Wildlife,High,Karnataka,1.41
City Life,High,Somnath,Religious,High,Gujarat,2.91
Adventure,Medium,Red Fort,Historical,High,Delhi,1.4
Religious,Low,Varanasi,Religious,Low,UP,5.0
Historical,Medium,Mumbai,City Life,Low,Maharashtra,2.01
Wildlife,Medium,Varkala,Beach,High,Kerala,1.41
Hill Station,Low,Manali,Hill Station,High,Himachal,3.5
Beach,High,Ranthambore,Wildlife,High,Rajasthan,2.91
City Life,Medium,Hampi,Historical,Medium,Karnataka,2.9
City Life,Low,Nainital,Hill Station,Medium,Uttarakhand,1.4
Adventure,Low,Gangtok,Hill Station,High,Sikkim,1.41
Hill Station,High,Gulmarg,Hill Station,Medium,Kashmir,4.1
City Life,High,Alibaug,Beach,Low,Maharashtra,2.01
Historical,High,Hampi,Historical,High,Karnataka,5.0
Religious,Low,Spiti,Adventure,High,Himachal,1.41
Historical,High,Mumbai,City Life,Medium,Maharashtra,2.01
Religious,Low,Shillong,Hill Station,High,Meghalaya,1.4
Adventure,Medium,Shillong,Hill Station,High,Meghalaya,1.41
Historical,Low,Leh,Adventure,Low,Ladakh,2.9
Hill Station,Low,Shillong,Hill Station,Low,Meghalaya,5.0
Religious,High,Jim Corbett,Wildlife,Low,Uttarakhand,2.01
Religious,Medium,Amritsar,Religious,Low,Punjab,4.1
Hill Station,Low,Marina,Beach,Low,Tamil Nadu,2.91
Hill Station,Medium,Jaipur,Historical,High,Rajasthan,1.41
City Life,Low,Marina,Beach,Low,Tamil Nadu,2.91
Historical,Low,Dandeli,Adventure,Medium,Karnataka,1.41
Adventure,High,Nalanda,Historical,Medium,Bihar,2.01
Beach,High,Amritsar,Religious,Medium,Punjab,2.0
Historical,High,Gangtok,Hill Station,Low,Sikkim,2.01
Religious,Medium,Jaipur,Historical,Medium,Rajasthan,2.91
Wildlife,High,Gir,Wildlife,High,Gujarat,5.0
Historical,Low,Ooty,Hill Station,Medium,Tamil Nadu,1.41
Religious,Medium,Bandipur,Wildlife,High,Karnataka,1.4
City Life,Low,Madurai,Religious,High,Tamil Nadu,1.4
Religious,Medium,Varkala,Beach,High,Kerala,1.41
Religious,Medium,Hampi,Historical,Low,Karnataka,2.0
City Life,Low,Alibaug,Beach,Low,Maharashtra,2.91
City Life,High,Kolkata,City Life,Low,West Bengal,4.11
Historical,High,Varanasi,Religious,Low,UP,2.01
Religious,Low,Kanha,Wildlife,Medium,MP,1.41
Historical,Low,Ooty,Hill Station,Medium,Tamil Nadu,1.4
City Life,Medium,Bandipur,Wildlife,Medium,Karnataka,2.9
City Life,Low,Nainital,Hill Station,Medium,Uttarakhand,1.4
Hill Station,High,Hampi,Historical,Medium,Karnataka,2.01
Beach,Low,Shillong,Hill Station,High,Meghalaya,1.41
Religious,Medium,Nalanda,Historical,High,Bihar,1.4
Hill Station,Low,Varanasi,Religious,Low,UP,2.91
Historical,Medium,Gangtok,Hill Station,Low,Sikkim,2.0
Beach,Low,Jim Corbett,Wildlife,Medium,Uttarakhand,1.4
Hill Station,High,Amritsar,Religious,Low,Punjab,2.01
Hill Station,Low,Tawang,Adventure,Low,Arunachal,2.91
Hill Station,Medium,Tawang,Adventure,High,Arunachal,1.41
Wildlife,Low,Radhanagar,Beach,Medium,Andaman,1.41
Historical,Medium,Madurai,Religious,Medium,Tamil Nadu,2.91
Religious,Medium,Alibaug,Beach,Low,Maharashtra,2.0
Hill Station,High,Manali,Hill Station,High,Himachal,5.0
Religious,High,Bandipur,Wildlife,Low,Karnataka,2.01
City Life,High,Rishikesh,Adventure,High,Uttarakhand,2.91
Wildlife,High,Marina,Beach,Low,Tamil Nadu,2.01
City Life,High,Varkala,Beach,Low,Kerala,2.0
Wildlife,High,Jaipur,Historical,High,Rajasthan,2.9
Religious,Medium,Leh,Adventure,Low,Ladakh,2.0
Religious,Low,Kaziranga,Wildlife,Medium,Assam,1.41
City Life,Low,Bodh Gaya,Religious,Low,Bihar,2.91
Adventure,Low,Ooty,Hill Station,Low,Tamil Nadu,2.9
Historical,High,Varanasi,Religious,Medium,UP,2.0
Historical,High,Gangtok,Hill Station,Low,Sikkim,2.01
Wildlife,Medium,Bangalore,City Life,Medium,Karnataka,2.91
City Life,High,Baga,Beach,Low,Goa,2.01
Religious,Medium,Marina,Beach,Medium,Tamil Nadu,2.9
Hill Station,Low,Varkala,Beach,High,Kerala,1.4
Religious,Low,Gir,Wildlife,High,Gujarat,1.4
Historical,Medium,Ahmedabad,City Life,High,Gujarat,1.41
Wildlife,High,Gulmarg,Hill Station,Medium,Kashmir,2.0
Wildlife,High,Leh,Adventure,Medium,Ladakh,2.01
Adventure,High,Leh,Adventure,High,Ladakh,5.0
Historical,Low,Puri,Beach,Medium,Odisha,1.4
Adventure,High,Zulruk,Adventure,Medium,Sikkim,4.1
Religious,High,Nainital,Hill Station,Low,Uttarakhand,2.01
Beach,Medium,Nalanda,Historical,High,Bihar,1.41
Historical,Low,Yadadri,Religious,Low,Telangana,2.91
Wildlife,Low,Red Fort,Historical,Medium,Delhi,1.41
City Life,Medium,Jaipur,Historical,Low,Rajasthan,2.0
Hill Station,Medium,Jim Corbett,Wildlife,Medium,Uttarakhand,2.91
Hill Station,Low,Baga,Beach,Low,Goa,2.91
Wildlife,Medium,Alibaug,Beach,Low,Maharashtra,2.01
Wildlife,High,Zulruk,Adventure,Low,Sikkim,2.01
Religious,High,Puri,Beach,High,Odisha,2.91
Wildlife,High,Manali,Hill Station,High,Himachal,2.91
Adventure,Low,Puri,Beach,High,Odisha,1.41
Religious,Low,Spiti,Adventure,Low,Himachal,2.9
Religious,Low,Mumbai,City Life,High,Maharashtra,1.41
City Life,High,Nainital,Hill Station,High,Uttarakhand,2.91
Beach,High,Puri,Beach,Low,Odisha,4.11
Hill Station,Low,Dandeli,Adventure,Low,Karnataka,2.9
Wildlife,Low,Madurai,Religious,Low,Tamil Nadu,2.91
Wildlife,High,Mumbai,City Life,High,Maharashtra,2.91
Religious,Medium,Nainital,Hill Station,High,Uttarakhand,1.41
Beach,Medium,Gangtok,Hill Station,Medium,Sikkim,2.91
Religious,Medium,Hampi,Historical,Low,Karnataka,2.01
Religious,High,Somnath,Religious,High,Gujarat,5.0
Beach,Low,Somnath,Religious,Medium,Gujarat,1.4
Wildlife,Medium,Mumbai,City Life,Low,Maharashtra,2.01
Wildlife,Medium,CP,City Life,Low,Delhi,2.0
City Life,Medium,Kaziranga,Wildlife,High,Assam,1.41
Hill Station,Medium,Baga,Beach,Low,Goa,2.01
Adventure,High,Kaziranga,Wildlife,Low,Assam,2.01
City Life,Medium,Jim Corbett,Wildlife,High,Uttarakhand,1.4
Religious,High,Nainital,Hill Station,High,Uttarakhand,2.91
Religious,High,Bandipur,Wildlife,Medium,Karnataka,2.01
Beach,High,Radhanagar,Beach,High,Andaman,5.0
Historical,High,Rishikesh,Adventure,Low,Uttarakhand,2.01
Wildlife,High,Khajuraho,Historical,Low,MP,2.01
Religious,Low,Alibaug,Beach,Low,Maharashtra,2.91
Beach,High,Ranthambore,Wildlife,Low,Rajasthan,2.01
Wildlife,High,Gulmarg,Hill Station,High,Kashmir,2.91
Wildlife,Low,Varkala,Beach,Low,Kerala,2.9
Religious,Medium,Bodh Gaya,Religious,High,Bihar,3.51
Beach,Low,Shillong,Hill Station,Medium,Meghalaya,1.4
Historical,Medium,Nainital,Hill Station,Low,Uttarakhand,2.01
City Life,Medium,Ranthambore,Wildlife,Medium,Rajasthan,2.9
Wildlife,Medium,Rishikesh,Adventure,Low,Uttarakhand,2.0
Adventure,Medium,Marina,Beach,Medium,Tamil Nadu,2.9
Wildlife,High,Jaipur,Historical,High,Rajasthan,2.9
Hill Station,Medium,Shillong,Hill Station,Medium,Meghalaya,5.0
Beach,Low,Dandeli,Adventure,Low,Karnataka,2.91
Historical,Medium,Baga,Beach,Medium,Goa,2.9
City Life,Medium,Ooty,Hill Station,Medium,Tamil Nadu,2.91
Hill Station,Medium,Dandeli,Adventure,High,Karnataka,1.41
Beach,High,Ranthambore,Wildlife,Low,Rajasthan,2.01
Beach,Medium,Somnath,Religious,Medium,Gujarat,2.9
Historical,Low,Manali,Hill Station,Medium,Himachal,1.41
Historical,High,Kanha,Wildlife,Medium,MP,2.0
Hill Station,Medium,Baga,Beach,Medium,Goa,2.9
Wildlife,High,Khajuraho,Historical,Medium,MP,2.01
Beach,Medium,Baga,Beach,Low,Goa,4.1
Hill Station,Medium,Nalanda,Historical,Low,Bihar,2.01
Religious,Medium,Gir,Wildlife,Low,Gujarat,2.0
Hill Station,High,Kanha,Wildlife,High,MP,2.9
Hill Station,High,Kolkata,City Life,High,West Bengal,2.9
Hill Station,Medium,Somnath,Religious,Low,Gujarat,2.01
Hill Station,Medium,Manali,Hill Station,Low,Himachal,4.11
City Life,Medium,Manali,Hill Station,Low,Himachal,2.01
Religious,Medium,Leh,Adventure,Medium,Ladakh,2.9
City Life,Low,Nalanda,Historical,High,Bihar,1.41
Hill Station,Low,Marina,Beach,Low,Tamil Nadu,2.9
Hill Station,High,Alibaug,Beach,Medium,Maharashtra,2.0
City Life,High,Bandipur,Wildlife,Low,Karnataka,2.01
Wildlife,Low,Varanasi,Religious,High,UP,1.41
Historical,Medium,Ahmedabad,City Life,High,Gujarat,1.4
Adventure,High,Puri,Beach,Medium,Odisha,2.0
Religious,High,Amritsar,Religious,Low,Punjab,4.11
Wildlife,Low,Ranthambore,Wildlife,Low,Rajasthan,5.0
Hill Station,Medium,Ooty,Hill Station,High,Tamil Nadu,3.5
Wildlife,Low,Kolkata,City Life,Medium,West Bengal,1.4
City Life,Low,Zulruk,Adventure,Medium,Sikkim,1.41
Hill Station,Low,Leh,Adventure,Low,Ladakh,2.9
Beach,Medium,Nainital,Hill Station,High,Uttarakhand,1.4
Beach,Medium,Radhanagar,Beach,Low,Andaman,4.11
Religious,Low,Varanasi,Religious,High,UP,3.51
Wildlife,Low,Khajuraho,Historical,Medium,MP,1.41
Beach,High,Tawang,Adventure,Low,Arunachal,2.01
City Life,Medium,Red Fort,Historical,Medium,Delhi,2.9
Historical,High,Khajuraho,Historical,Medium,MP,4.1
Religious,Low,Kanha,Wildlife,Medium,MP,1.41
City Life,Low,Hampi,Historical,High,Karnataka,1.4
Religious,High,Ooty,Hill Station,High,Tamil Nadu,2.9
Hill Station,Medium,Leh,Adventure,Medium,Ladakh,2.9
Beach,Medium,CP,City Life,Medium,Delhi,2.91
Hill Station,High,Ajanta,Historical,Medium,Maharashtra,2.01
Religious,Medium,Ranthambore,Wildlife,Low,Rajasthan,2.0
Adventure,Low,Jaipur,Historical,High,Rajasthan,1.4
Beach,Low,Dandeli,Adventure,High,Karnataka,1.41
Religious,Medium,Bandipur,Wildlife,Low,Karnataka,2.0
Historical,Medium,Somnath,Religious,Low,Gujarat,2.01
City Life,Medium,Khajuraho,Historical,High,MP,1.41
Historical,Medium,Amritsar,Religious,Medium,Punjab,2.9
City Life,Medium,Kanha,Wildlife,High,MP,1.4
Beach,Medium,Spiti,Adventure,Low,Himachal,2.01
Wildlife,Low,Yadadri,Religious,High,Telangana,1.41
Hill Station,Low,Somnath,Religious,Medium,Gujarat,1.41
City Life,Medium,Rishikesh,Adventure,Medium,Uttarakhand,2.91
Adventure,Medium,Zulruk,Adventure,Medium,Sikkim,5.0
Historical,Low,Leh,Adventure,High,Ladakh,1.4
Historical,Low,Bodh Gaya,Religious,High,Bihar,1.41
Religious,Low,Gangtok,Hill Station,High,Sikkim,1.41
Hill Station,Medium,CP,City Life,High,Delhi,1.4
Hill Station,High,Bandipur,Wildlife,Medium,Karnataka,2.01
City Life,Medium,CP,City Life,Low,Delhi,4.1
Wildlife,Medium,Manali,Hill Station,High,Himachal,1.4
City Life,High,Varkala,Beach,Medium,Kerala,2.0
City Life,Medium,Bangalore,City Life,Low,Karnataka,4.11
Wildlife,Medium,Nainital,Hill Station,Low,Uttarakhand,2.01
Hill Station,Low,Gir,Wildlife,Low,Gujarat,2.9
Adventure,High,Jaipur,Historical,High,Rajasthan,2.91
Adventure,Medium,Kaziranga,Wildlife,Medium,Assam,2.9
Historical,Medium,Tawang,Adventure,Low,Arunachal,2.0
Hill Station,Low,Khajuraho,Historical,Medium,MP,1.41
City Life,Low,Red Fort,Historical,Medium,Delhi,1.4
Religious,Low,Yadadri,Religious,Low,Telangana,5.0
Wildlife,Medium,Ooty,Hill Station,Medium,Tamil Nadu,2.91
Wildlife,Medium,Gulmarg,Hill Station,Low,Kashmir,2.0
Adventure,Medium,Shillong,Hill Station,Low,Meghalaya,2.0
Hill Station,High,Varkala,Beach,Medium,Kerala,2.01
Religious,Medium,Khajuraho,Historical,Medium,MP,2.9
Beach,Medium,Hampi,Historical,High,Karnataka,1.4
Religious,Medium,Nainital,Hill Station,Low,Uttarakhand,2.0
Religious,High,Rishikesh,Adventure,Medium,Uttarakhand,2.0
City Life,Low,Nainital,Hill Station,High,Uttarakhand,1.4
Beach,High,Dandeli,Adventure,High,Karnataka,2.9
City Life,Medium,Gulmarg,Hill Station,High,Kashmir,1.41
Beach,High,Hyderabad,City Life,Medium,Telangana,2.0
Beach,Medium,Amritsar,Religious,Low,Punjab,2.0
Beach,Medium,Shillong,Hill Station,Medium,Meghalaya,2.9
City Life,High,Varanasi,Religious,Low,UP,2.0
Historical,High,Zulruk,Adventure,Low,Sikkim,2.01
Religious,High,Jaipur,Historical,High,Rajasthan,2.9
City Life,High,Jaipur,Historical,Low,Rajasthan,2.0
Wildlife,Low,Radhanagar,Beach,Low,Andaman,2.9
City Life,Low,Baga,Beach,Low,Goa,2.9
Hill Station,Medium,Marina,Beach,Medium,Tamil Nadu,2.9
Historical,High,Kanha,Wildlife,High,MP,2.91
Historical,High,Red Fort,Historical,Low,Delhi,4.11
Historical,High,Kanha,Wildlife,High,MP,2.9
City Life,Medium,Tawang,Adventure,Low,Arunachal,2.0
City Life,Medium,Jim Corbett,Wildlife,High,Uttarakhand,1.41
Beach,Low,Marina,Beach,High,Tamil Nadu,3.51
City Life,Medium,Gir,Wildlife,Low,Gujarat,2.0
Religious,Medium,Kaziranga,Wildlife,Low,Assam,2.0
Wildlife,High,Somnath,Religious,Low,Gujarat,2.01
Beach,Medium,Baga,Beach,Low,Goa,4.11
Hill Station,Low,Jaipur,Historical,Medium,Rajasthan,1.41
Adventure,Medium,Radhanagar,Beach,High,Andaman,1.4
Religious,Low,Red Fort,Historical,Low,Delhi,2.91
Adventure,Low,Yadadri,Religious,Low,Telangana,2.91
Hill Station,High,Gir,Wildlife,Low,Gujarat,2.01
Beach,Medium,Red Fort,Historical,Medium,Delhi,2.9
Historical,Low,Hyderabad,City Life,Low,Telangana,2.9
Beach,Low,CP,City Life,High,Delhi,1.41
Adventure,Medium,Red Fort,Historical,Medium,Delhi,2.9
Hill Station,High,Amritsar,Religious,High,Punjab,2.9
Hill Station,High,Varanasi,Religious,High,UP,2.9
Religious,High,Nalanda,Historical,High,Bihar,2.9
City Life,High,Ajanta,Historical,Low,Maharashtra,2.01
Adventure,Medium,Spiti,Adventure,High,Himachal,3.5
Wildlife,Low,Zulruk,Adventure,Low,Sikkim,2.91
Wildlife,Medium,Somnath,Religious,Medium,Gujarat,2.91
City Life,Medium,Bodh Gaya,Religious,Medium,Bihar,2.91
Religious,Low,Marina,Beach,Medium,Tamil Nadu,1.41
Historical,Medium,Gulmarg,Hill Station,Low,Kashmir,2.0
Religious,High,Spiti,Adventure,Medium,Himachal,2.01
Hill Station,Low,Tawang,Adventure,High,Arunachal,1.4
Wildlife,Medium,Kaziranga,Wildlife,Low,Assam,4.11
Religious,Medium,Nainital,Hill Station,Medium,Uttarakhand,2.9
Religious,Medium,Ranthambore,Wildlife,Low,Rajasthan,2.0
Wildlife,Medium,Gulmarg,Hill Station,Low,Kashmir,2.0
Hill Station,Medium,Spiti,Adventure,High,Himachal,1.41
Hill Station,High,Dandeli,Adventure,Low,Karnataka,2.01
Wildlife,High,CP,City Life,Medium,Delhi,2.0
Hill Station,High,Varanasi,Religious,High,UP,2.91
Religious,Low,Tawang,Adventure,Medium,Arunachal,1.41
Religious,Medium,Alibaug,Beach,Low,Maharashtra,2.0
City Life,Low,Somnath,Religious,Low,Gujarat,2.9
Adventure,High,Bangalore,City Life,Medium,Karnataka,2.01
Wildlife,Low,Khajuraho,Historical,Medium,MP,1.41
Beach,Low,CP,City Life,High,Delhi,1.41
City Life,High,Bandipur,Wildlife,Medium,Karnataka,2.0
Religious,Medium,Radhanagar,Beach,Medium,Andaman,2.9
Adventure,Medium,Alibaug,Beach,Medium,Maharashtra,2.91
Historical,Low,Tawang,Adventure,Medium,Arunachal,1.41
City Life,Low,Madurai,Religious,High,Tamil Nadu,1.4
City Life,Medium,Jim Corbett,Wildlife,High,Uttarakhand,1.4
Religious,Medium,Amritsar,Religious,High,Punjab,3.5
Historical,Low,Ahmedabad,City Life,Low,Gujarat,2.91
Historical,Medium,Bangalore,City Life,Medium,Karnataka,2.9
Beach,Low,Bangalore,City Life,Low,Karnataka,2.91
Hill Station,Medium,Somnath,Religious,Medium,Gujarat,2.91
Adventure,High,Yadadri,Religious,Low,Telangana,2.01
Wildlife,Medium,Baga,Beach,High,Goa,1.4
City Life,Low,Mumbai,City Life,Low,Maharashtra,5.0
Wildlife,Medium,Hampi,Historical,Low,Karnataka,2.01
Adventure,High,Khajuraho,Historical,Medium,MP,2.01
Beach,Low,Somnath,Religious,Medium,Gujarat,1.41
Adventure,High,Red Fort,Historical,Low,Delhi,2.01
Wildlife,Low,Varkala,Beach,High,Kerala,1.4
Beach,Medium,Alibaug,Beach,High,Maharashtra,3.5
Religious,Medium,Gulmarg,Hill Station,High,Kashmir,1.4
Hill Station,Low,Zulruk,Adventure,High,Sikkim,1.41
Religious,Low,Bangalore,City Life,High,Karnataka,1.4
Adventure,High,Leh,Adventure,High,Ladakh,5.0
Hill Station,High,Kolkata,City Life,Low,West Bengal,2.0
Historical,Medium,Bandipur,Wildlife,High,Karnataka,1.4
Hill Station,High,Puri,Beach,Medium,Odisha,2.0
City Life,High,Red Fort,Historical,Medium,Delhi,2.01
City Life,High,Varkala,Beach,Low,Kerala,2.01
Religious,Medium,Hyderabad,City Life,Low,Telangana,2.0
City Life,Low,Kaziranga,Wildlife,High,Assam,1.41
Hill Station,Medium,Gir,Wildlife,Medium,Gujarat,2.9
City Life,Medium,Baga,Beach,Medium,Goa,2.91
Historical,Low,Zulruk,Adventure,High,Sikkim,1.41
City Life,Medium,Dandeli,Adventure,High,Karnataka,1.4
Wildlife,Medium,Spiti,Adventure,High,Himachal,1.4
Historical,Low,Amritsar,Religious,High,Punjab,1.4
City Life,Low,Somnath,Religious,Low,Gujarat,2.9
Wildlife,High,Yadadri,Religious,Medium,Telangana,2.0
Historical,Medium,Varanasi,Religious,Medium,UP,2.91
Religious,Medium,Jaipur,Historical,Low,Rajasthan,2.01
Religious,Low,Ajanta,Historical,Medium,Maharashtra,1.4
City Life,Low,Varkala,Beach,Medium,Kerala,1.41
Hill Station,High,Madurai,Religious,Medium,Tamil Nadu,2.01
Hill Station,Medium,Spiti,Adventure,Medium,Himachal,2.9
Historical,High,Gulmarg,Hill Station,Low,Kashmir,2.01
Adventure,Medium,Madurai,Religious,High,Tamil Nadu,1.41
Adventure,Medium,Khajuraho,Historical,Low,MP,2.01
Adventure,High,Gir,Wildlife,High,Gujarat,2.91
Hill Station,Low,Ranthambore,Wildlife,High,Rajasthan,1.41
Beach,Medium,Hampi,Historical,High,Karnataka,1.4
City Life,Low,Khajuraho,Historical,High,MP,1.4
Historical,Medium,Nainital,Hill Station,High,Uttarakhand,1.41
Wildlife,High,Kaziranga,Wildlife,Medium,Assam,4.11
Historical,Low,Zulruk,Adventure,Medium,Sikkim,1.41
Hill Station,Medium,Mumbai,City Life,Medium,Maharashtra,2.9
Wildlife,High,Hyderabad,City Life,High,Telangana,2.9
Adventure,High,Radhanagar,Beach,High,Andaman,2.91
Adventure,Low,Red Fort,Historical,Low,Delhi,2.91
City Life,Low,Madurai,Religious,High,Tamil Nadu,1.4
Wildlife,Medium,Ajanta,Historical,Low,Maharashtra,2.0
Adventure,Low,Ahmedabad,City Life,Low,Gujarat,2.9
Wildlife,High,Nalanda,Historical,Low,Bihar,2.0
Historical,Medium,Nainital,Hill Station,Low,Uttarakhand,2.01
Wildlife,High,Baga,Beach,Low,Goa,2.0
Religious,Low,Hyderabad,City Life,Low,Telangana,2.9
Historical,Medium,Ooty,Hill Station,High,Tamil Nadu,1.4
Adventure,High,Red Fort,Historical,Medium,Delhi,2.0
Wildlife,High,Bangalore,City Life,Medium,Karnataka,2.01
Historical,Medium,Ooty,Hill Station,Low,Tamil Nadu,2.01
Adventure,Medium,Alibaug,Beach,Medium,Maharashtra,2.9
Wildlife,High,Manali,Hill Station,Low,Himachal,2.01
Beach,Medium,Dandeli,Adventure,High,Karnataka,1.41
Historical,Low,Ranthambore,Wildlife,High,Rajasthan,1.41
Adventure,Medium,Bandipur,Wildlife,Medium,Karnataka,2.91
City Life,Low,Leh,Adventure,Low,Ladakh,2.9
Historical,Low,Gulmarg,Hill Station,High,Kashmir,1.4
Historical,Low,Kanha,Wildlife,Low,MP,2.91
Religious,High,Yadadri,Religious,Low,Telangana,4.11
Beach,High,Bandipur,Wildlife,High,Karnataka,2.91
Historical,High,Nalanda,Historical,Low,Bihar,4.11
Beach,High,Gangtok,Hill Station,High,Sikkim,2.9
Religious,Medium,Shillong,Hill Station,Low,Meghalaya,2.01
Historical,Low,Mumbai,City Life,Low,Maharashtra,2.91
Beach,High,Nalanda,Historical,Low,Bihar,2.01
Religious,High,Amritsar,Religious,Low,Punjab,4.1
Adventure,High,Marina,Beach,Low,Tamil Nadu,2.01
Historical,High,Bangalore,City Life,Low,Karnataka,2.0
Adventure,Medium,Bandipur,Wildlife,Medium,Karnataka,2.91
Religious,Medium,Gangtok,Hill Station,High,Sikkim,1.4
Wildlife,High,CP,City Life,Medium,Delhi,2.0
Historical,High,Kolkata,City Life,High,West Bengal,2.9
Hill Station,Medium,Spiti,Adventure,Medium,Himachal,2.9
Historical,High,Tawang,Adventure,Medium,Arunachal,2.01
Adventure,Low,Yadadri,Religious,Medium,Telangana,1.4
City Life,Medium,Gangtok,Hill Station,Low,Sikkim,2.0
Wildlife,Low,Amritsar,Religious,Medium,Punjab,1.4
Religious,High,Nalanda,Historical,Medium,Bihar,2.01
City Life,Medium,Alibaug,Beach,Medium,Maharashtra,2.91
Religious,Medium,Varanasi,Religious,High,UP,3.5
City Life,Low,Yadadri,Religious,Medium,Telangana,1.4
Hill Station,Medium,Manali,Hill Station,Medium,Himachal,5.0
Hill Station,Medium,Rishikesh,Adventure,Medium,Uttarakhand,2.9
Beach,Medium,Ahmedabad,City Life,Medium,Gujarat,2.91
Beach,Medium,Ooty,Hill Station,Low,Tamil Nadu,2.0
City Life,Medium,Rishikesh,Adventure,Medium,Uttarakhand,2.9
City Life,High,Bodh Gaya,Religious,Medium,Bihar,2.0
Religious,High,Rishikesh,Adventure,Medium,Uttarakhand,2.0
City Life,Medium,Puri,Beach,Medium,Odisha,2.9
Hill Station,Low,Kanha,Wildlife,High,MP,1.4
City Life,High,Somnath,Religious,Medium,Gujarat,2.01
City Life,Medium,Rishikesh,Adventure,Medium,Uttarakhand,2.9
Beach,Low,Kolkata,City Life,High,West Bengal,1.41
Beach,High,Baga,Beach,High,Goa,5.0
Adventure,Low,Gangtok,Hill Station,Low,Sikkim,2.9
Adventure,Medium,Somnath,Religious,Medium,Gujarat,2.91
Historical,Low,Leh,Adventure,Medium,Ladakh,1.4
Adventure,Low,Bangalore,City Life,Medium,Karnataka,1.41
City Life,High,Kolkata,City Life,Medium,West Bengal,4.11
Religious,Low,Baga,Beach,Low,Goa,2.9
Historical,Low,Madurai,Religious,Medium,Tamil Nadu,1.41
Beach,Low,Jim Corbett,Wildlife,High,Uttarakhand,1.41
Adventure,High,Ranthambore,Wildlife,Low,Rajasthan,2.01
Historical,High,Varanasi,Religious,High,UP,2.9
Adventure,Low,Gulmarg,Hill Station,Medium,Kashmir,1.4
Religious,Low,Bandipur,Wildlife,High,Karnataka,1.41
Hill Station,Low,Baga,Beach,Low,Goa,2.9
Wildlife,Medium,Red Fort,Historical,High,Delhi,1.4
Hill Station,High,Ooty,Hill Station,High,Tamil Nadu,5.0
Beach,Medium,Nainital,Hill Station,Medium,Uttarakhand,2.9
Adventure,Low,Khajuraho,Historical,Medium,MP,1.4
City Life,Low,Jim Corbett,Wildlife,High,Uttarakhand,1.4
Historical,Medium,Zulruk,Adventure,Low,Sikkim,2.01
Beach,High,Kaziranga,Wildlife,Low,Assam,2.0
Adventure,Low,Kanha,Wildlife,High,MP,1.41
Hill Station,Low,CP,City Life,Medium,Delhi,1.4
Historical,High,Varanasi,Religious,Medium,UP,2.0
Religious,High,Alibaug,Beach,Medium,Maharashtra,2.0
City Life,High,Kaziranga,Wildlife,High,Assam,2.9
Adventure,Medium,Marina,Beach,Medium,Tamil Nadu,2.91
City Life,Medium,Khajuraho,Historical,Low,MP,2.0
Historical,High,Zulruk,Adventure,Low,Sikkim,2.0
Adventure,Medium,Nainital,Hill Station,High,Uttarakhand,1.41
Wildlife,High,Puri,Beach,Low,Odisha,2.0
Historical,Low,Shillong,Hill Station,Medium,Meghalaya,1.4
Wildlife,High,Ajanta,Historical,Low,Maharashtra,2.01
City Life,Low,Gangtok,Hill Station,Low,Sikkim,2.91
Adventure,High,Bodh Gaya,Religious,Low,Bihar,2.0
Historical,Low,Varkala,Beach,Low,Kerala,2.91
City Life,Low,Amritsar,Religious,Low,Punjab,2.91
Religious,Medium,Somnath,Religious,High,Gujarat,3.51
City Life,Medium,Gir,Wildlife,Medium,Gujarat,2.9
Beach,Low,Hyderabad,City Life,Low,Telangana,2.9
Hill Station,Medium,Hyderabad,City Life,Medium,Telangana,2.91
Beach,High,Nainital,Hill Station,High,Uttarakhand,2.91
Religious,Medium,Spiti,Adventure,High,Himachal,1.4
Hill Station,Medium,Kolkata,City Life,Low,West Bengal,2.01
City Life,Medium,Somnath,Religious,High,Gujarat,1.41
Hill Station,High,Ahmedabad,City Life,Low,Gujarat,2.01
Beach,High,Puri,Beach,Medium,Odisha,4.11
Beach,Medium,Mumbai,City Life,Low,Maharashtra,2.0
Wildlife,Low,Spiti,Adventure,Medium,Himachal,1.4
Hill Station,Low,Kaziranga,Wildlife,High,Assam,1.4
Beach,High,Jim Corbett,Wildlife,Low,Uttarakhand,2.0
Hill Station,Medium,Jaipur,Historical,Medium,Rajasthan,2.9
Historical,High,Jim Corbett,Wildlife,High,Uttarakhand,2.91
Beach,High,Nainital,Hill Station,High,Uttarakhand,2.9
Religious,High,Bodh Gaya,Religious,Medium,Bihar,4.11
Hill Station,Medium,Bandipur,Wildlife,High,Karnataka,1.4
Wildlife,High,Gir,Wildlife,Medium,Gujarat,4.1
Wildlife,Low,Nainital,Hill Station,Low,Uttarakhand,2.91
Religious,Medium,Marina,Beach,Medium,Tamil Nadu,2.91
Wildlife,High,Bodh Gaya,Religious,Low,Bihar,2.01
Religious,High,Red Fort,Historical,Medium,Delhi,2.01
Adventure,High,Kanha,Wildlife,High,MP,2.91
Hill Station,Medium,Gir,Wildlife,Low,Gujarat,2.0
City Life,Low,Ooty,Hill Station,High,Tamil Nadu,1.41
City Life,High,Amritsar,Religious,High,Punjab,2.9
Historical,Low,Gulmarg,Hill Station,Low,Kashmir,2.9
Religious,High,Khajuraho,Historical,Medium,MP,2.0
Religious,Medium,Somnath,Religious,High,Gujarat,3.51
Hill Station,Medium,Gir,Wildlife,High,Gujarat,1.4
Historical,High,Hyderabad,City Life,High,Telangana,2.91
Hill Station,High,Marina,Beach,Low,Tamil Nadu,2.01
Hill Station,Medium,Bodh Gaya,Religious,Medium,Bihar,2.9
Hill Station,Medium,Yadadri,Religious,High,Telangana,1.4
Wildlife,Medium,Kanha,Wildlife,High,MP,3.51
Hill Station,Medium,Ooty,Hill Station,Low,Tamil Nadu,4.1
City Life,Low,Ooty,Hill Station,High,Tamil Nadu,1.41
Hill Station,High,Nalanda,Historical,Low,Bihar,2.01
Religious,Medium,Marina,Beach,High,Tamil Nadu,1.41
City Life,Low,Shillong,Hill Station,Low,Meghalaya,2.91
Historical,High,Varanasi,Religious,High,UP,2.9
City Life,Medium,Ooty,Hill Station,Medium,Tamil Nadu,2.91
Religious,High,Ranthambore,Wildlife,High,Rajasthan,2.91
Wildlife,Low,Gulmarg,Hill Station,High,Kashmir,1.41
Beach,High,Varkala,Beach,Low,Kerala,4.11
Adventure,High,Ooty,Hill Station,Medium,Tamil Nadu,2.0
Religious,Low,Jaipur,Historical,Low,Rajasthan,2.9
Religious,Medium,Marina,Beach,High,Tamil Nadu,1.4
Beach,Low,Madurai,Religious,Low,Tamil Nadu,2.9
Religious,Medium,Nalanda,Historical,Medium,Bihar,2.9
Religious,Medium,Madurai,Religious,Low,Tamil Nadu,4.1
City Life,Medium,Khajuraho,Historical,High,MP,1.41
Beach,Low,Dandeli,Adventure,Medium,Karnataka,1.4
City Life,High,Ajanta,Historical,Medium,Maharashtra,2.0
Hill Station,High,Spiti,Adventure,High,Himachal,2.91
Historical,Medium,Spiti,Adventure,Medium,Himachal,2.91
Historical,Low,Spiti,Adventure,High,Himachal,1.41
Adventure,High,Ooty,Hill Station,Low,Tamil Nadu,2.0
Hill Station,High,Manali,Hill Station,Medium,Himachal,4.1
Adventure,Low,Amritsar,Religious,Medium,Punjab,1.41
City Life,High,Alibaug,Beach,High,Maharashtra,2.9
Hill Station,Medium,Shillong,Hill Station,Medium,Meghalaya,5.0
Historical,Medium,Tawang,Adventure,Medium,Arunachal,2.91
Adventure,Low,Ajanta,Historical,High,Maharashtra,1.41
Hill Station,High,Rishikesh,Adventure,High,Uttarakhand,2.9
Religious,Low,Hyderabad,City Life,Low,Telangana,2.91
Religious,Low,Madurai,Religious,Medium,Tamil Nadu,3.51
Adventure,High,Jaipur,Historical,Low,Rajasthan,2.0
Historical,Low,Bodh Gaya,Religious,Medium,Bihar,1.41
Beach,Medium,Khajuraho,Historical,High,MP,1.41
Hill Station,High,Ahmedabad,City Life,High,Gujarat,2.91
Adventure,Low,Amritsar,Religious,Medium,Punjab,1.41
Wildlife,Low,Nalanda,Historical,Low,Bihar,2.91
Hill Station,Medium,Khajuraho,Historical,Medium,MP,2.9
Beach,High,Ahmedabad,City Life,Medium,Gujarat,2.0
Religious,High,Ajanta,Historical,High,Maharashtra,2.91
City Life,Low,Leh,Adventure,Medium,Ladakh,1.4
Wildlife,High,Ahmedabad,City Life,Low,Gujarat,2.0
Religious,High,Radhanagar,Beach,Low,Andaman,2.0
Religious,Low,CP,City Life,Medium,Delhi,1.41
Religious,High,Hyderabad,City Life,High,Telangana,2.9
Beach,Low,Hampi,Historical,Medium,Karnataka,1.41
Adventure,Medium,Jaipur,Historical,Low,Rajasthan,2.01
Hill Station,Medium,Spiti,Adventure,High,Himachal,1.4
Beach,High,Gulmarg,Hill Station,Low,Kashmir,2.01
Historical,Low,Somnath,Religious,High,Gujarat,1.4
Wildlife,Medium,Varanasi,Religious,Low,UP,2.01
Historical,Low,Yadadri,Religious,High,Telangana,1.4
Historical,Medium,Ranthambore,Wildlife,High,Rajasthan,1.4
Beach,Medium,Dandeli,Adventure,High,Karnataka,1.4
Religious,Medium,Marina,Beach,Low,Tamil Nadu,2.01
Historical,High,Baga,Beach,High,Goa,2.91
Religious,Low,Bangalore,City Life,Low,Karnataka,2.91
City Life,Medium,Madurai,Religious,High,Tamil Nadu,1.4
Historical,High,Baga,Beach,High,Goa,2.9
Wildlife,Low,Somnath,Religious,High,Gujarat,1.41
Historical,Low,Ranthambore,Wildlife,High,Rajasthan,1.41
Hill Station,Medium,Kolkata,City Life,Low,West Bengal,2.01
Wildlife,High,Somnath,Religious,Low,Gujarat,2.0
Hill Station,Medium,Yadadri,Religious,Medium,Telangana,2.9
Beach,Medium,Yadadri,Religious,Medium,Telangana,2.9
Religious,High,Nainital,Hill Station,Medium,Uttarakhand,2.0
City Life,Medium,Somnath,Religious,Medium,Gujarat,2.9
Wildlife,High,Hampi,Historical,High,Karnataka,2.9
Wildlife,High,Bodh Gaya,Religious,High,Bihar,2.9
City Life,High,Madurai,Religious,Low,Tamil Nadu,2.0
Wildlife,Low,Jaipur,Historical,Medium,Rajasthan,1.41
Wildlife,High,Madurai,Religious,Low,Tamil Nadu,2.01
Beach,High,Amritsar,Religious,High,Punjab,2.9
Wildlife,Low,Ranthambore,Wildlife,Low,Rajasthan,5.0
Adventure,Medium,Zulruk,Adventure,High,Sikkim,3.5
City Life,High,Kolkata,City Life,High,West Bengal,5.0
Hill Station,High,Gir,Wildlife,High,Gujarat,2.9
Historical,High,Mumbai,City Life,Medium,Maharashtra,2.01
Beach,High,Bandipur,Wildlife,Medium,Karnataka,2.01
Hill Station,Low,Jim Corbett,Wildlife,Low,Uttarakhand,2.91
Historical,High,Yadadri,Religious,Low,Telangana,2.0
Hill Station,Medium,Dandeli,Adventure,Low,Karnataka,2.0
Beach,Medium,Zulruk,Adventure,Medium,Sikkim,2.91
Wildlife,Low,Zulruk,Adventure,High,Sikkim,1.4
Hill Station,Low,Spiti,Adventure,High,Himachal,1.41
Historical,High,Madurai,Religious,Low,Tamil Nadu,2.01
Wildlife,High,Rishikesh,Adventure,Low,Uttarakhand,2.01
Beach,Low,Ajanta,Historical,High,Maharashtra,1.41
City Life,High,Khajuraho,Historical,Low,MP,2.0
Beach,High,Marina,Beach,Medium,Tamil Nadu,4.11
City Life,High,Hyderabad,City Life,Medium,Telangana,4.1
Wildlife,Medium,Red Fort,Historical,Low,Delhi,2.0
Religious,Low,Bodh Gaya,Religious,Medium,Bihar,3.51
Religious,Low,Bandipur,Wildlife,Low,Karnataka,2.91
City Life,Medium,Mumbai,City Life,Low,Maharashtra,4.11
Hill Station,High,Red Fort,Historical,Low,Delhi,2.01
Hill Station,High,Alibaug,Beach,Low,Maharashtra,2.01
Religious,High,Kaziranga,Wildlife,High,Assam,2.91
Historical,High,Jaipur,Historical,Low,Rajasthan,4.1
Religious,Medium,Gangtok,Hill Station,Medium,Sikkim,2.9
Hill Station,Low,Spiti,Adventure,Medium,Himachal,1.4
Historical,Low,Tawang,Adventure,Low,Arunachal,2.91
Adventure,High,Radhanagar,Beach,Low,Andaman,2.0
Wildlife,Medium,Tawang,Adventure,Low,Arunachal,2.0
City Life,Medium,Radhanagar,Beach,Medium,Andaman,2.91
Religious,Low,Gulmarg,Hill Station,High,Kashmir,1.4
Beach,High,Ajanta,Historical,High,Maharashtra,2.9
Religious,Low,Zulruk,Adventure,High,Sikkim,1.4
Historical,High,Yadadri,Religious,High,Telangana,2.91
Wildlife,Medium,Kolkata,City Life,Medium,West Bengal,2.9
Hill Station,Medium,Manali,Hill Station,Medium,Himachal,5.0
Adventure,High,Nainital,Hill Station,High,Uttarakhand,2.91
Religious,Medium,Amritsar,Religious,Medium,Punjab,5.0
Adventure,Medium,Baga,Beach,High,Goa,1.4
Hill Station,High,Kanha,Wildlife,High,MP,2.91
Historical,High,Leh,Adventure,High,Ladakh,2.91
Adventure,Medium,Jaipur,Historical,Medium,Rajasthan,2.91
Adventure,Low,Manali,Hill Station,Low,Himachal,2.9
Adventure,High,Gangtok,Hill Station,High,Sikkim,2.9
Adventure,Low,Dandeli,Adventure,Low,Karnataka,5.0
Beach,Low,Puri,Beach,High,Odisha,3.51
Beach,High,Yadadri,Religious,Medium,Telangana,2.01
Adventure,Low,Alibaug,Beach,Medium,Maharashtra,1.4
Adventure,High,Tawang,Adventure,Low,Arunachal,4.1
Historical,High,Kanha,Wildlife,Medium,MP,2.0
Adventure,Medium,Spiti,Adventure,High,Himachal,3.51
Adventure,Low,Varanasi,Religious,High,UP,1.4
Religious,High,Bodh Gaya,Religious,High,Bihar,5.0
Adventure,Low,Ajanta,Historical,High,Maharashtra,1.4
City Life,Medium,Radhanagar,Beach,Medium,Andaman,2.9
Religious,Low,Ajanta,Historical,Low,Maharashtra,2.91
City Life,Medium,Varkala,Beach,High,Kerala,1.4
Beach,Medium,Jaipur,Historical,Low,Rajasthan,2.01
Religious,High,Hampi,Historical,High,Karnataka,2.91
Historical,Medium,Leh,Adventure,Low,Ladakh,2.01
Hill Station,Low,Bodh Gaya,Religious,Medium,Bihar,1.41
Adventure,Medium,Rishikesh,Adventure,Medium,Uttarakhand,5.0
City Life,Medium,Dandeli,Adventure,High,Karnataka,1.4
Adventure,Low,Manali,Hill Station,Low,Himachal,2.91
Adventure,Low,Ranthambore,Wildlife,Medium,Rajasthan,1.4
Religious,High,Yadadri,Religious,Medium,Telangana,4.1
Religious,Medium,Marina,Beach,Low,Tamil Nadu,2.01
Historical,Medium,Manali,Hill Station,Low,Himachal,2.01
Wildlife,High,Manali,Hill Station,Medium,Himachal,2.0
Beach,Low,Kaziranga,Wildlife,Medium,Assam,1.4
Wildlife,High,Leh,Adventure,High,Ladakh,2.9
Hill Station,Low,Gangtok,Hill Station,High,Sikkim,3.5
Religious,Low,Puri,Beach,Medium,Odisha,1.41
Adventure,High,Marina,Beach,High,Tamil Nadu,2.9
Beach,Medium,Somnath,Religious,Low,Gujarat,2.0
Historical,Low,Jim Corbett,Wildlife,High,Uttarakhand,1.4
Religious,Low,Zulruk,Adventure,Low,Sikkim,2.9
Hill Station,Medium,Gir,Wildlife,High,Gujarat,1.4
Adventure,Medium,Jim Corbett,Wildlife,High,Uttarakhand,1.41
Hill Station,Medium,Ranthambore,Wildlife,Medium,Rajasthan,2.9
Beach,High,Gir,Wildlife,Medium,Gujarat,2.01
Wildlife,Medium,Hyderabad,City Life,Medium,Telangana,2.91
Hill Station,Medium,Ahmedabad,City Life,High,Gujarat,1.4
Historical,Low,Puri,Beach,Low,Odisha,2.91
Wildlife,Medium,Jaipur,Historical,High,Rajasthan,1.4
Wildlife,High,Ranthambore,Wildlife,Low,Rajasthan,4.11
Beach,High,Kolkata,City Life,Low,West Bengal,2.01
Wildlife,High,Varanasi,Religious,High,UP,2.91
Wildlife,Medium,Dandeli,Adventure,High,Karnataka,1.41
Wildlife,Medium,Rishikesh,Adventure,High,Uttarakhand,1.41
Adventure,Low,Gir,Wildlife,Low,Gujarat,2.9
Beach,Low,Ooty,Hill Station,Medium,Tamil Nadu,1.4
Beach,High,Zulruk,Adventure,Low,Sikkim,2.0
Adventure,Low,Manali,Hill Station,Medium,Himachal,1.41
Beach,High,Baga,Beach,Medium,Goa,4.1
Wildlife,Low,Jim Corbett,Wildlife,Low,Uttarakhand,5.0
Hill Station,High,Kaziranga,Wildlife,Medium,Assam,2.0
Adventure,Low,Mumbai,City Life,Medium,Maharashtra,1.41
Adventure,High,Khajuraho,Historical,Low,MP,2.01
Historical,Low,Leh,Adventure,Low,Ladakh,2.9
City Life,Medium,Gangtok,Hill Station,Low,Sikkim,2.01
Hill Station,Low,Tawang,Adventure,Medium,Arunachal,1.41
City Life,Medium,Madurai,Religious,Low,Tamil Nadu,2.0
Beach,Low,Yadadri,Religious,Medium,Telangana,1.41
Beach,High,Ajanta,Historical,Low,Maharashtra,2.0
Wildlife,Low,CP,City Life,Medium,Delhi,1.41
Beach,High,Zulruk,Adventure,Medium,Sikkim,2.01
City Life,Medium,Baga,Beach,High,Goa,1.4
Religious,High,Varanasi,Religious,Low,UP,4.11
Hill Station,High,Jim Corbett,Wildlife,Low,Uttarakhand,2.0
Religious,Low,Khajuraho,Historical,Medium,MP,1.41
Adventure,Medium,Bangalore,City Life,Low,Karnataka,2.0
Religious,High,Red Fort,Historical,Low,Delhi,2.0
Religious,Medium,Radhanagar,Beach,Low,Andaman,2.0
Wildlife,Low,Amritsar,Religious,High,Punjab,1.41
City Life,Medium,Khajuraho,Historical,Medium,MP,2.9
Religious,Medium,Mumbai,City Life,High,Maharashtra,1.4
Religious,High,Hyderabad,City Life,Low,Telangana,2.0
Religious,Low,Ahmedabad,City Life,Medium,Gujarat,1.41
Historical,Low,Yadadri,Religious,Medium,Telangana,1.41
Adventure,Low,Ooty,Hill Station,Low,Tamil Nadu,2.9
Religious,Low,Radhanagar,Beach,High,Andaman,1.41
Hill Station,Medium,Zulruk,Adventure,Medium,Sikkim,2.9
Historical,Medium,Marina,Beach,Medium,Tamil Nadu,2.91
City Life,Low,Ranthambore,Wildlife,High,Rajasthan,1.4
Religious,Low,Varanasi,Religious,Low,UP,5.0
Beach,High,Jaipur,Historical,High,Rajasthan,2.91
Adventure,Low,Yadadri,Religious,Medium,Telangana,1.4
Adventure,Medium,Red Fort,Historical,High,Delhi,1.41
Hill Station,Medium,Leh,Adventure,Medium,Ladakh,2.9
City Life,High,Amritsar,Religious,Medium,Punjab,2.01
Adventure,Medium,Radhanagar,Beach,Medium,Andaman,2.91
Religious,High,Madurai,Religious,Medium,Tamil Nadu,4.11
Wildlife,Medium,Ahmedabad,City Life,Medium,Gujarat,2.9
Hill Station,High,Rishikesh,Adventure,Medium,Uttarakhand,2.01
City Life,High,Ahmedabad,City Life,High,Gujarat,5.0
Historical,Low,Jim Corbett,Wildlife,Low,Uttarakhand,2.9
Historical,High,Ajanta,Historical,Medium,Maharashtra,4.11
Religious,Medium,Rishikesh,Adventure,Low,Uttarakhand,2.01
City Life,High,Kaziranga,Wildlife,Medium,Assam,2.0
Beach,High,Manali,Hill Station,Low,Himachal,2.01
Beach,High,Varanasi,Religious,High,UP,2.91
City Life,Low,Ahmedabad,City Life,Low,Gujarat,5.0
Adventure,Medium,Radhanagar,Beach,Medium,Andaman,2.91
City Life,Low,Shillong,Hill Station,Low,Meghalaya,2.9
Beach,Low,Ranthambore,Wildlife,Low,Rajasthan,2.9
City Life,High,Bandipur,Wildlife,Medium,Karnataka,2.01
Beach,Low,Zulruk,Adventure,Medium,Sikkim,1.4
Religious,High,Kaziranga,Wildlife,High,Assam,2.91
City Life,High,Kaziranga,Wildlife,Low,Assam,2.0
Religious,Low,Nainital,Hill Station,Low,Uttarakhand,2.91
Beach,Low,Marina,Beach,High,Tamil Nadu,3.51
Beach,Medium,Kanha,Wildlife,High,MP,1.41
Historical,High,Jim Corbett,Wildlife,Medium,Uttarakhand,2.01
Beach,Low,Bodh Gaya,Religious,Low,Bihar,2.91
Wildlife,High,Varanasi,Religious,Low,UP,2.0
City Life,Medium,Alibaug,Beach,Low,Maharashtra,2.01
Adventure,Medium,Khajuraho,Historical,High,MP,1.41
Wildlife,Medium,Spiti,Adventure,Low,Himachal,2.0
Adventure,High,Madurai,Religious,High,Tamil Nadu,2.91
City Life,High,Bodh Gaya,Religious,Medium,Bihar,2.0
Historical,High,Kanha,Wildlife,Low,MP,2.01
Hill Station,High,Kolkata,City Life,Medium,West Bengal,2.0
City Life,Medium,Manali,Hill Station,High,Himachal,1.41
Hill Station,Medium,Baga,Beach,High,Goa,1.4
Beach,Low,Somnath,Religious,Medium,Gujarat,1.4
Adventure,Low,Kanha,Wildlife,Low,MP,2.91
Adventure,Medium,Bandipur,Wildlife,High,Karnataka,1.4
Hill Station,Low,Bangalore,City Life,High,Karnataka,1.4
Beach,Low,Baga,Beach,High,Goa,3.5
Adventure,Low,Gangtok,Hill Station,Low,Sikkim,2.91
City Life,Medium,Hyderabad,City Life,Low,Telangana,4.1
City Life,Medium,Zulruk,Adventure,Low,Sikkim,2.0
Adventure,High,Mumbai,City Life,High,Maharashtra,2.9
Hill Station,High,Red Fort,Historical,Low,Delhi,2.01
City Life,Medium,CP,City Life,Low,Delhi,4.11
Adventure,Low,Nalanda,Historical,High,Bihar,1.4
Wildlife,Medium,Marina,Beach,Low,Tamil Nadu,2.0
Hill Station,Low,Puri,Beach,Medium,Odisha,1.41
Hill Station,Medium,Gulmarg,Hill Station,High,Kashmir,3.5
Religious,High,Kolkata,City Life,Medium,West Bengal,2.01
Beach,High,Zulruk,Adventure,Medium,Sikkim,2.0
Historical,Medium,Radhanagar,Beach,Medium,Andaman,2.91
Historical,Low,Nalanda,Historical,High,Bihar,3.5
City Life,Low,Kolkata,City Life,Low,West Bengal,5.0
Wildlife,High,Gir,Wildlife,Low,Gujarat,4.1
Historical,High,Rishikesh,Adventure,Low,Uttarakhand,2.01
Beach,Medium,Kaziranga,Wildlife,Medium,Assam,2.9
Adventure,Medium,Gulmarg,Hill Station,High,Kashmir,1.4
Adventure,High,Kanha,Wildlife,Medium,MP,2.0
Hill Station,Low,Nainital,Hill Station,High,Uttarakhand,3.5
Historical,Medium,Leh,Adventure,Low,Ladakh,2.0
Religious,Medium,Somnath,Religious,Low,Gujarat,4.11
Adventure,Medium,Nainital,Hill Station,Medium,Uttarakhand,2.9
Adventure,Low,Bodh Gaya,Religious,Low,Bihar,2.9
Adventure,High,Ajanta,Historical,Medium,Maharashtra,2.0
Hill Station,Medium,Ahmedabad,City Life,High,Gujarat,1.4
Wildlife,Low,Red Fort,Historical,High,Delhi,1.4
Beach,Low,Gangtok,Hill Station,Medium,Sikkim,1.4
Historical,Medium,Gulmarg,Hill Station,Low,Kashmir,2.0
Wildlife,Medium,Gir,Wildlife,Medium,Gujarat,5.0
Religious,Medium,Ahmedabad,City Life,High,Gujarat,1.41
Wildlife,High,Yadadri,Religious,High,Telangana,2.91
Beach,Medium,Nainital,Hill Station,Medium,Uttarakhand,2.9
Wildlife,High,Leh,Adventure,Low,Ladakh,2.01
Hill Station,Medium,Mumbai,City Life,Low,Maharashtra,2.01
Historical,Low,CP,City Life,Medium,Delhi,1.41
Hill Station,Medium,Alibaug,Beach,Medium,Maharashtra,2.9
Historical,Low,Radhanagar,Beach,Low,Andaman,2.9
City Life,Low,Nainital,Hill Station,Low,Uttarakhand,2.91
Beach,High,Kolkata,City Life,High,West Bengal,2.91
City Life,High,Kolkata,City Life,High,West Bengal,5.0
Hill Station,Low,Gulmarg,Hill Station,Medium,Kashmir,3.5
Beach,Medium,Bangalore,City Life,Low,Karnataka,2.01
Wildlife,Low,Gangtok,Hill Station,High,Sikkim,1.41
Adventure,High,Radhanagar,Beach,High,Andaman,2.9
Adventure,Low,Puri,Beach,High,Odisha,1.4
Wildlife,Medium,Nalanda,Historical,High,Bihar,1.4
Adventure,Medium,Zulruk,Adventure,High,Sikkim,3.5
City Life,Medium,Khajuraho,Historical,Low,MP,2.0
Adventure,Low,Nalanda,Historical,Medium,Bihar,1.41
Historical,Low,Gir,Wildlife,High,Gujarat,1.4
Hill Station,Low,Tawang,Adventure,Low,Arunachal,2.9
City Life,Low,Jim Corbett,Wildlife,Low,Uttarakhand,2.9
Religious,Low,Varkala,Beach,High,Kerala,1.4
Religious,Medium,Red Fort,Historical,Medium,Delhi,2.91
Adventure,Low,Kanha,Wildlife,Medium,MP,1.41
Wildlife,High,Radhanagar,Beach,Low,Andaman,2.0
Beach,Low,Baga,Beach,Medium,Goa,3.5
City Life,Low,Gangtok,Hill Station,Low,Sikkim,2.91
Wildlife,High,Varanasi,Religious,Medium,UP,2.01
Religious,High,Kolkata,City Life,High,West Bengal,2.9
Adventure,Low,Puri,Beach,High,Odisha,1.4
Religious,High,Rishikesh,Adventure,High,Uttarakhand,2.91
Hill Station,Medium,Kolkata,City Life,Low,West Bengal,2.01
Adventure,Medium,Bandipur,Wildlife,Medium,Karnataka,2.91
Religious,Low,Nainital,Hill Station,Low,Uttarakhand,2.9
Adventure,High,Radhanagar,Beach,Low,Andaman,2.01
Wildlife,Low,Jim Corbett,Wildlife,High,Uttarakhand,3.5
Hill Station,Medium,Gulmarg,Hill Station,High,Kashmir,3.51
Beach,High,Zulruk,Adventure,Low,Sikkim,2.0
Adventure,Low,Rishikesh,Adventure,High,Uttarakhand,3.5
Hill Station,Medium,Kolkata,City Life,Medium,West Bengal,2.9
Hill Station,Low,Mumbai,City Life,Low,Maharashtra,2.91
Adventure,Low,Madurai,Religious,Low,Tamil Nadu,2.9
Adventure,High,Varanasi,Religious,High,UP,2.91
Wildlife,Low,Baga,Beach,Low,Goa,2.9
City Life,Medium,Alibaug,Beach,Medium,Maharashtra,2.91
Historical,High,Radhanagar,Beach,Medium,Andaman,2.01
Hill Station,High,Yadadri,Religious,Low,Telangana,2.01
Historical,High,Leh,Adventure,Low,Ladakh,2.01
Hill Station,High,Varanasi,Religious,Low,UP,2.0
City Life,Low,Shillong,Hill Station,Low,Meghalaya,2.91
Adventure,Medium,Radhanagar,Beach,Medium,Andaman,2.9
City Life,Low,Nalanda,Historical,Low,Bihar,2.9
Hill Station,High,Leh,Adventure,Medium,Ladakh,2.01
Beach,High,Nainital,Hill Station,Medium,Uttarakhand,2.01
Historical,Medium,Alibaug,Beach,High,Maharashtra,1.41
Hill Station,Low,Yadadri,Religious,High,Telangana,1.4
Adventure,Medium,Baga,Beach,Low,Goa,2.01
City Life,Medium,Red Fort,Historical,Medium,Delhi,2.91
Hill Station,Low,Red Fort,Historical,Medium,Delhi,1.4
Hill Station,Medium,Zulruk,Adventure,Medium,Sikkim,2.91
Historical,Low,Hampi,Historical,Medium,Karnataka,3.5
Beach,Low,Varkala,Beach,Medium,Kerala,3.5
Hill Station,Low,Spiti,Adventure,Low,Himachal,2.91
Religious,Low,CP,City Life,High,Delhi,1.41
Religious,High,Kaziranga,Wildlife,Medium,Assam,2.0
Religious,Low,Kolkata,City Life,Low,West Bengal,2.9
Historical,Low,Varanasi,Religious,High,UP,1.41
Beach,Medium,Spiti,Adventure,High,Himachal,1.41
Religious,High,Kanha,Wildlife,High,MP,2.9
Religious,Medium,Bangalore,City Life,Medium,Karnataka,2.91
Hill Station,High,Leh,Adventure,Medium,Ladakh,2.01
Adventure,High,Tawang,Adventure,High,Arunachal,5.0
City Life,High,Puri,Beach,Low,Odisha,2.0
Historical,Medium,Baga,Beach,Medium,Goa,2.9
Hill Station,Medium,Somnath,Religious,High,Gujarat,1.4
Beach,High,Madurai,Religious,Low,Tamil Nadu,2.0
Wildlife,High,Zulruk,Adventure,Low,Sikkim,2.01
Wildlife,Medium,Amritsar,Religious,Low,Punjab,2.01
Beach,High,Kolkata,City Life,High,West Bengal,2.91
Wildlife,Low,Ahmedabad,City Life,Low,Gujarat,2.9
Beach,Low,Leh,Adventure,Low,Ladakh,2.91
Beach,Low,Varanasi,Religious,Medium,UP,1.4
Wildlife,High,Jim Corbett,Wildlife,High,Uttarakhand,5.0
Hill Station,Low,Nalanda,Historical,Low,Bihar,2.91
Beach,Low,Red Fort,Historical,Medium,Delhi,1.4
City Life,Low,Puri,Beach,High,Odisha,1.4
Religious,Low,Dandeli,Adventure,Medium,Karnataka,1.41
Hill Station,High,Bodh Gaya,Religious,Low,Bihar,2.0
Historical,Medium,Dandeli,Adventure,Low,Karnataka,2.0
Hill Station,Low,Gulmarg,Hill Station,Low,Kashmir,5.0
Historical,High,Manali,Hill Station,High,Himachal,2.91
Religious,Low,Gulmarg,Hill Station,High,Kashmir,1.41
Adventure,Medium,Bandipur,Wildlife,Medium,Karnataka,2.91
Hill Station,High,Kaziranga,Wildlife,Low,Assam,2.01
Religious,Medium,Hyderabad,City Life,Medium,Telangana,2.9
Adventure,High,Bandipur,Wildlife,Medium,Karnataka,2.0
Hill Station,Medium,Bodh Gaya,Religious,Medium,Bihar,2.91
Beach,High,Leh,Adventure,Medium,Ladakh,2.0
Hill Station,Medium,Red Fort,Historical,Medium,Delhi,2.9
City Life,Medium,Kolkata,City Life,Low,West Bengal,4.11
Historical,Medium,Madurai,Religious,Medium,Tamil Nadu,2.91
Historical,Medium,Spiti,Adventure,Medium,Himachal,2.91
City Life,Medium,Shillong,Hill Station,Low,Meghalaya,2.0
City Life,Medium,Kolkata,City Life,High,West Bengal,3.5
Historical,High,Nalanda,Historical,Medium,Bihar,4.1
Religious,Medium,Varanasi,Religious,Low,UP,4.1
Religious,Low,Tawang,Adventure,High,Arunachal,1.4
City Life,Medium,Tawang,Adventure,High,Arunachal,1.4
Beach,Medium,Gangtok,Hill Station,High,Sikkim,1.41
Wildlife,Medium,Khajuraho,Historical,Low,MP,2.0
Hill Station,Low,Manali,Hill Station,Medium,Himachal,3.5
Wildlife,Low,Gulmarg,Hill Station,Medium,Kashmir,1.41
Adventure,Low,Ranthambore,Wildlife,Low,Rajasthan,2.91
Historical,Medium,Kolkata,City Life,Medium,West Bengal,2.91
Wildlife,Medium,Tawang,Adventure,Medium,Arunachal,2.91
Wildlife,Medium,Jaipur,Historical,Low,Rajasthan,2.0
Wildlife,High,Madurai,Religious,High,Tamil Nadu,2.9
Wildlife,High,Khajuraho,Historical,Low,MP,2.01
City Life,Low,Yadadri,Religious,Medium,Telangana,1.41
Adventure,Low,Ajanta,Historical,High,Maharashtra,1.41
Historical,Medium,Ranthambore,Wildlife,High,Rajasthan,1.4
Hill Station,Medium,Red Fort,Historical,Medium,Delhi,2.91
Adventure,Low,Jaipur,Historical,High,Rajasthan,1.4
Hill Station,Medium,Shillong,Hill Station,Medium,Meghalaya,5.0
City Life,Medium,Somnath,Religious,Medium,Gujarat,2.91
Adventure,Medium,Madurai,Religious,Low,Tamil Nadu,2.01
Historical,Medium,Jaipur,Historical,High,Rajasthan,3.51
City Life,High,Madurai,Religious,Medium,Tamil Nadu,2.01
Beach,High,Leh,Adventure,High,Ladakh,2.91
Adventure,Low,Gulmarg,Hill Station,Medium,Kashmir,1.4
Religious,High,Gir,Wildlife,High,Gujarat,2.9
City Life,Low,Hampi,Historical,Medium,Karnataka,1.41
Adventure,Low,Varkala,Beach,Medium,Kerala,1.41
Hill Station,Low,CP,City Life,Low,Delhi,2.9
Adventure,High,Baga,Beach,High,Goa,2.9
Historical,Medium,Somnath,Religious,Medium,Gujarat,2.9
Historical,Medium,Shillong,Hill Station,High,Meghalaya,1.41
Hill Station,High,Red Fort,Historical,Low,Delhi,2.0
Religious,Medium,Bandipur,Wildlife,Medium,Karnataka,2.9
Religious,Medium,Alibaug,Beach,Medium,Maharashtra,2.91
Religious,Low,Red Fort,Historical,High,Delhi,1.41
Historical,High,Nalanda,Historical,Medium,Bihar,4.11
Hill Station,Medium,Khajuraho,Historical,Low,MP,2.0
Adventure,Medium,Hyderabad,City Life,Low,Telangana,2.0
City Life,Medium,Hyderabad,City Life,High,Telangana,3.51
Wildlife,High,Jaipur,Historical,High,Rajasthan,2.91
Beach,High,Ajanta,Historical,Low,Maharashtra,2.0
Hill Station,Low,Nalanda,Historical,High,Bihar,1.4
Religious,Low,Alibaug,Beach,High,Maharashtra,1.41
Beach,Low,Dandeli,Adventure,Medium,Karnataka,1.41
Beach,Low,Ranthambore,Wildlife,Low,Rajasthan,2.9
Adventure,Low,Jaipur,Historical,Medium,Rajasthan,1.41
Beach,High,Zulruk,Adventure,High,Sikkim,2.91
Religious,Medium,Spiti,Adventure,Medium,Himachal,2.91
Religious,Medium,Khajuraho,Historical,Low,MP,2.0
Adventure,Medium,Bodh Gaya,Religious,Low,Bihar,2.0
Historical,Medium,Gangtok,Hill Station,High,Sikkim,1.4
Hill Station,High,Rishikesh,Adventure,High,Uttarakhand,2.9
Historical,Low,Baga,Beach,Medium,Goa,1.4
Historical,Medium,Varanasi,Religious,Low,UP,2.0
Historical,Medium,Bodh Gaya,Religious,Low,Bihar,2.0
Wildlife,High,Bodh Gaya,Religious,Low,Bihar,2.01
City Life,High,Baga,Beach,Low,Goa,2.0
Hill Station,Low,Red Fort,Historical,High,Delhi,1.41
Adventure,High,Rishikesh,Adventure,High,Uttarakhand,5.0
Beach,Low,Kaziranga,Wildlife,Low,Assam,2.9
Religious,Low,Radhanagar,Beach,High,Andaman,1.4
City Life,Medium,Nainital,Hill Station,Low,Uttarakhand,2.0
Wildlife,Medium,Yadadri,Religious,Low,Telangana,2.01
City Life,Medium,Kolkata,City Life,Medium,West Bengal,5.0
Historical,Low,Zulruk,Adventure,High,Sikkim,1.41
Historical,Low,Tawang,Adventure,Medium,Arunachal,1.41
City Life,High,CP,City Life,Low,Delhi,4.1
Religious,Medium,Kaziranga,Wildlife,High,Assam,1.4
City Life,High,Yadadri,Religious,Low,Telangana,2.01
Historical,Low,Leh,Adventure,Medium,Ladakh,1.4
Historical,Medium,Somnath,Religious,High,Gujarat,1.4
Adventure,High,Manali,Hill Station,High,Himachal,2.91
Religious,Low,Marina,Beach,High,Tamil Nadu,1.4
City Life,Low,Ooty,Hill Station,Medium,Tamil Nadu,1.4
Wildlife,High,CP,City Life,High,Delhi,2.9
Historical,Medium,Leh,Adventure,High,Ladakh,1.4
Hill Station,Medium,Tawang,Adventure,High,Arunachal,1.41
Hill Station,Medium,Jaipur,Historical,High,Rajasthan,1.4
Adventure,Medium,Alibaug,Beach,Medium,Maharashtra,2.9
City Life,Medium,Bodh Gaya,Religious,Medium,Bihar,2.9
City Life,High,Jaipur,Historical,Medium,Rajasthan,2.0
Adventure,Low,Manali,Hill Station,Medium,Himachal,1.41
Religious,Low,Radhanagar,Beach,Low,Andaman,2.91
Religious,Medium,Nalanda,Historical,Low,Bihar,2.01
Wildlife,Medium,CP,City Life,Medium,Delhi,2.91
City Life,High,Baga,Beach,Low,Goa,2.01
Hill Station,Medium,Ooty,Hill Station,Medium,Tamil Nadu,5.0
Religious,High,Kolkata,City Life,Medium,West Bengal,2.0
City Life,Low,Varkala,Beach,Medium,Kerala,1.41
Beach,Medium,Ajanta,Historical,Medium,Maharashtra,2.91
Hill Station,High,Kolkata,City Life,Low,West Bengal,2.01
Adventure,Medium,Kanha,Wildlife,Medium,MP,2.9
Adventure,Medium,Yadadri,Religious,High,Telangana,1.41
Historical,Medium,Zulruk,Adventure,Medium,Sikkim,2.9
Adventure,Medium,Ranthambore,Wildlife,Low,Rajasthan,2.01
Adventure,Low,Gangtok,Hill Station,Low,Sikkim,2.91
Hill Station,Low,Somnath,Religious,Low,Gujarat,2.91
Religious,Medium,Gulmarg,Hill Station,Low,Kashmir,2.01
Wildlife,High,Mumbai,City Life,Medium,Maharashtra,2.0
City Life,High,Bandipur,Wildlife,Medium,Karnataka,2.01
Beach,Low,Khajuraho,Historical,Low,MP,2.91
Wildlife,High,Varkala,Beach,High,Kerala,2.91
Hill Station,Medium,Somnath,Religious,High,Gujarat,1.41
Hill Station,Medium,Kolkata,City Life,High,West Bengal,1.41
Religious,Low,Kanha,Wildlife,Low,MP,2.9
Historical,Low,Hyderabad,City Life,Low,Telangana,2.9
City Life,Medium,Hyderabad,City Life,High,Telangana,3.51
Wildlife,Medium,Ranthambore,Wildlife,High,Rajasthan,3.5
Wildlife,Medium,Ranthambore,Wildlife,Medium,Rajasthan,5.0
Adventure,Medium,Mumbai,City Life,High,Maharashtra,1.41
Historical,Low,Mumbai,City Life,Low,Maharashtra,2.9
City Life,Medium,Yadadri,Religious,Low,Telangana,2.0
City Life,Low,Madurai,Religious,Medium,Tamil Nadu,1.4
City Life,High,Hyderabad,City Life,High,Telangana,5.0
Hill Station,Medium,Puri,Beach,High,Odisha,1.41
City Life,High,Red Fort,Historical,High,Delhi,2.91
Wildlife,High,Hyderabad,City Life,Medium,Telangana,2.01
Hill Station,Medium,Amritsar,Religious,Medium,Punjab,2.91
Religious,Medium,Gir,Wildlife,Low,Gujarat,2.0
Beach,Medium,Hampi,Historical,High,Karnataka,1.41
Beach,Medium,Rishikesh,Adventure,Medium,Uttarakhand,2.9
Adventure,High,Gangtok,Hill Station,Low,Sikkim,2.0
Adventure,Medium,Bodh Gaya,Religious,Low,Bihar,2.0
Hill Station,Low,Ajanta,Historical,Low,Maharashtra,2.9
Historical,Medium,Manali,Hill Station,Medium,Himachal,2.91
Beach,High,Somnath,Religious,High,Gujarat,2.9
Hill Station,Low,Leh,Adventure,Low,Ladakh,2.91
Religious,High,Baga,Beach,Low,Goa,2.01
City Life,High,Bandipur,Wildlife,Low,Karnataka,2.0
Historical,Low,Somnath,Religious,Medium,Gujarat,1.4
Wildlife,High,Spiti,Adventure,Medium,Himachal,2.01
Adventure,High,Hampi,Historical,High,Karnataka,2.91
City Life,High,Dandeli,Adventure,Medium,Karnataka,2.0
Historical,Low,Bandipur,Wildlife,Low,Karnataka,2.91
City Life,Low,Hyderabad,City Life,Medium,Telangana,3.5
Historical,High,Red Fort,Historical,Low,Delhi,4.1
City Life,High,Baga,Beach,Medium,Goa,2.01
Religious,High,Puri,Beach,Medium,Odisha,2.0
Historical,Low,Marina,Beach,Medium,Tamil Nadu,1.41
City Life,Medium,Jim Corbett,Wildlife,Medium,Uttarakhand,2.91
Wildlife,High,Yadadri,Religious,Low,Telangana,2.01
City Life,Medium,Tawang,Adventure,High,Arunachal,1.41
Wildlife,Low,Marina,Beach,High,Tamil Nadu,1.4
Beach,Medium,Rishikesh,Adventure,Medium,Uttarakhand,2.91
Beach,Medium,Ajanta,Historical,Low,Maharashtra,2.0
Wildlife,High,Mumbai,City Life,Low,Maharashtra,2.0
Historical,High,Zulruk,Adventure,Medium,Sikkim,2.0
Beach,Medium,Varkala,Beach,High,Kerala,3.51
Hill Station,High,Nalanda,Historical,Medium,Bihar,2.01
Wildlife,Medium,Rishikesh,Adventure,High,Uttarakhand,1.41
Wildlife,Medium,Ajanta,Historical,Low,Maharashtra,2.0
Historical,High,Nainital,Hill Station,Low,Uttarakhand,2.0
Historical,Medium,CP,City Life,Medium,Delhi,2.91
Wildlife,High,Hampi,Historical,Low,Karnataka,2.0
Hill Station,Low,Radhanagar,Beach,Low,Andaman,2.91
Wildlife,Medium,Puri,Beach,Low,Odisha,2.0
Wildlife,Medium,Varanasi,Religious,Medium,UP,2.91
Adventure,Medium,Ahmedabad,City Life,Low,Gujarat,2.0
Historical,High,Somnath,Religious,High,Gujarat,2.91
Hill Station,Low,Marina,Beach,Medium,Tamil Nadu,1.41
City Life,High,Dandeli,Adventure,High,Karnataka,2.9
Wildlife,Low,Kanha,Wildlife,Medium,MP,3.51
Religious,Medium,Ooty,Hill Station,Low,Tamil Nadu,2.01
Beach,High,CP,City Life,Medium,Delhi,2.0
Wildlife,Medium,Dandeli,Adventure,High,Karnataka,1.4
Historical,High,Marina,Beach,Medium,Tamil Nadu,2.01
Wildlife,Medium,Nalanda,Historical,High,Bihar,1.4
Religious,Low,Dandeli,Adventure,Medium,Karnataka,1.4
Religious,High,Mumbai,City Life,High,Maharashtra,2.9
Wildlife,Medium,Amritsar,Religious,Low,Punjab,2.0
Religious,High,Ajanta,Historical,Medium,Maharashtra,2.01
Beach,High,Yadadri,Religious,Medium,Telangana,2.0
City Life,High,Gir,Wildlife,Low,Gujarat,2.0
Religious,Low,Marina,Beach,High,Tamil Nadu,1.41
Wildlife,High,Madurai,Religious,Medium,Tamil Nadu,2.0
Religious,Medium,Bandipur,Wildlife,Medium,Karnataka,2.9
Hill Station,Medium,Hampi,Historical,High,Karnataka,1.41
Hill Station,Low,Madurai,Religious,Low,Tamil Nadu,2.91
Adventure,Medium,Hyderabad,City Life,Low,Telangana,2.0
Hill Station,High,Bandipur,Wildlife,Low,Karnataka,2.0
Wildlife,High,Baga,Beach,Low,Goa,2.01
City Life,Low,Puri,Beach,Medium,Odisha,1.4
Historical,Medium,Jim Corbett,Wildlife,Low,Uttarakhand,2.0
Religious,Low,Ajanta,Historical,Medium,Maharashtra,1.4
Wildlife,Medium,Nalanda,Historical,Medium,Bihar,2.91
Beach,High,Shillong,Hill Station,Medium,Meghalaya,2.01
Historical,High,Leh,Adventure,High,Ladakh,2.91
Adventure,Low,Shillong,Hill Station,High,Meghalaya,1.4
City Life,Medium,Varanasi,Religious,High,UP,1.41
Religious,High,Gir,Wildlife,Medium,Gujarat,2.01
Hill Station,Medium,Shillong,Hill Station,High,Meghalaya,3.51
Adventure,Low,Mumbai,City Life,High,Maharashtra,1.4
Wildlife,Low,Spiti,Adventure,High,Himachal,1.41
Beach,High,Spiti,Adventure,Medium,Himachal,2.0
Wildlife,Low,Amritsar,Religious,Medium,Punjab,1.4
Religious,Low,Varanasi,Religious,Low,UP,5.0
Wildlife,Low,CP,City Life,Low,Delhi,2.9
Historical,Medium,Ooty,Hill Station,Low,Tamil Nadu,2.0
Beach,High,Kaziranga,Wildlife,Medium,Assam,2.01
Historical,High,Bangalore,City Life,Medium,Karnataka,2.01
Religious,Medium,Tawang,Adventure,Low,Arunachal,2.01
Hill Station,Low,Spiti,Adventure,Low,Himachal,2.9
Religious,Low,Somnath,Religious,Low,Gujarat,5.0
Adventure,Low,Zulruk,Adventure,Low,Sikkim,5.0
Hill Station,Medium,Nalanda,Historical,High,Bihar,1.4
Religious,Low,Bodh Gaya,Religious,High,Bihar,3.51
Historical,Medium,Mumbai,City Life,High,Maharashtra,1.41
City Life,High,Bandipur,Wildlife,Medium,Karnataka,2.01
Wildlife,Low,Kaziranga,Wildlife,High,Assam,3.5
Religious,High,Hampi,Historical,Low,Karnataka,2.01
Religious,Low,Kolkata,City Life,Low,West Bengal,2.9
Religious,High,Jaipur,Historical,High,Rajasthan,2.9
Beach,Low,Gangtok,Hill Station,Low,Sikkim,2.91
Historical,High,Red Fort,Historical,Low,Delhi,4.11
Wildlife,High,Manali,Hill Station,Medium,Himachal,2.0
Religious,Low,Puri,Beach,Medium,Odisha,1.41
City Life,Medium,Marina,Beach,Low,Tamil Nadu,2.0
Beach,Medium,Varkala,Beach,Medium,Kerala,5.0
Adventure,Low,Red Fort,Historical,Low,Delhi,2.9
Historical,Medium,Shillong,Hill Station,Low,Meghalaya,2.0
City Life,Low,Red Fort,Historical,Medium,Delhi,1.41
City Life,Medium,Tawang,Adventure,High,Arunachal,1.4
Adventure,Medium,Gulmarg,Hill Station,Medium,Kashmir,2.91
Hill Station,Medium,Gir,Wildlife,Low,Gujarat,2.01
Hill Station,High,Hyderabad,City Life,Medium,Telangana,2.0
Hill Station,High,Madurai,Religious,Low,Tamil Nadu,2.01
Adventure,Medium,Varanasi,Religious,Medium,UP,2.91
City Life,High,Red Fort,Historical,Medium,Delhi,2.01
City Life,High,Baga,Beach,Low,Goa,2.01
Beach,Medium,Shillong,Hill Station,Low,Meghalaya,2.01
City Life,Low,Hampi,Historical,Low,Karnataka,2.91
Religious,Low,Jaipur,Historical,Low,Rajasthan,2.91
Beach,High,Jim Corbett,Wildlife,Medium,Uttarakhand,2.0
Adventure,Low,Nainital,Hill Station,Medium,Uttarakhand,1.4
Historical,Low,Tawang,Adventure,High,Arunachal,1.41
Adventure,Medium,Madurai,Religious,Medium,Tamil Nadu,2.91
Adventure,Medium,Alibaug,Beach,Low,Maharashtra,2.01
Adventure,High,Varkala,Beach,Medium,Kerala,2.0
City Life,High,Spiti,Adventure,High,Himachal,2.91
Religious,High,Bodh Gaya,Religious,Low,Bihar,4.1
Historical,Low,Amritsar,Religious,Medium,Punjab,1.4
Historical,Low,Zulruk,Adventure,Medium,Sikkim,1.41
Wildlife,Low,Ahmedabad,City Life,Low,Gujarat,2.91
City Life,High,CP,City Life,Low,Delhi,4.11
City Life,Medium,Nainital,Hill Station,Low,Uttarakhand,2.01
Religious,Medium,Madurai,Religious,High,Tamil Nadu,3.51
City Life,High,Ooty,Hill Station,Medium,Tamil Nadu,2.01
Adventure,Medium,Amritsar,Religious,Medium,Punjab,2.91
Religious,High,Jim Corbett,Wildlife,Low,Uttarakhand,2.01
Hill Station,Medium,Bodh Gaya,Religious,Low,Bihar,2.0
Wildlife,Low,Jaipur,Historical,High,Rajasthan,1.4
Wildlife,High,Jaipur,Historical,High,Rajasthan,2.91
Hill Station,Medium,Zulruk,Adventure,Medium,Sikkim,2.91
Wildlife,High,Jaipur,Historical,Low,Rajasthan,2.01
Beach,Low,CP,City Life,Low,Delhi,2.91
Historical,Medium,Hyderabad,City Life,Low,Telangana,2.01
Adventure,High,Amritsar,Religious,Medium,Punjab,2.01
Adventure,High,Gulmarg,Hill Station,High,Kashmir,2.91
Historical,Medium,Somnath,Religious,Medium,Gujarat,2.91
Religious,Low,Red Fort,Historical,High,Delhi,1.4
Religious,Medium,Shillong,Hill Station,Medium,Meghalaya,2.9
City Life,Medium,Gir,Wildlife,Medium,Gujarat,2.91
Religious,Medium,Ajanta,Historical,Low,Maharashtra,2.0
Adventure,High,Hyderabad,City Life,Low,Telangana,2.01
Adventure,Low,Kaziranga,Wildlife,High,Assam,1.4
Beach,Medium,Kaziranga,Wildlife,Medium,Assam,2.91
Religious,High,Rishikesh,Adventure,Low,Uttarakhand,2.0
Beach,Medium,Dandeli,Adventure,Low,Karnataka,2.0
City Life,Low,Ajanta,Historical,Medium,Maharashtra,1.4
Wildlife,Low,Khajuraho,Historical,Medium,MP,1.41
Historical,Medium,Marina,Beach,Medium,Tamil Nadu,2.91
Hill Station,High,Kolkata,City Life,High,West Bengal,2.91
City Life,Medium,Varanasi,Religious,Medium,UP,2.91
Hill Station,Medium,Ajanta,Historical,Low,Maharashtra,2.0
Religious,Medium,Madurai,Religious,Medium,Tamil Nadu,5.0
Historical,Low,Kaziranga,Wildlife,High,Assam,1.41
Religious,Low,Nalanda,Historical,High,Bihar,1.4
Wildlife,Medium,Gir,Wildlife,Low,Gujarat,4.11
Historical,Medium,Bangalore,City Life,Medium,Karnataka,2.9
Religious,Low,Spiti,Adventure,High,Himachal,1.4
Hill Station,High,Bodh Gaya,Religious,High,Bihar,2.9
Wildlife,Medium,Ooty,Hill Station,High,Tamil Nadu,1.41
Wildlife,Low,Gangtok,Hill Station,High,Sikkim,1.4
City Life,High,Varanasi,Religious,Medium,UP,2.01
Religious,High,Zulruk,Adventure,Medium,Sikkim,2.0
Religious,Low,Khajuraho,Historical,High,MP,1.4
Religious,Low,Khajuraho,Historical,High,MP,1.4
City Life,High,Mumbai,City Life,High,Maharashtra,5.0
Historical,Medium,Bangalore,City Life,Medium,Karnataka,2.9
Beach,Medium,Bandipur,Wildlife,Medium,Karnataka,2.91
Historical,Medium,Kaziranga,Wildlife,Medium,Assam,2.91
City Life,High,Khajuraho,Historical,High,MP,2.91
City Life,Medium,Nainital,Hill Station,High,Uttarakhand,1.4
Adventure,Medium,Dandeli,Adventure,Low,Karnataka,4.11
City Life,Low,Yadadri,Religious,Low,Telangana,2.91
Historical,Low,Nalanda,Historical,Low,Bihar,5.0
Hill Station,Low,Ranthambore,Wildlife,Low,Rajasthan,2.9
Religious,Medium,Tawang,Adventure,Medium,Arunachal,2.9
Historical,Low,Varkala,Beach,Medium,Kerala,1.4
City Life,High,Bandipur,Wildlife,Medium,Karnataka,2.01
Adventure,Low,Nainital,Hill Station,Medium,Uttarakhand,1.41
Adventure,Low,Yadadri,Religious,Medium,Telangana,1.41
City Life,Low,Ahmedabad,City Life,Low,Gujarat,5.0
Religious,Medium,Bandipur,Wildlife,Medium,Karnataka,2.9
Adventure,High,Varkala,Beach,Low,Kerala,2.01
City Life,Medium,Kolkata,City Life,High,West Bengal,3.5
Wildlife,High,Bodh Gaya,Religious,High,Bihar,2.91
Beach,Medium,Gir,Wildlife,Low,Gujarat,2.01
Wildlife,High,Kolkata,City Life,High,West Bengal,2.9
City Life,Low,Shillong,Hill Station,High,Meghalaya,1.41
Religious,High,Shillong,Hill Station,Medium,Meghalaya,2.01
Hill Station,High,Baga,Beach,Low,Goa,2.0
Wildlife,Medium,Dandeli,Adventure,Low,Karnataka,2.0
Beach,Low,Red Fort,Historical,Low,Delhi,2.9
Religious,High,Yadadri,Religious,High,Telangana,5.0
Religious,Low,Mumbai,City Life,Medium,Maharashtra,1.41
City Life,Low,Khajuraho,Historical,Medium,MP,1.41
Historical,Medium,Shillong,Hill Station,High,Meghalaya,1.4
City Life,High,Ranthambore,Wildlife,Low,Rajasthan,2.0
Religious,Low,Ranthambore,Wildlife,Low,Rajasthan,2.9
Wildlife,High,Rishikesh,Adventure,Medium,Uttarakhand,2.0
Religious,High,Amritsar,Religious,Low,Punjab,4.1
City Life,Low,Kolkata,City Life,Low,West Bengal,5.0
Religious,High,Varanasi,Religious,Low,UP,4.11
Hill Station,Low,Ranthambore,Wildlife,High,Rajasthan,1.41
City Life,Medium,Somnath,Religious,High,Gujarat,1.4
Historical,High,Hampi,Historical,Medium,Karnataka,4.1
Hill Station,High,Bangalore,City Life,High,Karnataka,2.91
Religious,Low,Alibaug,Beach,Medium,Maharashtra,1.4
Historical,High,Ahmedabad,City Life,High,Gujarat,2.9
Wildlife,Low,Jaipur,Historical,Medium,Rajasthan,1.41
Religious,Medium,Yadadri,Religious,Low,Telangana,4.11
Religious,High,Zulruk,Adventure,Low,Sikkim,2.01
Religious,High,Hyderabad,City Life,Medium,Telangana,2.0
City Life,Medium,Hampi,Historical,High,Karnataka,1.4
Hill Station,Low,Gir,Wildlife,Low,Gujarat,2.91
Adventure,Low,Kaziranga,Wildlife,Low,Assam,2.9
Beach,High,Ooty,Hill Station,Low,Tamil Nadu,2.0
Hill Station,High,Red Fort,Historical,Medium,Delhi,2.01
Adventure,Medium,Radhanagar,Beach,High,Andaman,1.4
Beach,Medium,CP,City Life,Medium,Delhi,2.91
Adventure,High,Hyderabad,City Life,Low,Telangana,2.01
Hill Station,High,Bodh Gaya,Religious,Low,Bihar,2.0
Hill Station,High,Tawang,Adventure,Medium,Arunachal,2.0
Historical,Low,Shillong,Hill Station,High,Meghalaya,1.4
Wildlife,Medium,Jaipur,Historical,Medium,Rajasthan,2.9
Adventure,Low,Jim Corbett,Wildlife,High,Uttarakhand,1.41
Wildlife,Low,Mumbai,City Life,High,Maharashtra,1.41
Beach,Low,Ooty,Hill Station,Medium,Tamil Nadu,1.4
Wildlife,Low,Hampi,Historical,Medium,Karnataka,1.41
City Life,High,Spiti,Adventure,Medium,Himachal,2.0
Historical,Medium,Gulmarg,Hill Station,Low,Kashmir,2.0
Hill Station,Medium,Ranthambore,Wildlife,Low,Rajasthan,2.0
City Life,Medium,Kaziranga,Wildlife,High,Assam,1.4
Adventure,High,Baga,Beach,Low,Goa,2.01
Beach,Low,Kaziranga,Wildlife,Low,Assam,2.91
Adventure,Low,Bodh Gaya,Religious,Medium,Bihar,1.41
Hill Station,Low,Hyderabad,City Life,Low,Telangana,2.9
Religious,High,Ahmedabad,City Life,Low,Gujarat,2.01
Adventure,Medium,CP,City Life,Low,Delhi,2.01
Adventure,Medium,Amritsar,Religious,High,Punjab,1.4
Religious,Low,Jim Corbett,Wildlife,Low,Uttarakhand,2.91
Historical,Medium,Somnath,Religious,Medium,Gujarat,2.91
Adventure,High,Bandipur,Wildlife,Medium,Karnataka,2.0
Historical,Low,Ranthambore,Wildlife,High,Rajasthan,1.4
Hill Station,Low,CP,City Life,Medium,Delhi,1.41
Adventure,Low,Jim Corbett,Wildlife,Low,Uttarakhand,2.9
Hill Station,Low,Hampi,Historical,High,Karnataka,1.4
Historical,High,Ooty,Hill Station,Medium,Tamil Nadu,2.0
Hill Station,Medium,Manali,Hill Station,Medium,Himachal,5.0
Adventure,Low,Gangtok,Hill Station,Low,Sikkim,2.91
Religious,High,Marina,Beach,High,Tamil Nadu,2.91
Beach,High,Ahmedabad,City Life,High,Gujarat,2.91
Hill Station,Medium,Dandeli,Adventure,High,Karnataka,1.41
City Life,Low,Ranthambore,Wildlife,High,Rajasthan,1.4
Historical,Medium,Rishikesh,Adventure,Low,Uttarakhand,2.0
Religious,High,Nainital,Hill Station,Medium,Uttarakhand,2.01
Wildlife,High,Marina,Beach,Low,Tamil Nadu,2.0
Adventure,High,Khajuraho,Historical,Medium,MP,2.0
Adventure,High,Yadadri,Religious,High,Telangana,2.9
Beach,High,Kolkata,City Life,High,West Bengal,2.91
Beach,Medium,Dandeli,Adventure,Medium,Karnataka,2.91
Wildlife,Medium,Varanasi,Religious,High,UP,1.41
Adventure,Low,Gir,Wildlife,High,Gujarat,1.41
Beach,Medium,Gangtok,Hill Station,High,Sikkim,1.41
City Life,Medium,Jaipur,Historical,Low,Rajasthan,2.0
Wildlife,Medium,CP,City Life,High,Delhi,1.41
City Life,High,Manali,Hill Station,High,Himachal,2.91
Wildlife,High,Jim Corbett,Wildlife,High,Uttarakhand,5.0
City Life,Medium,Khajuraho,Historical,Medium,MP,2.9
Beach,Medium,Gangtok,Hill Station,Low,Sikkim,2.0
Beach,Medium,Leh,Adventure,High,Ladakh,1.41
City Life,Low,Nainital,Hill Station,Medium,Uttarakhand,1.41
Adventure,Medium,Kaziranga,Wildlife,Medium,Assam,2.91
Wildlife,Low,Nainital,Hill Station,Low,Uttarakhand,2.91
Historical,Low,Spiti,Adventure,High,Himachal,1.41
Beach,Low,Zulruk,Adventure,High,Sikkim,1.4
Wildlife,Medium,Marina,Beach,Low,Tamil Nadu,2.01
Hill Station,Low,Varkala,Beach,Low,Kerala,2.91
Religious,Low,Ooty,Hill Station,Low,Tamil Nadu,2.91
Hill Station,Medium,Marina,Beach,Medium,Tamil Nadu,2.91
Hill Station,High,Bodh Gaya,Religious,Low,Bihar,2.01
Hill Station,High,Baga,Beach,High,Goa,2.91
Beach,Medium,Bangalore,City Life,Low,Karnataka,2.0
Historical,High,Amritsar,Religious,High,Punjab,2.9
Historical,High,Bangalore,City Life,Low,Karnataka,2.01
Wildlife,Low,Jaipur,Historical,High,Rajasthan,1.4
Wildlife,Low,CP,City Life,Medium,Delhi,1.4
Adventure,Low,Red Fort,Historical,Medium,Delhi,1.41
Wildlife,High,Yadadri,Religious,Medium,Telangana,2.0
City Life,Low,Amritsar,Religious,Low,Punjab,2.9
City Life,High,Baga,Beach,Medium,Goa,2.01
City Life,High,Varkala,Beach,Low,Kerala,2.0
Hill Station,High,Nalanda,Historical,Medium,Bihar,2.0
Hill Station,High,Gulmarg,Hill Station,Low,Kashmir,4.11
Hill Station,Low,Leh,Adventure,Medium,Ladakh,1.41
Hill Station,Low,Bodh Gaya,Religious,Low,Bihar,2.9
Adventure,High,Hampi,Historical,Medium,Karnataka,2.0
Historical,Low,Dandeli,Adventure,Medium,Karnataka,1.4
Hill Station,Medium,Jaipur,Historical,Medium,Rajasthan,2.91
Beach,High,Rishikesh,Adventure,Low,Uttarakhand,2.01
Religious,Low,Bodh Gaya,Religious,Medium,Bihar,3.5
Beach,Medium,Madurai,Religious,High,Tamil Nadu,1.4
Historical,Low,Mumbai,City Life,High,Maharashtra,1.4
Hill Station,Low,Alibaug,Beach,Medium,Maharashtra,1.41
Adventure,Low,Kolkata,City Life,High,West Bengal,1.4
Adventure,Medium,Varanasi,Religious,Low,UP,2.0
Beach,Medium,Madurai,Religious,Medium,Tamil Nadu,2.91
Wildlife,Low,Kanha,Wildlife,Low,MP,5.0
City Life,High,Amritsar,Religious,High,Punjab,2.9
Adventure,Low,Red Fort,Historical,Low,Delhi,2.91
Beach,Low,Jaipur,Historical,Medium,Rajasthan,1.41
City Life,Medium,Gir,Wildlife,Low,Gujarat,2.01
Historical,Low,Leh,Adventure,Medium,Ladakh,1.4
Beach,Low,Radhanagar,Beach,Medium,Andaman,3.5
Hill Station,High,Ranthambore,Wildlife,Medium,Rajasthan,2.01
Adventure,High,Nalanda,Historical,Medium,Bihar,2.0
Religious,Medium,Bangalore,City Life,Low,Karnataka,2.0
Wildlife,High,Spiti,Adventure,Medium,Himachal,2.0
Wildlife,Medium,Gangtok,Hill Station,Medium,Sikkim,2.91
City Life,Low,Khajuraho,Historical,Low,MP,2.9
Wildlife,Medium,Hyderabad,City Life,Medium,Telangana,2.9
City Life,High,Kaziranga,Wildlife,High,Assam,2.91
City Life,High,Varanasi,Religious,High,UP,2.91
Religious,Medium,Bodh Gaya,Religious,High,Bihar,3.51
Adventure,Medium,Alibaug,Beach,Low,Maharashtra,2.01
Beach,Low,Madurai,Religious,Medium,Tamil Nadu,1.41
Historical,Low,Kaziranga,Wildlife,High,Assam,1.41
Historical,High,Ahmedabad,City Life,Low,Gujarat,2.0
Religious,High,Khajuraho,Historical,High,MP,2.9
Beach,High,Yadadri,Religious,Medium,Telangana,2.0
Historical,Low,Somnath,Religious,Medium,Gujarat,1.4
Historical,Low,Somnath,Religious,High,Gujarat,1.4
Hill Station,Medium,Kaziranga,Wildlife,Low,Assam,2.0
Wildlife,High,Kolkata,City Life,Low,West Bengal,2.0
Adventure,Low,Tawang,Adventure,Low,Arunachal,5.0
Wildlife,Low,Ahmedabad,City Life,High,Gujarat,1.41
City Life,Low,Nalanda,Historical,High,Bihar,1.41
Beach,High,Marina,Beach,Low,Tamil Nadu,4.1
Historical,High,Somnath,Religious,Low,Gujarat,2.0
Wildlife,Medium,Nainital,Hill Station,Low,Uttarakhand,2.01
Hill Station,Low,Nainital,Hill Station,Medium,Uttarakhand,3.51
Adventure,High,Radhanagar,Beach,Low,Andaman,2.0
City Life,Medium,Tawang,Adventure,Low,Arunachal,2.01
Religious,Low,Rishikesh,Adventure,Medium,Uttarakhand,1.41
City Life,High,Madurai,Religious,Medium,Tamil Nadu,2.01
Beach,Medium,Ahmedabad,City Life,Medium,Gujarat,2.91
Historical,High,Dandeli,Adventure,Low,Karnataka,2.0
Adventure,Low,Shillong,Hill Station,Medium,Meghalaya,1.41
Historical,Medium,Somnath,Religious,Low,Gujarat,2.0
Religious,Low,Somnath,Religious,Low,Gujarat,5.0
Wildlife,Low,Ahmedabad,City Life,Low,Gujarat,2.9
City Life,Low,Nainital,Hill Station,High,Uttarakhand,1.4
Hill Station,Medium,Khajuraho,Historical,Medium,MP,2.91
Wildlife,High,Marina,Beach,High,Tamil Nadu,2.9
Religious,High,Shillong,Hill Station,Low,Meghalaya,2.0
Historical,Medium,Ahmedabad,City Life,Medium,Gujarat,2.9
Adventure,Medium,Spiti,Adventure,Low,Himachal,4.11
Beach,High,Jaipur,Historical,Low,Rajasthan,2.01
Adventure,Medium,Shillong,Hill Station,Medium,Meghalaya,2.91
Beach,Low,Radhanagar,Beach,High,Andaman,3.5
Religious,High,Puri,Beach,Medium,Odisha,2.0
Hill Station,Medium,Tawang,Adventure,High,Arunachal,1.4
Beach,High,Nainital,Hill Station,Low,Uttarakhand,2.01
Hill Station,High,Khajuraho,Historical,High,MP,2.9
Historical,Medium,Bangalore,City Life,Medium,Karnataka,2.91
City Life,High,Somnath,Religious,Low,Gujarat,2.0
Adventure,Medium,Varanasi,Religious,Medium,UP,2.9
Religious,Low,Varanasi,Religious,High,UP,3.5
Historical,Low,Rishikesh,Adventure,Low,Uttarakhand,2.9
Hill Station,High,Kaziranga,Wildlife,Low,Assam,2.01
Beach,High,Varkala,Beach,High,Kerala,5.0
Historical,Medium,Dandeli,Adventure,Medium,Karnataka,2.9
Beach,Medium,Marina,Beach,High,Tamil Nadu,3.51
Adventure,High,Kanha,Wildlife,Low,MP,2.01
Historical,Medium,Ranthambore,Wildlife,Medium,Rajasthan,2.9
Adventure,Medium,Shillong,Hill Station,Medium,Meghalaya,2.91
Adventure,Medium,Ajanta,Historical,Low,Maharashtra,2.0
Beach,High,Ranthambore,Wildlife,High,Rajasthan,2.9
Adventure,High,Somnath,Religious,High,Gujarat,2.9
Adventure,Medium,Manali,Hill Station,High,Himachal,1.41
Historical,Low,Tawang,Adventure,Medium,Arunachal,1.4
Religious,High,Ranthambore,Wildlife,High,Rajasthan,2.91
Beach,Low,Nalanda,Historical,High,Bihar,1.41
Adventure,High,Ranthambore,Wildlife,High,Rajasthan,2.91
Wildlife,High,Red Fort,Historical,High,Delhi,2.91
Historical,Medium,Radhanagar,Beach,Low,Andaman,2.0
Adventure,Medium,Yadadri,Religious,High,Telangana,1.41
Historical,High,Khajuraho,Historical,Low,MP,4.1
Hill Station,Medium,Gangtok,Hill Station,Medium,Sikkim,5.0
Hill Station,Medium,Ooty,Hill Station,High,Tamil Nadu,3.5
Beach,Medium,Varanasi,Religious,Low,UP,2.01
City Life,High,Baga,Beach,High,Goa,2.91
City Life,Low,Alibaug,Beach,High,Maharashtra,1.41
Wildlife,Low,Puri,Beach,High,Odisha,1.41
Religious,Low,Nalanda,Historical,Medium,Bihar,1.4
City Life,Medium,Gir,Wildlife,Low,Gujarat,2.01
Beach,Medium,Nainital,Hill Station,Low,Uttarakhand,2.0
Wildlife,Low,Alibaug,Beach,High,Maharashtra,1.41
Beach,Medium,Nalanda,Historical,Low,Bihar,2.01
Beach,High,Khajuraho,Historical,Medium,MP,2.01
City Life,High,Radhanagar,Beach,Low,Andaman,2.0
Beach,Medium,Amritsar,Religious,Medium,Punjab,2.9
Historical,High,Jim Corbett,Wildlife,High,Uttarakhand,2.9
Religious,High,Manali,Hill Station,High,Himachal,2.91
Wildlife,Medium,Dandeli,Adventure,High,Karnataka,1.41
City Life,Medium,Jaipur,Historical,Medium,Rajasthan,2.91
Adventure,High,Kaziranga,Wildlife,High,Assam,2.9
Wildlife,Medium,Varkala,Beach,Low,Kerala,2.0
Hill Station,Medium,Amritsar,Religious,Medium,Punjab,2.91
City Life,Low,Zulruk,Adventure,Low,Sikkim,2.9
Historical,Medium,Varkala,Beach,Medium,Kerala,2.91
City Life,Medium,Bandipur,Wildlife,Medium,Karnataka,2.91
Beach,Medium,Dandeli,Adventure,Low,Karnataka,2.0
Adventure,High,Bangalore,City Life,High,Karnataka,2.9
Hill Station,Medium,Khajuraho,Historical,High,MP,1.41
Historical,High,Marina,Beach,Medium,Tamil Nadu,2.01
City Life,Low,Tawang,Adventure,Low,Arunachal,2.9
Historical,High,Ahmedabad,City Life,High,Gujarat,2.91
Hill Station,Low,Rishikesh,Adventure,Low,Uttarakhand,2.9
Beach,High,Alibaug,Beach,Medium,Maharashtra,4.1
Adventure,Low,Jaipur,Historical,High,Rajasthan,1.41
Hill Station,Low,Bandipur,Wildlife,Medium,Karnataka,1.41
Beach,Medium,CP,City Life,Medium,Delhi,2.91
Historical,High,Shillong,Hill Station,Medium,Meghalaya,2.01
Wildlife,Medium,Tawang,Adventure,Low,Arunachal,2.0
Historical,High,CP,City Life,Medium,Delhi,2.01
City Life,Medium,Jaipur,Historical,Medium,Rajasthan,2.91
Hill Station,Low,Jaipur,Historical,Medium,Rajasthan,1.4
Wildlife,Low,Ooty,Hill Station,High,Tamil Nadu,1.41
Historical,Low,Varanasi,Religious,Medium,UP,1.41
Beach,High,Radhanagar,Beach,High,Andaman,5.0
Religious,Medium,Dandeli,Adventure,Medium,Karnataka,2.9
Religious,High,Hyderabad,City Life,High,Telangana,2.9
Wildlife,Medium,Spiti,Adventure,Low,Himachal,2.0
Beach,Low,Jim Corbett,Wildlife,Medium,Uttarakhand,1.4
Religious,Low,Bodh Gaya,Religious,Medium,Bihar,3.51
City Life,Medium,Leh,Adventure,Low,Ladakh,2.01
Religious,High,Khajuraho,Historical,Low,MP,2.01
Wildlife,High,Hampi,Historical,High,Karnataka,2.9
Adventure,Low,Kanha,Wildlife,Medium,MP,1.4
Historical,Low,Bandipur,Wildlife,Low,Karnataka,2.91
Historical,High,Kanha,Wildlife,Medium,MP,2.01
Hill Station,High,Hampi,Historical,Medium,Karnataka,2.0
Historical,Medium,Nalanda,Historical,High,Bihar,3.51
Adventure,Medium,Leh,Adventure,Medium,Ladakh,5.0
Adventure,Medium,Somnath,Religious,High,Gujarat,1.4
Wildlife,High,Bangalore,City Life,Medium,Karnataka,2.0
Adventure,High,Gulmarg,Hill Station,Low,Kashmir,2.01
Beach,High,Shillong,Hill Station,Medium,Meghalaya,2.01
Hill Station,Low,Shillong,Hill Station,Low,Meghalaya,5.0
Historical,Low,Dandeli,Adventure,Medium,Karnataka,1.41
Religious,Medium,Somnath,Religious,Low,Gujarat,4.1
Hill Station,Low,Varanasi,Religious,Low,UP,2.9
Adventure,Low,Gir,Wildlife,Medium,Gujarat,1.41
Wildlife,High,Spiti,Adventure,Medium,Himachal,2.0
Hill Station,High,Baga,Beach,Low,Goa,2.01
Beach,Low,Red Fort,Historical,High,Delhi,1.4
City Life,Medium,Jim Corbett,Wildlife,Medium,Uttarakhand,2.91
Adventure,Low,Spiti,Adventure,High,Himachal,3.51
Beach,High,Gulmarg,Hill Station,High,Kashmir,2.9
Religious,Medium,Kolkata,City Life,High,West Bengal,1.4
Adventure,Low,Nalanda,Historical,Low,Bihar,2.91
Hill Station,High,Gulmarg,Hill Station,Low,Kashmir,4.11
Beach,Low,Kolkata,City Life,Low,West Bengal,2.91
Hill Station,Low,Rishikesh,Adventure,High,Uttarakhand,1.4
Religious,Low,Nalanda,Historical,Medium,Bihar,1.4
City Life,High,Bandipur,Wildlife,High,Karnataka,2.91
Historical,High,Mumbai,City Life,Medium,Maharashtra,2.01
Religious,Medium,Shillong,Hill Station,High,Meghalaya,1.41
Historical,Medium,Ranthambore,Wildlife,Low,Rajasthan,2.0
Beach,Low,Manali,Hill Station,Low,Himachal,2.91
Wildlife,Medium,Somnath,Religious,High,Gujarat,1.4
City Life,High,Gangtok,Hill Station,Low,Sikkim,2.01
Historical,High,Hyderabad,City Life,High,Telangana,2.9
Adventure,Low,Khajuraho,Historical,High,MP,1.4
Beach,High,CP,City Life,Low,Delhi,2.0
Religious,Low,Hampi,Historical,Low,Karnataka,2.9
Hill Station,Medium,CP,City Life,Medium,Delhi,2.91
Adventure,High,Gangtok,Hill Station,Low,Sikkim,2.0
Hill Station,Medium,Manali,Hill Station,High,Himachal,3.51
Beach,High,Rishikesh,Adventure,Low,Uttarakhand,2.0
Adventure,High,Kolkata,City Life,High,West Bengal,2.91
Hill Station,High,Zulruk,Adventure,High,Sikkim,2.91
Beach,Low,Amritsar,Religious,Low,Punjab,2.9
City Life,Medium,Somnath,Religious,Medium,Gujarat,2.9
City Life,Low,Leh,Adventure,High,Ladakh,1.41
Wildlife,Low,Spiti,Adventure,High,Himachal,1.41
City Life,Low,Dandeli,Adventure,Low,Karnataka,2.91
Adventure,High,Puri,Beach,High,Odisha,2.9
Hill Station,Low,Puri,Beach,Low,Odisha,2.91
Beach,Medium,Jaipur,Historical,Low,Rajasthan,2.0
Religious,Low,Ooty,Hill Station,High,Tamil Nadu,1.4
City Life,Low,Zulruk,Adventure,High,Sikkim,1.41
Historical,High,Ajanta,Historical,Medium,Maharashtra,4.1
Religious,Low,Ajanta,Historical,High,Maharashtra,1.41
Beach,Low,Rishikesh,Adventure,Low,Uttarakhand,2.91
Historical,Low,Hyderabad,City Life,Low,Telangana,2.91
Wildlife,High,Radhanagar,Beach,Medium,Andaman,2.01
Hill Station,High,Somnath,Religious,Low,Gujarat,2.01
Beach,Low,Rishikesh,Adventure,Low,Uttarakhand,2.9
Religious,Low,Ranthambore,Wildlife,High,Rajasthan,1.4
Historical,Medium,Bangalore,City Life,High,Karnataka,1.41
Historical,High,CP,City Life,High,Delhi,2.9
Historical,Low,Madurai,Religious,High,Tamil Nadu,1.41
Religious,High,Dandeli,Adventure,Low,Karnataka,2.01
Religious,Medium,Shillong,Hill Station,Medium,Meghalaya,2.9
Historical,Medium,Zulruk,Adventure,Low,Sikkim,2.01
Adventure,Medium,Jim Corbett,Wildlife,High,Uttarakhand,1.4
Religious,Low,Puri,Beach,High,Odisha,1.41
Adventure,High,Varkala,Beach,High,Kerala,2.9
Beach,Low,Zulruk,Adventure,High,Sikkim,1.4
Religious,Medium,Kaziranga,Wildlife,Low,Assam,2.0
City Life,Low,Amritsar,Religious,Medium,Punjab,1.41
Adventure,Low,Nalanda,Historical,Medium,Bihar,1.4
Hill Station,Low,Marina,Beach,Low,Tamil Nadu,2.91
Religious,Medium,Marina,Beach,Low,Tamil Nadu,2.01
Religious,Low,Alibaug,Beach,Low,Maharashtra,2.91
Religious,High,Gulmarg,Hill Station,High,Kashmir,2.9
Beach,Medium,Gir,Wildlife,Low,Gujarat,2.01
Adventure,Medium,Alibaug,Beach,High,Maharashtra,1.4
City Life,Medium,Somnath,Religious,Low,Gujarat,2.0
Beach,Low,Bandipur,Wildlife,Low,Karnataka,2.91
City Life,Low,Ahmedabad,City Life,Medium,Gujarat,3.5
Religious,Medium,Baga,Beach,Medium,Goa,2.91
Hill Station,High,Ranthambore,Wildlife,Medium,Rajasthan,2.01
Hill Station,Medium,Amritsar,Religious,Low,Punjab,2.01
City Life,Low,Tawang,Adventure,Low,Arunachal,2.91
Adventure,Medium,Spiti,Adventure,High,Himachal,3.51
Historical,Medium,Nainital,Hill Station,Medium,Uttarakhand,2.9
Adventure,Low,Mumbai,City Life,Medium,Maharashtra,1.4
Wildlife,Medium,Nalanda,Historical,High,Bihar,1.41
Adventure,Medium,Baga,Beach,High,Goa,1.41
Religious,Medium,Khajuraho,Historical,Medium,MP,2.9
Adventure,High,Manali,Hill Station,Medium,Himachal,2.01
Wildlife,Low,Ranthambore,Wildlife,Low,Rajasthan,5.0
Religious,Medium,Spiti,Adventure,High,Himachal,1.41
Adventure,Low,Hyderabad,City Life,High,Telangana,1.4
Religious,Low,Spiti,Adventure,Low,Himachal,2.91
Hill Station,Medium,Khajuraho,Historical,High,MP,1.41
Beach,Low,Manali,Hill Station,Low,Himachal,2.9
Wildlife,Medium,Manali,Hill Station,Medium,Himachal,2.91
Beach,High,Bandipur,Wildlife,Medium,Karnataka,2.01
City Life,Medium,Varkala,Beach,High,Kerala,1.41
Adventure,Medium,Radhanagar,Beach,Low,Andaman,2.01
Adventure,Low,Amritsar,Religious,Low,Punjab,2.91
Hill Station,Medium,Tawang,Adventure,Medium,Arunachal,2.9
Adventure,Medium,Puri,Beach,High,Odisha,1.4
Historical,Medium,Rishikesh,Adventure,Low,Uttarakhand,2.01
Adventure,Low,CP,City Life,Low,Delhi,2.9
Wildlife,Low,Manali,Hill Station,Medium,Himachal,1.41
Adventure,Low,Shillong,Hill Station,High,Meghalaya,1.4
Beach,Low,Gir,Wildlife,Low,Gujarat,2.91
Historical,Medium,Varkala,Beach,High,Kerala,1.41
Adventure,Medium,Amritsar,Religious,Medium,Punjab,2.91
Hill Station,High,Alibaug,Beach,High,Maharashtra,2.91
Wildlife,Low,Marina,Beach,Medium,Tamil Nadu,1.41
City Life,Medium,Varanasi,Religious,High,UP,1.41
City Life,Low,Ajanta,Historical,High,Maharashtra,1.4
Wildlife,Low,Hampi,Historical,Medium,Karnataka,1.4
Adventure,High,Varanasi,Religious,Low,UP,2.01
Wildlife,Low,Kaziranga,Wildlife,Low,Assam,5.0
Wildlife,Medium,Tawang,Adventure,High,Arunachal,1.41
Historical,Medium,Red Fort,Historical,Medium,Delhi,5.0
Adventure,Medium,Ranthambore,Wildlife,Low,Rajasthan,2.0
Religious,Low,Alibaug,Beach,Low,Maharashtra,2.9
Historical,Low,Ajanta,Historical,Low,Maharashtra,5.0
Adventure,High,Gangtok,Hill Station,Low,Sikkim,2.0
Historical,Low,Ahmedabad,City Life,Low,Gujarat,2.9
Beach,Medium,Jim Corbett,Wildlife,Medium,Uttarakhand,2.91
Beach,Low,Bodh Gaya,Religious,Low,Bihar,2.9
Religious,Low,Hampi,Historical,High,Karnataka,1.4
City Life,Medium,Varanasi,Religious,High,UP,1.4
Hill Station,High,CP,City Life,Medium,Delhi,2.0
City Life,High,Gulmarg,Hill Station,High,Kashmir,2.9
City Life,Medium,Ahmedabad,City Life,Medium,Gujarat,5.0
Wildlife,Medium,Bandipur,Wildlife,Medium,Karnataka,5.0
Hill Station,High,Ooty,Hill Station,Low,Tamil Nadu,4.1
Historical,Medium,Hampi,Historical,Low,Karnataka,4.11
Religious,Medium,CP,City Life,Medium,Delhi,2.91
Adventure,Medium,Jim Corbett,Wildlife,High,Uttarakhand,1.41
Adventure,High,Tawang,Adventure,High,Arunachal,5.0
Historical,Medium,Kanha,Wildlife,High,MP,1.41
Wildlife,High,CP,City Life,Medium,Delhi,2.0
Adventure,High,Manali,Hill Station,High,Himachal,2.9
Religious,High,Kaziranga,Wildlife,Medium,Assam,2.0
Historical,Medium,Nalanda,Historical,Low,Bihar,4.1
Beach,Medium,Hyderabad,City Life,Low,Telangana,2.01
Hill Station,Low,Kanha,Wildlife,Low,MP,2.91
Religious,Low,Zulruk,Adventure,Low,Sikkim,2.9
Historical,Low,Alibaug,Beach,High,Maharashtra,1.4
City Life,Low,Alibaug,Beach,Low,Maharashtra,2.9
City Life,Medium,Rishikesh,Adventure,High,Uttarakhand,1.41
Adventure,Low,Varanasi,Religious,Low,UP,2.91
Wildlife,High,Kolkata,City Life,Low,West Bengal,2.01
Wildlife,High,Bangalore,City Life,High,Karnataka,2.91
Hill Station,High,Bodh Gaya,Religious,High,Bihar,2.91
Historical,High,Red Fort,Historical,High,Delhi,5.0
Beach,High,Marina,Beach,Medium,Tamil Nadu,4.1
Religious,High,Yadadri,Religious,High,Telangana,5.0
Beach,Medium,CP,City Life,High,Delhi,1.4
Hill Station,Low,CP,City Life,Low,Delhi,2.91
Historical,Medium,Marina,Beach,Medium,Tamil Nadu,2.91
Adventure,Medium,Jim Corbett,Wildlife,High,Uttarakhand,1.4
Adventure,Low,Ooty,Hill Station,Low,Tamil Nadu,2.91
Historical,Low,Bangalore,City Life,High,Karnataka,1.4
Wildlife,High,Bandipur,Wildlife,Low,Karnataka,4.11
City Life,Low,Radhanagar,Beach,Medium,Andaman,1.41
City Life,Medium,Ranthambore,Wildlife,Low,Rajasthan,2.01
Hill Station,High,Varkala,Beach,Low,Kerala,2.01
Wildlife,High,Khajuraho,Historical,Medium,MP,2.0
Hill Station,High,Somnath,Religious,Low,Gujarat,2.0
Religious,High,Varkala,Beach,Low,Kerala,2.0
Beach,High,Manali,Hill Station,Medium,Himachal,2.0
Adventure,Medium,Khajuraho,Historical,High,MP,1.4
Hill Station,High,Dandeli,Adventure,High,Karnataka,2.91
Religious,Medium,Dandeli,Adventure,Medium,Karnataka,2.9
Beach,Medium,Ahmedabad,City Life,Medium,Gujarat,2.91
City Life,Low,Baga,Beach,Low,Goa,2.91
Beach,Medium,Jim Corbett,Wildlife,High,Uttarakhand,1.41
Beach,Medium,Ooty,Hill Station,Low,Tamil Nadu,2.0
Religious,High,Ahmedabad,City Life,High,Gujarat,2.91
Hill Station,Low,Mumbai,City Life,Low,Maharashtra,2.91
Religious,High,Ajanta,Historical,Low,Maharashtra,2.0
Wildlife,High,Ajanta,Historical,Low,Maharashtra,2.0
Wildlife,Low,Kolkata,City Life,Medium,West Bengal,1.41
Beach,Medium,Yadadri,Religious,Low,Telangana,2.01
Wildlife,Medium,Hyderabad,City Life,Medium,Telangana,2.91
Wildlife,Low,Ahmedabad,City Life,Low,Gujarat,2.91
Adventure,Low,Varanasi,Religious,Low,UP,2.91
City Life,Medium,Somnath,Religious,Medium,Gujarat,2.91
Hill Station,Low,Bodh Gaya,Religious,High,Bihar,1.41
Adventure,Medium,Zulruk,Adventure,Low,Sikkim,4.1
Beach,Low,Bangalore,City Life,High,Karnataka,1.41
City Life,Medium,Shillong,Hill Station,Medium,Meghalaya,2.91
Beach,Medium,Kolkata,City Life,Low,West Bengal,2.0
Beach,Medium,Bandipur,Wildlife,Medium,Karnataka,2.9
Hill Station,High,Nainital,Hill Station,Low,Uttarakhand,4.11
Historical,High,Tawang,Adventure,High,Arunachal,2.91
Adventure,High,Mumbai,City Life,High,Maharashtra,2.9
Beach,Medium,Varanasi,Religious,Low,UP,2.01
City Life,Medium,Gir,Wildlife,Medium,Gujarat,2.9
Historical,High,Hyderabad,City Life,Low,Telangana,2.01
Historical,Medium,Somnath,Religious,Low,Gujarat,2.01
Religious,Low,Tawang,Adventure,High,Arunachal,1.4
Adventure,Medium,Kolkata,City Life,Medium,West Bengal,2.9
Beach,High,Hyderabad,City Life,High,Telangana,2.9
Hill Station,High,Varanasi,Religious,Low,UP,2.01
Wildlife,Low,Puri,Beach,Medium,Odisha,1.4
Historical,High,Ahmedabad,City Life,High,Gujarat,2.9
Hill Station,Medium,Alibaug,Beach,High,Maharashtra,1.4
City Life,Medium,Hampi,Historical,High,Karnataka,1.4
Historical,Low,Nainital,Hill Station,Low,Uttarakhand,2.9
Historical,Medium,Ahmedabad,City Life,High,Gujarat,1.4
City Life,Medium,Hampi,Historical,Low,Karnataka,2.01
Hill Station,Low,Ranthambore,Wildlife,High,Rajasthan,1.4
Wildlife,High,Jim Corbett,Wildlife,Low,Uttarakhand,4.11
City Life,Medium,Bandipur,Wildlife,High,Karnataka,1.4
Hill Station,High,Radhanagar,Beach,Low,Andaman,2.01
Hill Station,High,Yadadri,Religious,High,Telangana,2.9
Religious,High,Amritsar,Religious,High,Punjab,5.0
City Life,High,Ranthambore,Wildlife,Low,Rajasthan,2.0
Adventure,Low,Hyderabad,City Life,Low,Telangana,2.91
City Life,Medium,Jim Corbett,Wildlife,High,Uttarakhand,1.4
Historical,Low,Leh,Adventure,Low,Ladakh,2.91
Beach,High,Red Fort,Historical,Low,Delhi,2.01
Historical,High,Marina,Beach,Low,Tamil Nadu,2.0
Hill Station,Low,Dandeli,Adventure,Medium,Karnataka,1.4
Historical,Medium,Gangtok,Hill Station,Low,Sikkim,2.0
Religious,Medium,Zulruk,Adventure,Medium,Sikkim,2.91
Wildlife,Low,Kolkata,City Life,Low,West Bengal,2.9
Hill Station,High,Ranthambore,Wildlife,Medium,Rajasthan,2.0
Historical,High,Ranthambore,Wildlife,Low,Rajasthan,2.01
Religious,Medium,Kaziranga,Wildlife,High,Assam,1.41
Beach,High,CP,City Life,High,Delhi,2.9
City Life,Low,Kolkata,City Life,Low,West Bengal,5.0
Beach,Medium,Gangtok,Hill Station,Medium,Sikkim,2.91
Wildlife,Medium,Ahmedabad,City Life,Low,Gujarat,2.01
Hill Station,High,Ajanta,Historical,Low,Maharashtra,2.01
Historical,Low,Alibaug,Beach,Medium,Maharashtra,1.41
Beach,High,Jim Corbett,Wildlife,Low,Uttarakhand,2.01
Historical,High,Rishikesh,Adventure,Low,Uttarakhand,2.01
Hill Station,High,CP,City Life,High,Delhi,2.9
Adventure,High,Ooty,Hill Station,High,Tamil Nadu,2.91
Wildlife,High,Hampi,Historical,Medium,Karnataka,2.01
Adventure,High,Manali,Hill Station,Medium,Himachal,2.0
Religious,Medium,Rishikesh,Adventure,Medium,Uttarakhand,2.9
City Life,High,Bandipur,Wildlife,High,Karnataka,2.91
Adventure,High,Ooty,Hill Station,High,Tamil Nadu,2.9
Wildlife,Low,Baga,Beach,Medium,Goa,1.4
Beach,Low,Puri,Beach,Medium,Odisha,3.51
Beach,Medium,Ranthambore,Wildlife,High,Rajasthan,1.4
Wildlife,Medium,Hampi,Historical,Medium,Karnataka,2.91
Adventure,Medium,Gangtok,Hill Station,Medium,Sikkim,2.9
City Life,High,CP,City Life,High,Delhi,5.0
Adventure,High,Gulmarg,Hill Station,Medium,Kashmir,2.0
Adventure,Medium,Marina,Beach,Medium,Tamil Nadu,2.91
Adventure,Low,Shillong,Hill Station,Low,Meghalaya,2.91
City Life,High,Hampi,Historical,High,Karnataka,2.91
Historical,High,Amritsar,Religious,Low,Punjab,2.0
Beach,High,Shillong,Hill Station,Medium,Meghalaya,2.01
Religious,Medium,Nalanda,Historical,High,Bihar,1.41
Beach,Low,Dandeli,Adventure,Low,Karnataka,2.91
Historical,High,Ajanta,Historical,Low,Maharashtra,4.1
Hill Station,Medium,Spiti,Adventure,Low,Himachal,2.01
Religious,Medium,Hampi,Historical,Low,Karnataka,2.01
Adventure,Low,Yadadri,Religious,High,Telangana,1.41
Historical,Medium,Khajuraho,Historical,Medium,MP,5.0
Hill Station,Medium,Somnath,Religious,High,Gujarat,1.4
Religious,High,Tawang,Adventure,High,Arunachal,2.91
Hill Station,Medium,Kanha,Wildlife,High,MP,1.41
City Life,High,Zulruk,Adventure,Low,Sikkim,2.01
City Life,High,Khajuraho,Historical,Low,MP,2.01
Hill Station,High,Varkala,Beach,Medium,Kerala,2.0
Beach,Medium,Bandipur,Wildlife,High,Karnataka,1.4
Hill Station,Low,Gulmarg,Hill Station,Low,Kashmir,5.0
Beach,Low,Yadadri,Religious,Low,Telangana,2.9
Adventure,Medium,Khajuraho,Historical,Medium,MP,2.91
Hill Station,Low,Nalanda,Historical,Medium,Bihar,1.41
Wildlife,Low,Hampi,Historical,Medium,Karnataka,1.4
Wildlife,High,Khajuraho,Historical,High,MP,2.91
Beach,Low,Jim Corbett,Wildlife,Medium,Uttarakhand,1.41
Hill Station,Low,Gangtok,Hill Station,Low,Sikkim,5.0
Religious,High,Gulmarg,Hill Station,Medium,Kashmir,2.01
Adventure,High,Nalanda,Historical,Medium,Bihar,2.0
Historical,High,Zulruk,Adventure,Medium,Sikkim,2.0
Beach,Medium,Nainital,Hill Station,Low,Uttarakhand,2.0
Historical,Medium,Puri,Beach,Low,Odisha,2.0
Religious,High,Shillong,Hill Station,Low,Meghalaya,2.0
Hill Station,High,Jaipur,Historical,High,Rajasthan,2.91
Historical,Low,Shillong,Hill Station,Medium,Meghalaya,1.4
Wildlife,Medium,Gulmarg,Hill Station,Medium,Kashmir,2.91
Wildlife,High,Baga,Beach,High,Goa,2.91
Adventure,Low,Alibaug,Beach,Low,Maharashtra,2.91
Hill Station,Medium,Shillong,Hill Station,Low,Meghalaya,4.11
Religious,Low,Ranthambore,Wildlife,Low,Rajasthan,2.9
Adventure,High,Kolkata,City Life,Low,West Bengal,2.01
Wildlife,High,Radhanagar,Beach,Medium,Andaman,2.0
Wildlife,Low,Leh,Adventure,High,Ladakh,1.4
Hill Station,Low,Puri,Beach,High,Odisha,1.4
Beach,Medium,Kaziranga,Wildlife,Low,Assam,2.0
City Life,Medium,Yadadri,Religious,High,Telangana,1.41
City Life,Medium,Bandipur,Wildlife,High,Karnataka,1.41
Historical,Low,Rishikesh,Adventure,Low,Uttarakhand,2.9
Wildlife,Low,Hampi,Historical,Low,Karnataka,2.9
City Life,High,Ahmedabad,City Life,High,Gujarat,5.0
Religious,Low,Marina,Beach,Medium,Tamil Nadu,1.41
Historical,High,Rishikesh,Adventure,High,Uttarakhand,2.9
Hill Station,Low,Manali,Hill Station,Low,Himachal,5.0
Beach,Medium,Gulmarg,Hill Station,Low,Kashmir,2.01
City Life,High,Nalanda,Historical,High,Bihar,2.91
Adventure,Low,Dandeli,Adventure,High,Karnataka,3.51
Wildlife,Medium,Varanasi,Religious,Low,UP,2.01
Hill Station,High,Red Fort,Historical,Low,Delhi,2.0
Beach,Medium,Marina,Beach,Low,Tamil Nadu,4.11
Religious,Low,Varanasi,Religious,Medium,UP,3.5
Adventure,High,Ahmedabad,City Life,High,Gujarat,2.9
Hill Station,Low,Bangalore,City Life,Low,Karnataka,2.91
Adventure,High,Amritsar,Religious,Low,Punjab,2.0
Beach,Low,Yadadri,Religious,Medium,Telangana,1.4
City Life,High,Yadadri,Religious,High,Telangana,2.9
Beach,High,Nalanda,Historical,Low,Bihar,2.01
Religious,Low,Varkala,Beach,Low,Kerala,2.9
Beach,Medium,Ahmedabad,City Life,Low,Gujarat,2.01
City Life,Low,Varanasi,Religious,High,UP,1.4
City Life,Medium,Mumbai,City Life,Medium,Maharashtra,5.0
Wildlife,High,Bangalore,City Life,Medium,Karnataka,2.01
Adventure,Medium,Bandipur,Wildlife,Medium,Karnataka,2.9
Historical,Low,Ahmedabad,City Life,Medium,Gujarat,1.4
Wildlife,Medium,Kaziranga,Wildlife,Medium,Assam,5.0
Wildlife,High,Bangalore,City Life,Medium,Karnataka,2.01
Hill Station,High,Jaipur,Historical,Low,Rajasthan,2.0
Beach,Low,Gulmarg,Hill Station,High,Kashmir,1.4
Beach,Low,Nainital,Hill Station,Low,Uttarakhand,2.9
Wildlife,Medium,Nainital,Hill Station,Low,Uttarakhand,2.0
Religious,Medium,Ahmedabad,City Life,High,Gujarat,1.4
Religious,Medium,Ahmedabad,City Life,Low,Gujarat,2.0
Adventure,Medium,Zulruk,Adventure,High,Sikkim,3.51
Adventure,High,Varanasi,Religious,High,UP,2.9
City Life,Medium,Red Fort,Historical,High,Delhi,1.41
Beach,Low,Shillong,Hill Station,High,Meghalaya,1.4
Beach,High,Gangtok,Hill Station,Medium,Sikkim,2.0
Beach,Low,Ooty,Hill Station,Medium,Tamil Nadu,1.4
Adventure,High,Gir,Wildlife,High,Gujarat,2.91
Historical,Medium,Radhanagar,Beach,High,Andaman,1.4
Religious,Medium,Nainital,Hill Station,High,Uttarakhand,1.4
Beach,Low,Gir,Wildlife,Medium,Gujarat,1.41
Wildlife,Medium,Ranthambore,Wildlife,Low,Rajasthan,4.1
Wildlife,High,Radhanagar,Beach,Low,Andaman,2.0
Wildlife,Low,Kanha,Wildlife,High,MP,3.51
Adventure,High,Puri,Beach,High,Odisha,2.9
Religious,Low,CP,City Life,High,Delhi,1.41
Wildlife,High,Ajanta,Historical,Low,Maharashtra,2.01
Wildlife,Medium,Alibaug,Beach,High,Maharashtra,1.41
City Life,Medium,Rishikesh,Adventure,Medium,Uttarakhand,2.9
City Life,Low,Gir,Wildlife,Medium,Gujarat,1.4
Historical,Medium,CP,City Life,Low,Delhi,2.01
Wildlife,High,Shillong,Hill Station,Medium,Meghalaya,2.01
Hill Station,Low,Red Fort,Historical,High,Delhi,1.41
Hill Station,Medium,Puri,Beach,High,Odisha,1.4
Beach,High,Kanha,Wildlife,Medium,MP,2.01
Beach,Low,Baga,Beach,High,Goa,3.51
Beach,High,Dandeli,Adventure,Medium,Karnataka,2.0
City Life,Medium,Spiti,Adventure,Low,Himachal,2.0
City Life,Low,Varanasi,Religious,High,UP,1.4
Adventure,Low,Alibaug,Beach,Low,Maharashtra,2.9
Beach,Medium,Nalanda,Historical,High,Bihar,1.41
Hill Station,Low,Tawang,Adventure,Medium,Arunachal,1.41
Beach,Medium,Manali,Hill Station,Medium,Himachal,2.9
Wildlife,Medium,Khajuraho,Historical,Low,MP,2.0
Wildlife,Medium,Marina,Beach,Medium,Tamil Nadu,2.9
City Life,Medium,Leh,Adventure,High,Ladakh,1.4
Historical,High,Alibaug,Beach,Medium,Maharashtra,2.01
Adventure,High,Gulmarg,Hill Station,High,Kashmir,2.9
Wildlife,High,Hyderabad,City Life,High,Telangana,2.91
Adventure,Low,Kaziranga,Wildlife,Low,Assam,2.91
Religious,High,Hyderabad,City Life,Medium,Telangana,2.0
Hill Station,Medium,Gulmarg,Hill Station,High,Kashmir,3.51
Adventure,Medium,Kaziranga,Wildlife,Medium,Assam,2.91
Wildlife,High,Ranthambore,Wildlife,High,Rajasthan,5.0
Hill Station,Low,Dandeli,Adventure,High,Karnataka,1.4
Historical,Medium,Ajanta,Historical,Medium,Maharashtra,5.0
Religious,Low,Gangtok,Hill Station,Low,Sikkim,2.9
Adventure,Medium,Baga,Beach,High,Goa,1.4
Hill Station,Medium,Kanha,Wildlife,Low,MP,2.01
Hill Station,Medium,Bangalore,City Life,Low,Karnataka,2.01
Beach,Medium,CP,City Life,High,Delhi,1.41
Religious,High,Bandipur,Wildlife,Low,Karnataka,2.0
Adventure,Low,Radhanagar,Beach,High,Andaman,1.4
Wildlife,High,Kanha,Wildlife,Medium,MP,4.1
Beach,High,Shillong,Hill Station,Medium,Meghalaya,2.01
Adventure,High,Ajanta,Historical,Medium,Maharashtra,2.0
Beach,Medium,Hampi,Historical,Low,Karnataka,2.0
Religious,Medium,Kanha,Wildlife,Medium,MP,2.9
Hill Station,Low,Khajuraho,Historical,High,MP,1.41
Adventure,Medium,Nalanda,Historical,Medium,Bihar,2.9
City Life,Low,Radhanagar,Beach,High,Andaman,1.4
City Life,Low,Leh,Adventure,High,Ladakh,1.41
Wildlife,Low,Varkala,Beach,Low,Kerala,2.91
Beach,Low,Bandipur,Wildlife,Medium,Karnataka,1.4
City Life,High,Dandeli,Adventure,High,Karnataka,2.9
Hill Station,High,Spiti,Adventure,Medium,Himachal,2.0
City Life,Low,Bangalore,City Life,High,Karnataka,3.51
Beach,Low,Hampi,Historical,Medium,Karnataka,1.4
City Life,Low,Spiti,Adventure,High,Himachal,1.4
Adventure,High,Somnath,Religious,Low,Gujarat,2.01
City Life,Medium,Baga,Beach,Medium,Goa,2.91
Historical,Low,Khajuraho,Historical,Low,MP,5.0
Adventure,Medium,Hampi,Historical,Low,Karnataka,2.0
Adventure,Low,Tawang,Adventure,High,Arunachal,3.51
Historical,High,Shillong,Hill Station,Medium,Meghalaya,2.01
Historical,High,CP,City Life,High,Delhi,2.9
Religious,High,Dandeli,Adventure,Low,Karnataka,2.01
Historical,Medium,Nainital,Hill Station,Medium,Uttarakhand,2.91
Religious,Medium,Gulmarg,Hill Station,Low,Kashmir,2.01
Beach,Medium,Leh,Adventure,High,Ladakh,1.4
Historical,Medium,Varkala,Beach,High,Kerala,1.4
Adventure,Low,Hampi,Historical,High,Karnataka,1.41
City Life,Low,Kanha,Wildlife,Low,MP,2.91
Hill Station,Low,Baga,Beach,High,Goa,1.41
Religious,High,Ranthambore,Wildlife,Low,Rajasthan,2.01
City Life,Low,Baga,Beach,Low,Goa,2.9
Adventure,Low,Mumbai,City Life,Low,Maharashtra,2.9
Beach,Medium,Gir,Wildlife,Low,Gujarat,2.01
Religious,Low,Ahmedabad,City Life,Medium,Gujarat,1.4
Wildlife,Medium,Rishikesh,Adventure,High,Uttarakhand,1.4
Religious,Medium,Yadadri,Religious,High,Telangana,3.5
Historical,Low,Hampi,Historical,Low,Karnataka,5.0
City Life,Medium,Spiti,Adventure,Medium,Himachal,2.9
Historical,High,CP,City Life,Low,Delhi,2.0
Hill Station,Medium,Ranthambore,Wildlife,Low,Rajasthan,2.01
Wildlife,Medium,Puri,Beach,Low,Odisha,2.01
Wildlife,Medium,Zulruk,Adventure,Medium,Sikkim,2.9
Hill Station,Medium,Amritsar,Religious,Low,Punjab,2.0
Adventure,Low,Jaipur,Historical,Medium,Rajasthan,1.41
City Life,High,Manali,Hill Station,Low,Himachal,2.01
Historical,High,Gangtok,Hill Station,High,Sikkim,2.91
Adventure,High,Leh,Adventure,High,Ladakh,5.0
Hill Station,High,Hampi,Historical,Low,Karnataka,2.01
Beach,Low,Varkala,Beach,Low,Kerala,5.0
City Life,Low,Bodh Gaya,Religious,Low,Bihar,2.9
Hill Station,Medium,Puri,Beach,High,Odisha,1.41
Beach,High,Kolkata,City Life,Medium,West Bengal,2.01
Adventure,Low,Khajuraho,Historical,High,MP,1.4
City Life,High,Zulruk,Adventure,Low,Sikkim,2.0
Hill Station,Low,Gulmarg,Hill Station,Medium,Kashmir,3.5
Adventure,Medium,Nalanda,Historical,Medium,Bihar,2.9
City Life,High,Ooty,Hill Station,Medium,Tamil Nadu,2.01
Wildlife,Low,Shillong,Hill Station,High,Meghalaya,1.41
City Life,Medium,Varkala,Beach,Low,Kerala,2.0
Religious,High,Ajanta,Historical,Medium,Maharashtra,2.0
Adventure,Low,Gulmarg,Hill Station,High,Kashmir,1.4
Wildlife,Low,Jaipur,Historical,High,Rajasthan,1.4
City Life,Medium,Ooty,Hill Station,Medium,Tamil Nadu,2.91
Adventure,Medium,Hampi,Historical,Low,Karnataka,2.0
Wildlife,High,Manali,Hill Station,Low,Himachal,2.01
City Life,High,Varkala,Beach,Medium,Kerala,2.01
Beach,Low,Khajuraho,Historical,Low,MP,2.91
City Life,High,Kanha,Wildlife,High,MP,2.9
Religious,High,Kaziranga,Wildlife,Medium,Assam,2.0
Wildlife,Low,Mumbai,City Life,High,Maharashtra,1.41
Historical,High,Alibaug,Beach,High,Maharashtra,2.91
Religious,High,Kolkata,City Life,Low,West Bengal,2.01
Beach,High,Bodh Gaya,Religious,Medium,Bihar,2.0
City Life,Low,Red Fort,Historical,High,Delhi,1.41
Religious,Medium,Gir,Wildlife,Medium,Gujarat,2.9
Beach,Medium,Dandeli,Adventure,Low,Karnataka,2.01
City Life,Low,Gangtok,Hill Station,Low,Sikkim,2.9
Beach,Low,Mumbai,City Life,Medium,Maharashtra,1.4
Beach,Medium,Alibaug,Beach,High,Maharashtra,3.51
Religious,Medium,Ahmedabad,City Life,Medium,Gujarat,2.91
City Life,Low,Kaziranga,Wildlife,Medium,Assam,1.41
Hill Station,High,CP,City Life,Medium,Delhi,2.0
Wildlife,Medium,Madurai,Religious,Medium,Tamil Nadu,2.91
Historical,Low,Manali,Hill Station,High,Himachal,1.4
Adventure,Medium,Kolkata,City Life,Medium,West Bengal,2.91
Hill Station,High,Marina,Beach,Medium,Tamil Nadu,2.01
Wildlife,Low,Tawang,Adventure,High,Arunachal,1.41
Religious,Low,Amritsar,Religious,High,Punjab,3.51
Wildlife,Medium,Kolkata,City Life,High,West Bengal,1.41
Beach,Low,Varanasi,Religious,High,UP,1.41
City Life,Medium,Madurai,Religious,High,Tamil Nadu,1.4
Hill Station,Medium,Nalanda,Historical,High,Bihar,1.41
City Life,Low,Puri,Beach,High,Odisha,1.4
City Life,Medium,Dandeli,Adventure,High,Karnataka,1.4
Adventure,Low,Tawang,Adventure,Medium,Arunachal,3.51
Beach,High,Gulmarg,Hill Station,Medium,Kashmir,2.0
Adventure,High,Jim Corbett,Wildlife,High,Uttarakhand,2.91
Religious,Low,Alibaug,Beach,Medium,Maharashtra,1.4
Wildlife,Medium,Dandeli,Adventure,Medium,Karnataka,2.9
Historical,Medium,Kolkata,City Life,High,West Bengal,1.41
Adventure,Low,Nainital,Hill Station,Low,Uttarakhand,2.91
Adventure,High,Varkala,Beach,Medium,Kerala,2.0
Beach,Medium,Leh,Adventure,Low,Ladakh,2.01
Adventure,Low,Radhanagar,Beach,Medium,Andaman,1.4
Hill Station,Medium,Leh,Adventure,High,Ladakh,1.41
Religious,Low,Gulmarg,Hill Station,High,Kashmir,1.41
Adventure,Low,Red Fort,Historical,High,Delhi,1.41
Beach,High,Kolkata,City Life,High,West Bengal,2.9
Historical,High,Bandipur,Wildlife,Low,Karnataka,2.01
City Life,High,Spiti,Adventure,Low,Himachal,2.0
Beach,Medium,Gulmarg,Hill Station,Medium,Kashmir,2.9
Wildlife,High,Varanasi,Religious,Low,UP,2.01
Historical,Medium,Varkala,Beach,Medium,Kerala,2.91
Religious,Medium,Nainital,Hill Station,Low,Uttarakhand,2.01
Adventure,Medium,Rishikesh,Adventure,Low,Uttarakhand,4.11
Historical,Medium,Rishikesh,Adventure,Low,Uttarakhand,2.01
Wildlife,Low,Kanha,Wildlife,Low,MP,5.0
Wildlife,Medium,Baga,Beach,High,Goa,1.41
Adventure,High,Rishikesh,Adventure,High,Uttarakhand,5.0
Historical,Low,Red Fort,Historical,Medium,Delhi,3.5
City Life,Low,Yadadri,Religious,Medium,Telangana,1.41
Beach,Medium,Kanha,Wildlife,Low,MP,2.01
Religious,Medium,Kolkata,City Life,High,West Bengal,1.41
City Life,Low,Rishikesh,Adventure,High,Uttarakhand,1.4
Beach,Low,Hyderabad,City Life,High,Telangana,1.4
Wildlife,Medium,Varanasi,Religious,Medium,UP,2.9
Historical,High,Ooty,Hill Station,High,Tamil Nadu,2.91
Religious,High,Bangalore,City Life,Low,Karnataka,2.01
Religious,Low,Kolkata,City Life,Medium,West Bengal,1.4
Historical,Medium,Kaziranga,Wildlife,Medium,Assam,2.91
Wildlife,Low,Leh,Adventure,Low,Ladakh,2.9
Historical,High,CP,City Life,High,Delhi,2.9
Adventure,Medium,Manali,Hill Station,Low,Himachal,2.01
Adventure,High,Gir,Wildlife,Medium,Gujarat,2.0
City Life,High,Mumbai,City Life,High,Maharashtra,5.0
Wildlife,High,Manali,Hill Station,High,Himachal,2.91
City Life,High,Gir,Wildlife,High,Gujarat,2.91
Adventure,High,Hyderabad,City Life,Low,Telangana,2.01
Adventure,High,Red Fort,Historical,Low,Delhi,2.0
Wildlife,High,Kaziranga,Wildlife,Medium,Assam,4.1
City Life,Medium,CP,City Life,High,Delhi,3.51
Wildlife,Medium,Bangalore,City Life,Medium,Karnataka,2.9
Adventure,Medium,Nalanda,Historical,Low,Bihar,2.01
Hill Station,High,Nalanda,Historical,Low,Bihar,2.01
Adventure,Low,Hyderabad,City Life,Medium,Telangana,1.4
Wildlife,Medium,Puri,Beach,Medium,Odisha,2.9
Wildlife,Low,Ajanta,Historical,High,Maharashtra,1.4
Historical,High,Jaipur,Historical,Medium,Rajasthan,4.11
Adventure,Low,Khajuraho,Historical,High,MP,1.41
Hill Station,High,Ooty,Hill Station,Medium,Tamil Nadu,4.1
Beach,Medium,Dandeli,Adventure,High,Karnataka,1.4
Wildlife,Low,Gangtok,Hill Station,Medium,Sikkim,1.4
Beach,Low,Hampi,Historical,High,Karnataka,1.4
Beach,High,Gangtok,Hill Station,High,Sikkim,2.91
Beach,High,Hampi,Historical,Low,Karnataka,2.0
Hill Station,High,Bandipur,Wildlife,Medium,Karnataka,2.0
Religious,High,Somnath,Religious,Medium,Gujarat,4.11
Adventure,Medium,Bodh Gaya,Religious,High,Bihar,1.4
Wildlife,High,Gangtok,Hill Station,Low,Sikkim,2.01
Wildlife,High,Ooty,Hill Station,Low,Tamil Nadu,2.01
Historical,Medium,Leh,Adventure,High,Ladakh,1.41
Hill Station,Low,Marina,Beach,High,Tamil Nadu,1.4
City Life,Medium,Jim Corbett,Wildlife,Medium,Uttarakhand,2.9
Beach,Low,Manali,Hill Station,High,Himachal,1.4
Adventure,Low,Khajuraho,Historical,High,MP,1.41
Religious,Low,Tawang,Adventure,Medium,Arunachal,1.4
Religious,Medium,Ooty,Hill Station,Medium,Tamil Nadu,2.91
Hill Station,High,Marina,Beach,Low,Tamil Nadu,2.0
Adventure,Medium,Ooty,Hill Station,Low,Tamil Nadu,2.0
Wildlife,High,Gangtok,Hill Station,Medium,Sikkim,2.0
Adventure,Medium,Ranthambore,Wildlife,Medium,Rajasthan,2.9
Beach,High,Yadadri,Religious,High,Telangana,2.9
Adventure,High,Gangtok,Hill Station,High,Sikkim,2.91
Historical,Medium,Ajanta,Historical,High,Maharashtra,3.51
Historical,Low,Hyderabad,City Life,Low,Telangana,2.9
Religious,High,Kolkata,City Life,Low,West Bengal,2.0
Hill Station,Low,Somnath,Religious,Low,Gujarat,2.9
Wildlife,Low,Kaziranga,Wildlife,High,Assam,3.51
City Life,Medium,Ajanta,Historical,High,Maharashtra,1.4
Religious,Low,Ooty,Hill Station,High,Tamil Nadu,1.4
Historical,Low,Kaziranga,Wildlife,Medium,Assam,1.41
Adventure,High,Gulmarg,Hill Station,Low,Kashmir,2.01
Religious,High,Gulmarg,Hill Station,Low,Kashmir,2.0
Historical,Medium,Baga,Beach,High,Goa,1.41
Adventure,High,Marina,Beach,Medium,Tamil Nadu,2.01
Beach,Medium,Gulmarg,Hill Station,High,Kashmir,1.41
City Life,Low,Gangtok,Hill Station,Low,Sikkim,2.91
Wildlife,Medium,Kaziranga,Wildlife,Medium,Assam,5.0
Historical,High,Varanasi,Religious,Medium,UP,2.01
Wildlife,High,Mumbai,City Life,Medium,Maharashtra,2.0
City Life,Medium,Baga,Beach,High,Goa,1.41
Adventure,Medium,Marina,Beach,Low,Tamil Nadu,2.0
Historical,High,Ahmedabad,City Life,Medium,Gujarat,2.01
Religious,Low,Bodh Gaya,Religious,Medium,Bihar,3.5
Wildlife,Low,Manali,Hill Station,Medium,Himachal,1.4
City Life,High,Jim Corbett,Wildlife,Medium,Uttarakhand,2.0
Historical,Medium,Tawang,Adventure,Medium,Arunachal,2.9
Historical,Medium,Gir,Wildlife,Medium,Gujarat,2.91
Adventure,Medium,Bodh Gaya,Religious,High,Bihar,1.41
Hill Station,Medium,Khajuraho,Historical,Low,MP,2.0
Beach,High,Alibaug,Beach,High,Maharashtra,5.0
Beach,High,Bangalore,City Life,High,Karnataka,2.9
Religious,High,Gangtok,Hill Station,Medium,Sikkim,2.01
Adventure,Low,Jaipur,Historical,Medium,Rajasthan,1.4
Adventure,Low,Baga,Beach,Medium,Goa,1.4
Historical,Low,Khajuraho,Historical,Low,MP,5.0
Adventure,Medium,Gir,Wildlife,Low,Gujarat,2.0
Adventure,Low,Varkala,Beach,High,Kerala,1.41
City Life,High,Kolkata,City Life,Low,West Bengal,4.11
Adventure,Medium,Manali,Hill Station,High,Himachal,1.41
Adventure,Medium,Ajanta,Historical,High,Maharashtra,1.41
City Life,High,Rishikesh,Adventure,Medium,Uttarakhand,2.0
Beach,Low,Madurai,Religious,High,Tamil Nadu,1.41
Hill Station,Low,Jaipur,Historical,High,Rajasthan,1.4
City Life,Medium,Varkala,Beach,Medium,Kerala,2.91
City Life,Medium,Bodh Gaya,Religious,Low,Bihar,2.01
Hill Station,Low,Madurai,Religious,Low,Tamil Nadu,2.9
City Life,High,Kanha,Wildlife,Low,MP,2.0
Beach,Medium,Zulruk,Adventure,Medium,Sikkim,2.9
Wildlife,Medium,Puri,Beach,Medium,Odisha,2.9
Wildlife,Medium,Radhanagar,Beach,Medium,Andaman,2.91
Hill Station,Medium,Baga,Beach,Low,Goa,2.01
Hill Station,Medium,Dandeli,Adventure,Low,Karnataka,2.01
Wildlife,High,Madurai,Religious,Medium,Tamil Nadu,2.0
Adventure,Low,Yadadri,Religious,High,Telangana,1.41
Wildlife,Medium,Jaipur,Historical,High,Rajasthan,1.41
Hill Station,High,Red Fort,Historical,Low,Delhi,2.01
Religious,High,Kolkata,City Life,Low,West Bengal,2.01
Beach,High,Bangalore,City Life,High,Karnataka,2.91
Historical,Medium,Varanasi,Religious,High,UP,1.41
Religious,High,Ahmedabad,City Life,High,Gujarat,2.91
Religious,Low,Gulmarg,Hill Station,Low,Kashmir,2.91
Hill Station,Medium,Gir,Wildlife,High,Gujarat,1.4
Historical,High,Nalanda,Historical,Medium,Bihar,4.11
Adventure,Low,Rishikesh,Adventure,Low,Uttarakhand,5.0
City Life,Low,Nalanda,Historical,Low,Bihar,2.91
Adventure,High,CP,City Life,High,Delhi,2.91
Historical,Medium,Baga,Beach,High,Goa,1.41
Hill Station,Low,Yadadri,Religious,Low,Telangana,2.91
Wildlife,Low,Manali,Hill Station,High,Himachal,1.4
Religious,High,Nainital,Hill Station,Low,Uttarakhand,2.0
Beach,Low,Jaipur,Historical,High,Rajasthan,1.4
Religious,Medium,Hampi,Historical,Low,Karnataka,2.01
Hill Station,Low,Nalanda,Historical,High,Bihar,1.4
City Life,Medium,Gir,Wildlife,High,Gujarat,1.4
Hill Station,High,Amritsar,Religious,High,Punjab,2.9
Hill Station,Medium,Bangalore,City Life,Low,Karnataka,2.0
City Life,Medium,Hampi,Historical,Medium,Karnataka,2.91
Wildlife,Low,Jim Corbett,Wildlife,Low,Uttarakhand,5.0
Hill Station,High,Zulruk,Adventure,Low,Sikkim,2.0
Religious,Medium,Jaipur,Historical,Medium,Rajasthan,2.91
Adventure,High,Tawang,Adventure,Low,Arunachal,4.1
City Life,Low,Ahmedabad,City Life,Low,Gujarat,5.0
Hill Station,Low,Red Fort,Historical,Low,Delhi,2.9
Beach,High,Leh,Adventure,High,Ladakh,2.9
Historical,Medium,Bandipur,Wildlife,Medium,Karnataka,2.9
Historical,Low,Ajanta,Historical,High,Maharashtra,3.5
Religious,Medium,Red Fort,Historical,Low,Delhi,2.0
Hill Station,Medium,Kolkata,City Life,Medium,West Bengal,2.91
Hill Station,Medium,Baga,Beach,High,Goa,1.4
Hill Station,High,Mumbai,City Life,Medium,Maharashtra,2.01
City Life,Medium,Madurai,Religious,High,Tamil Nadu,1.41
Wildlife,Medium,Ranthambore,Wildlife,Medium,Rajasthan,5.0
Hill Station,High,Red Fort,Historical,Low,Delhi,2.01
Wildlife,High,Red Fort,Historical,Low,Delhi,2.0
Adventure,High,Ranthambore,Wildlife,Medium,Rajasthan,2.01
Adventure,Medium,Ranthambore,Wildlife,Low,Rajasthan,2.01
Beach,Low,Manali,Hill Station,High,Himachal,1.41
Adventure,High,Puri,Beach,Medium,Odisha,2.0
Religious,Low,Zulruk,Adventure,Low,Sikkim,2.9
Adventure,Low,Puri,Beach,Low,Odisha,2.9
Wildlife,High,Ooty,Hill Station,Low,Tamil Nadu,2.01
Beach,Medium,Gir,Wildlife,High,Gujarat,1.41
Adventure,Medium,Yadadri,Religious,Low,Telangana,2.01
Adventure,Medium,Bodh Gaya,Religious,High,Bihar,1.41
Adventure,Low,Somnath,Religious,Low,Gujarat,2.9
Historical,Low,Hyderabad,City Life,Medium,Telangana,1.4
Historical,Medium,Marina,Beach,High,Tamil Nadu,1.4
Wildlife,High,Red Fort,Historical,Low,Delhi,2.0
Wildlife,Low,Ranthambore,Wildlife,Medium,Rajasthan,3.51
Hill Station,Medium,Khajuraho,Historical,Medium,MP,2.9
Beach,Medium,Yadadri,Religious,Medium,Telangana,2.91
Religious,Medium,Radhanagar,Beach,High,Andaman,1.4
Religious,Low,Amritsar,Religious,High,Punjab,3.51
Adventure,High,Kaziranga,Wildlife,Low,Assam,2.01
Historical,High,Radhanagar,Beach,High,Andaman,2.9
Beach,Medium,Tawang,Adventure,Medium,Arunachal,2.91
Wildlife,Low,Gulmarg,Hill Station,Low,Kashmir,2.9
City Life,High,Gulmarg,Hill Station,High,Kashmir,2.9
Adventure,High,CP,City Life,High,Delhi,2.9
Adventure,Medium,Radhanagar,Beach,High,Andaman,1.4
Hill Station,Low,Jaipur,Historical,High,Rajasthan,1.41
Adventure,Low,Bangalore,City Life,Low,Karnataka,2.91
City Life,Medium,Varkala,Beach,Low,Kerala,2.01
Historical,High,Mumbai,City Life,Low,Maharashtra,2.0
City Life,Low,Varkala,Beach,Low,Kerala,2.9
Wildlife,High,Spiti,Adventure,Medium,Himachal,2.01
Hill Station,Medium,Ahmedabad,City Life,Medium,Gujarat,2.91
City Life,Low,Bandipur,Wildlife,Medium,Karnataka,1.41
Historical,Medium,Somnath,Religious,Medium,Gujarat,2.91
Beach,Low,Leh,Adventure,Medium,Ladakh,1.41
Adventure,High,Amritsar,Religious,Medium,Punjab,2.0
Hill Station,Medium,Red Fort,Historical,Low,Delhi,2.0
Adventure,High,Marina,Beach,Medium,Tamil Nadu,2.0
Adventure,Low,Gir,Wildlife,High,Gujarat,1.4
Adventure,Medium,Marina,Beach,Low,Tamil Nadu,2.0
Historical,Medium,Gir,Wildlife,High,Gujarat,1.4
Hill Station,Low,Varkala,Beach,Low,Kerala,2.91
Historical,Low,Jaipur,Historical,High,Rajasthan,3.51
Hill Station,Low,Bodh Gaya,Religious,Medium,Bihar,1.4
City Life,Low,Gulmarg,Hill Station,Low,Kashmir,2.9
Hill Station,Medium,Zulruk,Adventure,Medium,Sikkim,2.91
Historical,Low,Jaipur,Historical,High,Rajasthan,3.51
City Life,Medium,Leh,Adventure,Medium,Ladakh,2.9
City Life,Low,Manali,Hill Station,Low,Himachal,2.91
Historical,Low,Mumbai,City Life,High,Maharashtra,1.4
Hill Station,High,Nainital,Hill Station,Medium,Uttarakhand,4.11
Wildlife,Medium,Baga,Beach,Low,Goa,2.0
City Life,High,Zulruk,Adventure,Medium,Sikkim,2.0
Beach,Low,Amritsar,Religious,Medium,Punjab,1.41
Historical,Medium,Shillong,Hill Station,Medium,Meghalaya,2.9
Religious,High,Alibaug,Beach,Low,Maharashtra,2.01
Hill Station,High,Jim Corbett,Wildlife,Low,Uttarakhand,2.01
Historical,Low,Baga,Beach,High,Goa,1.41
Beach,Low,Tawang,Adventure,Low,Arunachal,2.9
City Life,Low,Dandeli,Adventure,Medium,Karnataka,1.4
Wildlife,High,Hyderabad,City Life,Low,Telangana,2.01
Historical,High,Mumbai,City Life,Low,Maharashtra,2.0
City Life,Medium,Radhanagar,Beach,Low,Andaman,2.0
Beach,Medium,CP,City Life,Medium,Delhi,2.91
Hill Station,Medium,Mumbai,City Life,Medium,Maharashtra,2.91
Religious,Medium,Yadadri,Religious,Medium,Telangana,5.0
Wildlife,High,Nalanda,Historical,Low,Bihar,2.01
Adventure,Low,Hampi,Historical,Medium,Karnataka,1.4
Hill Station,High,Bandipur,Wildlife,Low,Karnataka,2.01
Adventure,Medium,Leh,Adventure,Medium,Ladakh,5.0
Hill Station,High,Dandeli,Adventure,Low,Karnataka,2.01
Adventure,High,Leh,Adventure,High,Ladakh,5.0
City Life,Medium,Hyderabad,City Life,High,Telangana,3.51
Religious,High,Nalanda,Historical,Medium,Bihar,2.0
Hill Station,Medium,Khajuraho,Historical,High,MP,1.4
