place_id,place_name,city,state,old_image_url,new_image_url,pexels_photo_id,pexels_url,photographer,photographer_url,query_used,match_type,match_score,action,status
"place-taj-mahal-agra","Taj Mahal","Agra","Uttar Pradesh","https://upload.wikimedia.org/wikipedia/commons/thumb/1/1d/Taj_Mahal_%28Edited%29.jpeg/640px-Taj_Mahal_%28Edited%29.jpeg","https://images.pexels.com/photos/11948442/pexels-photo-11948442.jpeg?auto=compress&cs=tinysrgb&dpr=2&h=650&w=940","11948442","https://www.pexels.com/photo/the-taj-mahal-in-india-11948442/","Abhinav Sharma","https://www.pexels.com/@abhi31","Taj Mahal, Agra, Uttar Pradesh, India","relevant",70,"REPLACED_RELEVANT","replaced"
"place-radhanagar-beach-andaman","Radhanagar Beach","Havelock Island","Andaman and Nicobar Islands","https://dynamic-media-cdn.tripadvisor.com/media/photo-o/03/89/e9/f8/radhanagar-beach.jpg?w=900&h=500&s=1","https://dynamic-media-cdn.tripadvisor.com/media/photo-o/03/89/e9/f8/radhanagar-beach.jpg?w=900&h=500&s=1","","","","","Radhanagar Beach, Havelock Island, Andaman and Nicobar Islands, India","weak",42.5,"KEPT_EXISTING","kept_existing"
"place-suruli-falls-theni","Suruli Falls","Theni","Tamil Nadu","https://images.unsplash.com/photo-1432405972618-c60b0225b8f9?w=800","https://images.unsplash.com/photo-1432405972618-c60b0225b8f9?w=800","","","","","Theni, Tamil Nadu, India waterfall","weak",42.5,"KEPT_EXISTING","kept_existing"
"place-meghamalai-theni","Meghamalai (Highwavys Range)","Theni","Tamil Nadu","https://images.unsplash.com/photo-1626621341517-bbf3d9990a23?w=800","https://images.unsplash.com/photo-1626621341517-bbf3d9990a23?w=800","","","","","Meghamalai (Highwavys Range), Theni, Tamil Nadu, India","weak",20,"KEPT_EXISTING","kept_existing"
"place-kaziranga-national-park-kaziranga-national-park","Kaziranga National Park","Kaziranga National Park","Assam","https://images.unsplash.com/photo-1534188753412-3e26d0d618d6?w=800","https://images.pexels.com/photos/35981367/pexels-photo-35981367.jpeg?auto=compress&cs=tinysrgb&dpr=2&h=650&w=940","35981367","https://www.pexels.com/photo/barking-deer-pair-in-kaziranga-national-park-35981367/","Naman Aggarwal","https://www.pexels.com/@naman-aggarwal-16616480","Kaziranga National Park, Kaziranga National Park, Assam, India","exact",85,"REPLACED_EXACT","replaced"
"place-marvel-at-the-victoria-memorial-kolkata","Marvel at the Victoria Memorial","Kolkata","West Bengal","https://images.unsplash.com/photo-1470071459604-3b5ec3a7fe05?w=800","https://images.unsplash.com/photo-1470071459604-3b5ec3a7fe05?w=800","","","","","Marvel at the Victoria Memorial, Kolkata, West Bengal, India","weak",43.33333333333333,"KEPT_EXISTING","kept_existing"
"place-dal-lake-srinagar","Dal Lake","Srinagar","Jammu and Kashmir","https://upload.wikimedia.org/wikipedia/commons/thumb/e/e1/Dal_Lake_Hazratbal_Srinagar.jpg/800px-Dal_Lake_Hazratbal_Srinagar.jpg","https://images.pexels.com/photos/6738359/pexels-photo-6738359.jpeg?auto=compress&cs=tinysrgb&dpr=2&h=650&w=940","6738359","https://www.pexels.com/photo/aerial-shot-of-a-town-by-the-lake-6738359/","Imad Clicks","https://www.pexels.com/@imadclicks","Dal Lake, Srinagar, Jammu and Kashmir, India","exact",80,"REPLACED_EXACT","replaced"
"place-rock-garden-tirupati","Rock Garden","Tirupati","Andhra Pradesh","https://images.unsplash.com/photo-1585320806297-9794b3e4eeae?w=800","https://images.unsplash.com/photo-1585320806297-9794b3e4eeae?w=800","","","","","Rock Garden, Tirupati, Andhra Pradesh, India","weak",32.5,"KEPT_EXISTING","kept_existing"
"place-qutub-minar-delhi","Qutub Minar","Delhi","Delhi","https://upload.wikimedia.org/wikipedia/commons/thumb/c/c0/Qutb_Minar_2011.jpg/200px-Qutb_Minar_2011.jpg","https://images.pexels.com/photos/16892575/pexels-photo-16892575.jpeg?auto=compress&cs=tinysrgb&dpr=2&h=650&w=940","16892575","https://www.pexels.com/photo/qutab-minar-in-new-delhi-in-india-16892575/","Ravi Roshan","https://www.pexels.com/@ravi-roshan-2875998","Qutub Minar, Delhi, Delhi, India","exact",85,"REPLACED_EXACT","replaced"
"place-meenakshi-amman-temple-madurai","Meenakshi Amman Temple","Madurai","Tamil Nadu","https://images.unsplash.com/photo-1614082242765-7c98ca0f3df3?w=800","https://images.unsplash.com/photo-1614082242765-7c98ca0f3df3?w=800","","","","","Meenakshi Amman Temple, Madurai, Tamil Nadu, India","weak",26.666666666666664,"KEPT_EXISTING","kept_existing"
"place-go-clubbing-by-the-baga-beach-goa","Go Clubbing by the Baga Beach","Goa","Goa","https://images.unsplash.com/photo-1507525428034-b723cf961d3e?w=800","https://images.pexels.com/photos/28355680/pexels-photo-28355680.jpeg?auto=compress&cs=tinysrgb&dpr=2&h=650&w=940","28355680","https://www.pexels.com/photo/vibrant-seaside-scene-at-baga-beach-goa-28355680/","Mohit Hambiria","https://www.pexels.com/@mohit-hambiria-92377455","Go Clubbing by the Baga Beach, Goa, Goa, India","relevant",68.33333333333333,"REPLACED_RELEVANT","replaced"
"place-dudhsagar-falls-nashik","Dudhsagar Falls","Goa","Goa","https://upload.wikimedia.org/wikipedia/commons/thumb/0/0b/Doodhsagar_Fall.jpg/1200px-Doodhsagar_Fall.jpg","https://upload.wikimedia.org/wikipedia/commons/thumb/0/0b/Doodhsagar_Fall.jpg/1200px-Doodhsagar_Fall.jpg","","","","","Dudhsagar Falls, Goa, Goa, India","weak",35,"KEPT_EXISTING","kept_existing"
"place-engage-in-the-adventures-of-solang-valley-manali","Engage in the Adventures of Solang Valley","Manali","Himachal Pradesh","https://images.unsplash.com/photo-1502680390548-bdbac40e4ce3?w=800","https://images.unsplash.com/photo-1502680390548-bdbac40e4ce3?w=800","","","","","Engage in the Adventures of Solang Valley, Manali, Himachal Pradesh, India","weak",35,"KEPT_EXISTING","kept_existing"
"place-limestone-caves-baratang-island","Limestone Caves","Baratang Island","Andaman and Nicobar Islands","https://media.australian.museum/media/dd/images/Ishigaki_ishigakijima_limestone_cave.8181618.width-800.6104bde.jpg","https://media.australian.museum/media/dd/images/Ishigaki_ishigakijima_limestone_cave.8181618.width-800.6104bde.jpg","","","","","Limestone Caves, Baratang Island, India","weak",17.5,"KEPT_EXISTING","kept_existing"
"place-bharatpur-beach-andaman","Bharatpur Beach","Neil Island","Andaman and Nicobar Islands","http://be.discoverandaman.in/storage/uploads/2024/2/8e7965b3-74e6-478a-bcda-088346037edd.jpeg","http://be.discoverandaman.in/storage/uploads/2024/2/8e7965b3-74e6-478a-bcda-088346037edd.jpeg","","","","","Bharatpur Beach, Neil Island, Andaman and Nicobar Islands, India","weak",42.5,"KEPT_EXISTING","kept_existing"
"place-cellular-jail-andaman","Cellular Jail","Port Blair","Andaman and Nicobar Islands","https://upload.wikimedia.org/wikipedia/commons/f/fe/Front_View_of_Cellular_Jail%2C_Port_Blair.JPG","https://upload.wikimedia.org/wikipedia/commons/f/fe/Front_View_of_Cellular_Jail%2C_Port_Blair.JPG","","","","","Cellular Jail, Port Blair, Andaman and Nicobar Islands, India","weak",50,"KEPT_EXISTING","kept_existing"
"place-amaravathi-temple-amravati","Amaravathi Temple","Amravati","Andhra Pradesh","https://s7ap1.scene7.com/is/image/incredibleindia/amaralingeshwara-temple-amaravati-andhra-pradesh-1-attr-hero?qlt=82&ts=1726743722820","https://s7ap1.scene7.com/is/image/incredibleindia/amaralingeshwara-temple-amaravati-andhra-pradesh-1-attr-hero?qlt=82&ts=1726743722820","","","","","Amaravathi Temple, Amravati, Andhra Pradesh, India","weak",42.5,"KEPT_EXISTING","kept_existing"
"place-chikhaldara-hill-station-amravati","Chikhaldara Hill Station","Amravati","Andhra Pradesh","https://images.unsplash.com/photo-1582510003544-4d00b7f74220?w=800","https://images.unsplash.com/photo-1582510003544-4d00b7f74220?w=800","","","","","Amravati, Andhra Pradesh, India cultural","weak",25,"KEPT_EXISTING","kept_existing"
"place-melghat-tiger-reserve-amravati","Melghat Tiger Reserve","Amravati","Andhra Pradesh","https://images.unsplash.com/photo-1582510003544-4d00b7f74220?w=800","https://images.unsplash.com/photo-1582510003544-4d00b7f74220?w=800","","","","","Amravati, Andhra Pradesh, India cultural","weak",25,"KEPT_EXISTING","kept_existing"
"place-lepakshi-anantapur","Lepakshi","Anantapur","Andhra Pradesh","https://upload.wikimedia.org/wikipedia/commons/thumb/0/0a/Front_side_of_Veerabhadra_Temple%2C_Lepakshi.jpg/1200px-Front_side_of_Veerabhadra_Temple%2C_Lepakshi.jpg","https://upload.wikimedia.org/wikipedia/commons/thumb/0/0a/Front_side_of_Veerabhadra_Temple%2C_Lepakshi.jpg/1200px-Front_side_of_Veerabhadra_Temple%2C_Lepakshi.jpg","","","","","Lepakshi, Anantapur, Andhra Pradesh, India","relevant",75,"KEPT_EXISTING","kept_existing"
"place-uppalapadu-bird-sanctuary-guntur","Uppalapadu Bird Sanctuary","Guntur","Andhra Pradesh","https://dynamic-media-cdn.tripadvisor.com/media/photo-o/08/5f/02/90/uppalapadu-bird-sanctuary.jpg?w=1200&h=-1&s=1","https://images.pexels.com/photos/37938064/pexels-photo-37938064.jpeg?auto=compress&cs=tinysrgb&dpr=2&h=650&w=940","37938064","https://www.pexels.com/photo/spot-billed-pelicans-nesting-in-uppalapadu-sanctuary-37938064/","AK Photography","https://www.pexels.com/@ak-photography-613782088","Uppalapadu Bird Sanctuary, Guntur, Andhra Pradesh, India","relevant",65,"REPLACED_RELEVANT","replaced"
"place-gandikota-fort-kadapa","Gandikota Fort","Kadapa","Andhra Pradesh","https://dynamic-media-cdn.tripadvisor.com/media/photo-o/15/4a/20/f2/grand-canyon-of-india.jpg?w=1200&h=1200&s=1","https://dynamic-media-cdn.tripadvisor.com/media/photo-o/15/4a/20/f2/grand-canyon-of-india.jpg?w=1200&h=1200&s=1","","","","","Gandikota Fort, Kadapa, India","weak",27.5,"KEPT_EXISTING","kept_existing"
"place-belum-caves-kurnool","Belum Caves","Kurnool","Andhra Pradesh","https://dynamic-media-cdn.tripadvisor.com/media/photo-o/11/1c/95/33/group-outing-belum-caves3.jpg?w=1200&h=-1&s=1","https://dynamic-media-cdn.tripadvisor.com/media/photo-o/11/1c/95/33/group-outing-belum-caves3.jpg?w=1200&h=-1&s=1","","","","","Belum Caves, Kurnool, Andhra Pradesh, India","weak",25,"KEPT_EXISTING","kept_existing"
"place-prasanthi-nilayam-puttaparthi","Prasanthi Nilayam","Puttaparthi","Andhra Pradesh","https://upload.wikimedia.org/wikipedia/commons/d/da/Sri_Sathya_Sai_Baba_Mahasamadhi_at_Sai_Kulwant_Hall.jpg","https://upload.wikimedia.org/wikipedia/commons/d/da/Sri_Sathya_Sai_Baba_Mahasamadhi_at_Sai_Kulwant_Hall.jpg","","","","","Prasanthi Nilayam, Puttaparthi, Andhra Pradesh, India","weak",25,"KEPT_EXISTING","kept_existing"
"place-papikondalu-rajahmundry","Papikondalu","Rajahmundry","Andhra Pradesh","https://papikondalu.net.in/assets/images/papikondalu-tour-1200x800.jpg","https://papikondalu.net.in/assets/images/papikondalu-tour-1200x800.jpg","","","","","Papikondalu, Rajahmundry, India","weak",20,"KEPT_EXISTING","kept_existing"
"place-mallikarjuna-swamy-temple-srisailam","Mallikarjuna Swamy Temple","Srisailam","Andhra Pradesh","https://upload.wikimedia.org/wikipedia/commons/c/c0/Srisailam.jpg","https://upload.wikimedia.org/wikipedia/commons/c/c0/Srisailam.jpg","","","","","Mallikarjuna Swamy Temple, Srisailam, Andhra Pradesh, India","weak",35,"KEPT_EXISTING","kept_existing"
"place-akasaganga-teertham-tirupati","Akasaganga Teertham","Tirupati","Andhra Pradesh","https://images.unsplash.com/photo-1470071459604-3b5ec3a7fe05?w=800","https://images.unsplash.com/photo-1470071459604-3b5ec3a7fe05?w=800","","","","","Akasaganga Teertham, Tirupati, Andhra Pradesh, India","weak",30,"KEPT_EXISTING","kept_existing"
"place-brahmotsavam-festival-in-tirupati-tirupati","Brahmotsavam Festival in Tirupati","Tirupati","Andhra Pradesh","https://images.unsplash.com/photo-1614082242765-7c98ca0f3df3?w=800","https://images.unsplash.com/photo-1614082242765-7c98ca0f3df3?w=800","","","","","Brahmotsavam Festival in Tirupati, Tirupati, Andhra Pradesh, India","weak",41.666666666666664,"KEPT_EXISTING","kept_existing"
"place-chakra-teertham-waterfalls-tirupati","Chakra Teertham Waterfalls","Tirupati","Andhra Pradesh","https://images.unsplash.com/photo-1470071459604-3b5ec3a7fe05?w=800","https://images.unsplash.com/photo-1470071459604-3b5ec3a7fe05?w=800","","","","","Chakra Teertham Waterfalls, Tirupati, Andhra Pradesh, India","weak",20,"KEPT_EXISTING","kept_existing"
"place-chandragiri-palace-fort-tirupati","Chandragiri Palace & Fort","Tirupati","Andhra Pradesh","https://images.unsplash.com/photo-1564507592333-c60657eea523?w=800","https://images.unsplash.com/photo-1564507592333-c60657eea523?w=800","","","","","Andhra Pradesh, India historical","weak",25,"KEPT_EXISTING","kept_existing"
"place-chittoor-tirupati","Chittoor","Tirupati","Andhra Pradesh","https://images.unsplash.com/photo-1470071459604-3b5ec3a7fe05?w=800","https://images.unsplash.com/photo-1470071459604-3b5ec3a7fe05?w=800","","","","","Chittoor, Tirupati, India","weak",50,"KEPT_EXISTING","kept_existing"
"place-city-shopping-tirupati","City Shopping","Tirupati","Andhra Pradesh","https://images.unsplash.com/photo-1596402184320-417e7178b2cd?w=800","https://images.unsplash.com/photo-1596402184320-417e7178b2cd?w=800","","","","","City Shopping, Tirupati, Andhra Pradesh, India","weak",30,"KEPT_EXISTING","kept_existing"
"place-deer-park-tirupati","Deer Park","Tirupati","Andhra Pradesh","https://images.unsplash.com/photo-1585320806297-9794b3e4eeae?w=800","https://images.unsplash.com/photo-1585320806297-9794b3e4eeae?w=800","","","","","Deer Park, Tirupati, Andhra Pradesh, India","weak",45,"KEPT_EXISTING","kept_existing"
"place-highway-grand-world-tirupati","Highway Grand World","Tirupati","Andhra Pradesh","https://images.unsplash.com/photo-1470071459604-3b5ec3a7fe05?w=800","https://images.unsplash.com/photo-1470071459604-3b5ec3a7fe05?w=800","","","","","Highway Grand World, Tirupati, India","weak",30,"KEPT_EXISTING","kept_existing"
"place-iskcon-tirupati-tirupati","ISKCON Tirupati","Tirupati","Andhra Pradesh","https://images.unsplash.com/photo-1470071459604-3b5ec3a7fe05?w=800","https://images.unsplash.com/photo-1470071459604-3b5ec3a7fe05?w=800","","","","","ISKCON Tirupati, Tirupati, Andhra Pradesh, India","weak",52.5,"KEPT_EXISTING","kept_existing"
"place-japali-teertham-tirupati","Japali Teertham","Tirupati","Andhra Pradesh","https://images.unsplash.com/photo-1470071459604-3b5ec3a7fe05?w=800","https://images.unsplash.com/photo-1470071459604-3b5ec3a7fe05?w=800","","","","","Japali Teertham, Tirupati, Andhra Pradesh, India","weak",30,"KEPT_EXISTING","kept_existing"
"place-kanipakam-tirupati","Kanipakam","Tirupati","Andhra Pradesh","https://images.unsplash.com/photo-1614082242765-7c98ca0f3df3?w=800","https://images.unsplash.com/photo-1614082242765-7c98ca0f3df3?w=800","","","","","Kanipakam, Tirupati, Andhra Pradesh, India","weak",30,"KEPT_EXISTING","kept_existing"
"place-kodandarama-swamy-temple-tirupati","Kodandarama Swamy Temple","Tirupati","Andhra Pradesh","https://images.unsplash.com/photo-1614082242765-7c98ca0f3df3?w=800","https://images.unsplash.com/photo-1614082242765-7c98ca0f3df3?w=800","","","","","Kodandarama Swamy Temple, Tirupati, Andhra Pradesh, India","weak",41.666666666666664,"KEPT_EXISTING","kept_existing"
"place-nagalapuram-tirupati","Nagalapuram","Tirupati","Andhra Pradesh","https://images.unsplash.com/photo-1470071459604-3b5ec3a7fe05?w=800","https://images.unsplash.com/photo-1470071459604-3b5ec3a7fe05?w=800","","","","","Nagalapuram, Tirupati, Andhra Pradesh, India","weak",30,"KEPT_EXISTING","kept_existing"
"place-nellore-tirupati","Nellore","Tirupati","Andhra Pradesh","https://images.unsplash.com/photo-1507525428034-b723cf961d3e?w=800","https://images.pexels.com/photos/36149529/pexels-photo-36149529.jpeg?auto=compress&cs=tinysrgb&dpr=2&h=650&w=940","36149529","https://www.pexels.com/photo/closeup-of-rockface-in-nellore-india-36149529/","Yarraguntla Ganesh","https://www.pexels.com/@yarraguntla-ganesh-2159059444","Nellore, Tirupati, India","relevant",65,"REPLACED_RELEVANT","replaced"
"place-regional-science-centre-tirupati","Regional Science Centre","Tirupati","Andhra Pradesh","https://images.unsplash.com/photo-1470071459604-3b5ec3a7fe05?w=800","https://images.unsplash.com/photo-1470071459604-3b5ec3a7fe05?w=800","","","","","Tirupati, Andhra Pradesh, India cultural","weak",30,"KEPT_EXISTING","kept_existing"
"place-silathoranam-tirupati","Silathoranam","Tirupati","Andhra Pradesh","https://images.unsplash.com/photo-1470071459604-3b5ec3a7fe05?w=800","https://images.unsplash.com/photo-1470071459604-3b5ec3a7fe05?w=800","","","","","Silathoranam, Tirupati, Andhra Pradesh, India","weak",30,"KEPT_EXISTING","kept_existing"
"place-sri-padmavathi-ammavari-temple-tirupati","Sri Padmavathi Ammavari Temple","Tirupati","Andhra Pradesh","https://images.unsplash.com/photo-1614082242765-7c98ca0f3df3?w=800","https://images.unsplash.com/photo-1614082242765-7c98ca0f3df3?w=800","","","","","Sri Padmavathi Ammavari Temple, Tirupati, Andhra Pradesh, India","weak",41.666666666666664,"KEPT_EXISTING","kept_existing"
"place-sri-venkateswara-dhyana-vignan-mandiram-tirupati","Sri Venkateswara Dhyana Vignan Mandiram","Tirupati","Andhra Pradesh","https://images.unsplash.com/photo-1614082242765-7c98ca0f3df3?w=800","https://images.unsplash.com/photo-1614082242765-7c98ca0f3df3?w=800","","","","","Sri Venkateswara Dhyana Vignan Mandiram, Tirupati, Andhra Pradesh, India","weak",30,"KEPT_EXISTING","kept_existing"
"place-srivari-museum-tirupati","Srivari Museum","Tirupati","Andhra Pradesh","https://images.unsplash.com/photo-1614082242765-7c98ca0f3df3?w=800","https://images.unsplash.com/photo-1614082242765-7c98ca0f3df3?w=800","","","","","Srivari Museum, Tirupati, Andhra Pradesh, India","weak",30,"KEPT_EXISTING","kept_existing"
"place-srivari-padalu-tirupati","Srivari Padalu","Tirupati","Andhra Pradesh","https://images.unsplash.com/photo-1470071459604-3b5ec3a7fe05?w=800","https://images.unsplash.com/photo-1470071459604-3b5ec3a7fe05?w=800","","","","","Srivari Padalu, Tirupati, Andhra Pradesh, India","weak",30,"KEPT_EXISTING","kept_existing"
"place-swami-pushkarini-lake-tirupati","Swami Pushkarini Lake","Tirupati","Andhra Pradesh","https://images.unsplash.com/photo-1614082242765-7c98ca0f3df3?w=800","https://images.unsplash.com/photo-1614082242765-7c98ca0f3df3?w=800","","","","","Swami Pushkarini Lake, Andhra Pradesh, India","weak",25,"KEPT_EXISTING","kept_existing"
"place-ttd-gardens-tirupati","TTD gardens","Tirupati","Andhra Pradesh","https://images.unsplash.com/photo-1585320806297-9794b3e4eeae?w=800","https://images.unsplash.com/photo-1585320806297-9794b3e4eeae?w=800","","","","","TTD gardens, Tirupati, Andhra Pradesh, India","weak",20,"KEPT_EXISTING","kept_existing"
"place-talakona-waterfall-tirupati","Talakona Waterfall","Tirupati","Andhra Pradesh","https://images.unsplash.com/photo-1470071459604-3b5ec3a7fe05?w=800","https://images.unsplash.com/photo-1470071459604-3b5ec3a7fe05?w=800","","","","","Talakona Waterfall, Tirupati, Andhra Pradesh, India","weak",20,"KEPT_EXISTING","kept_existing"
"place-teppotsavam-tirupati","Teppotsavam","Tirupati","Andhra Pradesh","https://images.unsplash.com/photo-1614082242765-7c98ca0f3df3?w=800","https://images.unsplash.com/photo-1614082242765-7c98ca0f3df3?w=800","","","","","Teppotsavam, Tirupati, Andhra Pradesh, India","weak",30,"KEPT_EXISTING","kept_existing"
"place-tumburu-teertham-tirupati","Tumburu Teertham","Tirupati","Andhra Pradesh","https://images.unsplash.com/photo-1470071459604-3b5ec3a7fe05?w=800","https://images.unsplash.com/photo-1470071459604-3b5ec3a7fe05?w=800","","","","","Tumburu Teertham, Tirupati, Andhra Pradesh, India","weak",30,"KEPT_EXISTING","kept_existing"
"place-vaikuntha-teertham-tirupati","Vaikuntha Teertham","Tirupati","Andhra Pradesh","https://images.unsplash.com/photo-1470071459604-3b5ec3a7fe05?w=800","https://images.unsplash.com/photo-1470071459604-3b5ec3a7fe05?w=800","","","","","Vaikuntha Teertham, Tirupati, Andhra Pradesh, India","weak",30,"KEPT_EXISTING","kept_existing"
"place-bhavani-island-vijayawada","Bhavani Island","Vijayawada","Andhra Pradesh","https://images.unsplash.com/photo-1582510003544-4d00b7f74220?w=800","https://images.unsplash.com/photo-1582510003544-4d00b7f74220?w=800","","","","","Bhavani Island, Vijayawada, Andhra Pradesh, India","weak",17.5,"KEPT_EXISTING","kept_existing"
"place-kanaka-durga-temple-vijayawada","Kanaka Durga Temple","Vijayawada","Andhra Pradesh","https://upload.wikimedia.org/wikipedia/commons/b/ba/Kanakadurga_Temple_gopuram.jpg","https://upload.wikimedia.org/wikipedia/commons/b/ba/Kanakadurga_Temple_gopuram.jpg","","","","","Kanaka Durga Temple, Vijayawada, Andhra Pradesh, India","weak",33.33333333333333,"KEPT_EXISTING","kept_existing"
"place-undavalli-caves-vijayawada","Undavalli Caves","Vijayawada","Andhra Pradesh","https://images.unsplash.com/photo-1582510003544-4d00b7f74220?w=800","https://images.unsplash.com/photo-1582510003544-4d00b7f74220?w=800","","","","","Undavalli Caves, Vijayawada, India","weak",17.5,"KEPT_EXISTING","kept_existing"
"place-bheemilli-beach-visakhapatnam","Bheemilli beach","Visakhapatnam","Andhra Pradesh","https://images.unsplash.com/photo-1564507592333-c60657eea523?w=800","https://images.unsplash.com/photo-1564507592333-c60657eea523?w=800","","","","","Bheemilli beach, Visakhapatnam, Andhra Pradesh, India","weak",42.5,"KEPT_EXISTING","kept_existing"
"place-bojjannakonda-visakhapatnam","Bojjannakonda","Visakhapatnam","Andhra Pradesh","https://images.unsplash.com/photo-1614082242765-7c98ca0f3df3?w=800","https://images.unsplash.com/photo-1614082242765-7c98ca0f3df3?w=800","","","","","Bojjannakonda, Andhra Pradesh, India","weak",25,"KEPT_EXISTING","kept_existing"
"place-borra-caves-visakhapatnam","Borra Caves","Visakhapatnam","Andhra Pradesh","https://dynamic-media-cdn.tripadvisor.com/media/photo-o/0f/9d/80/6a/borra-caves.jpg?w=1200&h=1200&s=1","https://dynamic-media-cdn.tripadvisor.com/media/photo-o/0f/9d/80/6a/borra-caves.jpg?w=1200&h=1200&s=1","","","","","Borra Caves, Visakhapatnam, Andhra Pradesh, India","weak",25,"KEPT_EXISTING","kept_existing"
"place-buddhist-excavation-visakhapatnam","Buddhist Excavation","Visakhapatnam","Andhra Pradesh","https://images.unsplash.com/photo-1470071459604-3b5ec3a7fe05?w=800","https://images.unsplash.com/photo-1470071459604-3b5ec3a7fe05?w=800","","","","","","none",-100,"KEPT_EXISTING","kept_existing"
"place-city-shopping-visakhapatnam","City Shopping","Visakhapatnam","Andhra Pradesh","https://images.unsplash.com/photo-1596402184320-417e7178b2cd?w=800","https://images.unsplash.com/photo-1596402184320-417e7178b2cd?w=800","","","","","","none",-100,"KEPT_EXISTING","kept_existing"
"place-dolphin-s-nose-visakhapatnam","Dolphin's nose","Visakhapatnam","Andhra Pradesh","https://images.unsplash.com/photo-1470071459604-3b5ec3a7fe05?w=800","https://images.unsplash.com/photo-1470071459604-3b5ec3a7fe05?w=800","","","","","","none",-100,"KEPT_EXISTING","kept_existing"
"place-gangavaram-beach-visakhapatnam","Gangavaram beach","Visakhapatnam","Andhra Pradesh","https://images.unsplash.com/photo-1507525428034-b723cf961d3e?w=800","https://images.unsplash.com/photo-1507525428034-b723cf961d3e?w=800","","","","","","none",-100,"KEPT_EXISTING","kept_existing"
"place-ins-kurusura-submarine-museum-visakhapatnam","INS Kurusura Submarine Museum","Visakhapatnam","Andhra Pradesh","https://images.unsplash.com/photo-1582510003544-4d00b7f74220?w=800","https://images.unsplash.com/photo-1582510003544-4d00b7f74220?w=800","","","","","","none",-100,"KEPT_EXISTING","kept_existing"
"place-indira-gandhi-zoological-park-visakhapatnam","Indira Gandhi Zoological Park","Visakhapatnam","Andhra Pradesh","https://images.unsplash.com/photo-1585320806297-9794b3e4eeae?w=800","https://images.unsplash.com/photo-1585320806297-9794b3e4eeae?w=800","","","","","","none",-100,"KEPT_EXISTING","kept_existing"
"place-itika-pongal-visakhapatnam","Itika Pongal","Visakhapatnam","Andhra Pradesh","https://images.unsplash.com/photo-1470071459604-3b5ec3a7fe05?w=800","https://images.unsplash.com/photo-1470071459604-3b5ec3a7fe05?w=800","","","","","","none",-100,"KEPT_EXISTING","kept_existing"
"place-kailasagiri-visakhapatnam","Kailasagiri","Visakhapatnam","Andhra Pradesh","https://upload.wikimedia.org/wikipedia/commons/7/7a/Kailasagiri.jpg","https://upload.wikimedia.org/wikipedia/commons/7/7a/Kailasagiri.jpg","","","","","","none",-100,"KEPT_EXISTING","kept_existing"
"place-kailasagiri-hill-park-visakhapatnam","Kailasagiri Hill Park","Visakhapatnam","Andhra Pradesh","https://images.unsplash.com/photo-1582510003544-4d00b7f74220?w=800","https://images.unsplash.com/photo-1582510003544-4d00b7f74220?w=800","","","","","Kailasagiri Hill Park, Visakhapatnam, Andhra Pradesh, India","weak",31.666666666666664,"KEPT_EXISTING","kept_existing"
"place-kambalakonda-wildlife-sanctuary-visakhapatnam","Kambalakonda Wildlife Sanctuary","Visakhapatnam","Andhra Pradesh","https://images.unsplash.com/photo-1507525428034-b723cf961d3e?w=800","https://images.unsplash.com/photo-1507525428034-b723cf961d3e?w=800","","","","","","none",-100,"KEPT_EXISTING","kept_existing"
"place-katiki-waterfalls-visakhapatnam","Katiki Waterfalls","Visakhapatnam","Andhra Pradesh","https://images.unsplash.com/photo-1470071459604-3b5ec3a7fe05?w=800","https://images.unsplash.com/photo-1470071459604-3b5ec3a7fe05?w=800","","","","","","none",-100,"KEPT_EXISTING","kept_existing"
"place-lambasingi-visakhapatnam","Lambasingi","Visakhapatnam","Andhra Pradesh","https://images.unsplash.com/photo-1470071459604-3b5ec3a7fe05?w=800","https://images.unsplash.com/photo-1470071459604-3b5ec3a7fe05?w=800","","","","","","none",-100,"KEPT_EXISTING","kept_existing"
"place-lawson-s-bay-beach-visakhapatnam","Lawson's Bay Beach","Visakhapatnam","Andhra Pradesh","https://images.unsplash.com/photo-1507525428034-b723cf961d3e?w=800","https://images.unsplash.com/photo-1507525428034-b723cf961d3e?w=800","","","","","","none",-100,"KEPT_EXISTING","kept_existing"
"place-matsyadarshini-aquarium-visakhapatnam","Matsyadarshini Aquarium","Visakhapatnam","Andhra Pradesh","https://images.unsplash.com/photo-1470071459604-3b5ec3a7fe05?w=800","https://images.unsplash.com/photo-1470071459604-3b5ec3a7fe05?w=800","","","","","","none",-100,"KEPT_EXISTING","kept_existing"
"place-rishikonda-beach-visakhapatnam","Rishikonda Beach","Visakhapatnam","Andhra Pradesh","https://upload.wikimedia.org/wikipedia/commons/a/a5/Rushikonda_beach_view_001.jpg","https://upload.wikimedia.org/wikipedia/commons/a/a5/Rushikonda_beach_view_001.jpg","","","","","","none",-100,"KEPT_EXISTING","kept_existing"
"place-ross-hill-church-visakhapatnam","Ross Hill Church","Visakhapatnam","Andhra Pradesh","https://images.unsplash.com/photo-1614082242765-7c98ca0f3df3?w=800","https://images.unsplash.com/photo-1614082242765-7c98ca0f3df3?w=800","","","","","","none",-100,"KEPT_EXISTING","kept_existing"
"place-simhachalan-temple-visakhapatnam","Simhachalan Temple","Visakhapatnam","Andhra Pradesh","https://images.unsplash.com/photo-1614082242765-7c98ca0f3df3?w=800","https://images.unsplash.com/photo-1614082242765-7c98ca0f3df3?w=800","","","","","","none",-100,"KEPT_EXISTING","kept_existing"
"place-submarine-museum-visakhapatnam","Submarine Museum","Visakhapatnam","Andhra Pradesh","https://upload.wikimedia.org/wikipedia/commons/thumb/3/34/Submarine_Museum.JPG/1200px-Submarine_Museum.JPG","https://upload.wikimedia.org/wikipedia/commons/thumb/3/34/Submarine_Museum.JPG/1200px-Submarine_Museum.JPG","","","","","","none",-100,"KEPT_EXISTING","kept_existing"
"place-tu-142-aircraft-museum-visakhapatnam","TU 142 Aircraft Museum","Visakhapatnam","Andhra Pradesh","https://images.unsplash.com/photo-1564507592333-c60657eea523?w=800","https://images.unsplash.com/photo-1564507592333-c60657eea523?w=800","","","","","","none",-100,"KEPT_EXISTING","kept_existing"
"place-tenneti-park-visakhapatnam","Tenneti Park","Visakhapatnam","Andhra Pradesh","https://images.unsplash.com/photo-1585320806297-9794b3e4eeae?w=800","https://images.unsplash.com/photo-1585320806297-9794b3e4eeae?w=800","","","","","","none",-100,"KEPT_EXISTING","kept_existing"
"place-vuda-park-taraka-rama-visakhapatnam","VUDA Park (Taraka Rama)","Visakhapatnam","Andhra Pradesh","https://images.unsplash.com/photo-1585320806297-9794b3e4eeae?w=800","https://images.unsplash.com/photo-1585320806297-9794b3e4eeae?w=800","","","","","","none",-100,"KEPT_EXISTING","kept_existing"
"place-victory-at-sea-war-memorial-visakhapatnam","Victory at Sea War Memorial","Visakhapatnam","Andhra Pradesh","https://images.unsplash.com/photo-1564507592333-c60657eea523?w=800","https://images.unsplash.com/photo-1564507592333-c60657eea523?w=800","","","","","","none",-100,"KEPT_EXISTING","kept_existing"
"place-war-memorial-visakhapatnam","War memorial","Visakhapatnam","Andhra Pradesh","https://images.unsplash.com/photo-1507525428034-b723cf961d3e?w=800","https://images.unsplash.com/photo-1507525428034-b723cf961d3e?w=800","","","","","","none",-100,"KEPT_EXISTING","kept_existing"
"place-yarada-beach-visakhapatnam","Yarada Beach","Visakhapatnam","Andhra Pradesh","https://images.unsplash.com/photo-1507525428034-b723cf961d3e?w=800","https://images.unsplash.com/photo-1507525428034-b723cf961d3e?w=800","","","","","","none",-100,"KEPT_EXISTING","kept_existing"
"place-simhachalam-temple-vizianagaram","Simhachalam Temple","Vizianagaram","Andhra Pradesh","https://upload.wikimedia.org/wikipedia/commons/1/18/Simhachalam_temple_from_a_hilltop.jpg","https://upload.wikimedia.org/wikipedia/commons/1/18/Simhachalam_temple_from_a_hilltop.jpg","","","","","","none",-100,"KEPT_EXISTING","kept_existing"
"place-bhadrakali-temple-warangal","Bhadrakali Temple","Warangal","Andhra Pradesh","https://images.unsplash.com/photo-1582510003544-4d00b7f74220?w=800","https://images.unsplash.com/photo-1582510003544-4d00b7f74220?w=800","","","","","","none",-100,"KEPT_EXISTING","kept_existing"
"place-thousand-pillar-temple-warangal","Thousand Pillar Temple","Warangal","Andhra Pradesh","https://images.unsplash.com/photo-1582510003544-4d00b7f74220?w=800","https://images.unsplash.com/photo-1582510003544-4d00b7f74220?w=800","","","","","","none",-100,"KEPT_EXISTING","kept_existing"
"place-warangal-fort-warangal","Warangal Fort","Warangal","Andhra Pradesh","https://images.unsplash.com/photo-1582510003544-4d00b7f74220?w=800","https://images.unsplash.com/photo-1582510003544-4d00b7f74220?w=800","","","","","","none",-100,"KEPT_EXISTING","kept_existing"
"place-ganga-lake-geker-sinying-itanagar","Ganga Lake (Geker Sinying)","Itanagar","Arunachal Pradesh","https://images.unsplash.com/photo-1582510003544-4d00b7f74220?w=800","https://images.unsplash.com/photo-1582510003544-4d00b7f74220?w=800","","","","","","none",-100,"KEPT_EXISTING","kept_existing"
"place-itanagar-wildlife-sanctuary-itanagar","Itanagar Wildlife Sanctuary","Itanagar","Arunachal Pradesh","https://images.unsplash.com/photo-1582510003544-4d00b7f74220?w=800","https://images.unsplash.com/photo-1582510003544-4d00b7f74220?w=800","","","","","","none",-100,"KEPT_EXISTING","kept_existing"
"place-jawaharlal-nehru-museum-itanagar","Jawaharlal Nehru Museum","Itanagar","Arunachal Pradesh","https://images.unsplash.com/photo-1582510003544-4d00b7f74220?w=800","https://images.unsplash.com/photo-1582510003544-4d00b7f74220?w=800","","","","","","none",-100,"KEPT_EXISTING","kept_existing"
"place-tawang-monastery-tawang","Tawang Monastery","Tawang","Arunachal Pradesh","https://upload.wikimedia.org/wikipedia/commons/2/2a/Tawang_Monastery_%28Tibetan_Buddhist%29.jpg","https://upload.wikimedia.org/wikipedia/commons/2/2a/Tawang_Monastery_%28Tibetan_Buddhist%29.jpg","","","","","","none",-100,"KEPT_EXISTING","kept_existing"
"place-assam-state-museum-guwahati","Assam State Museum","Guwahati","Assam","https://images.unsplash.com/photo-1582510003544-4d00b7f74220?w=800","https://images.unsplash.com/photo-1582510003544-4d00b7f74220?w=800","","","","","","none",-100,"KEPT_EXISTING","kept_existing"
"place-kamakhya-temple-guwahati","Kamakhya Temple","Guwahati","Assam","https://upload.wikimedia.org/wikipedia/commons/thumb/d/dc/Kamakhya_Temple%2C_Guwahati.jpg/1200px-Kamakhya_Temple%2C_Guwahati.jpg","https://upload.wikimedia.org/wikipedia/commons/thumb/d/dc/Kamakhya_Temple%2C_Guwahati.jpg/1200px-Kamakhya_Temple%2C_Guwahati.jpg","","","","","","none",-100,"KEPT_EXISTING","kept_existing"
"place-pobitora-wildlife-sanctuary-guwahati","Pobitora Wildlife Sanctuary","Guwahati","Assam","https://upload.wikimedia.org/wikipedia/commons/8/82/Indian_Rhino_in_Pobitora.jpg","https://upload.wikimedia.org/wikipedia/commons/8/82/Indian_Rhino_in_Pobitora.jpg","","","","","","none",-100,"KEPT_EXISTING","kept_existing"
"place-umananda-island-guwahati","Umananda Island","Guwahati","Assam","https://upload.wikimedia.org/wikipedia/commons/4/4b/Umananda_Island%2C_Guwahati_%284%29.jpg","https://upload.wikimedia.org/wikipedia/commons/4/4b/Umananda_Island%2C_Guwahati_%284%29.jpg","","","","","","none",-100,"KEPT_EXISTING","kept_existing"
"place-umananda-temple-guwahati","Umananda Temple","Guwahati","Assam","https://images.unsplash.com/photo-1582510003544-4d00b7f74220?w=800","https://images.unsplash.com/photo-1582510003544-4d00b7f74220?w=800","","","","","","none",-100,"KEPT_EXISTING","kept_existing"
"place-hayagriva-madhava-temple-hajo","Hayagriva Madhava Temple","Hajo","Assam","https://upload.wikimedia.org/wikipedia/commons/c/c7/Hagriva_Madhava_Temple_side_view2.jpg","https://upload.wikimedia.org/wikipedia/commons/c/c7/Hagriva_Madhava_Temple_side_view2.jpg","","","","","","none",-100,"KEPT_EXISTING","kept_existing"
"place-majuli-island-majuli","Majuli Island","Majuli","Assam","https://upload.wikimedia.org/wikipedia/commons/c/cb/Doriya_River_of_Majuli.jpg","https://upload.wikimedia.org/wikipedia/commons/c/cb/Doriya_River_of_Majuli.jpg","","","","","","none",-100,"KEPT_EXISTING","kept_existing"
"place-manas-national-park-manas","Manas National Park","Manas","Assam","https://upload.wikimedia.org/wikipedia/commons/d/d8/Manas_National_Park.jpg","https://upload.wikimedia.org/wikipedia/commons/d/d8/Manas_National_Park.jpg","","","","","","none",-100,"KEPT_EXISTING","kept_existing"
"place-sivasagar-sivadol-sivasagar","Sivasagar Sivadol","Sivasagar","Assam","https://upload.wikimedia.org/wikipedia/commons/7/79/Siva_Dol.JPG","https://upload.wikimedia.org/wikipedia/commons/7/79/Siva_Dol.JPG","","","","","","none",-100,"KEPT_EXISTING","kept_existing"
"place-ajapala-nigrodha-tree-bodh-gaya","Ajapala Nigrodha Tree","Bodh Gaya","Bihar","https://images.unsplash.com/photo-1564507592333-c60657eea523?w=800","https://images.unsplash.com/photo-1564507592333-c60657eea523?w=800","","","","","","none",-100,"KEPT_EXISTING","kept_existing"
"place-animesh-lochana-chaitanya-shrine-bodh-gaya","Animesh Lochana Chaitanya Shrine","Bodh Gaya","Bihar","https://images.unsplash.com/photo-1614082242765-7c98ca0f3df3?w=800","https://images.unsplash.com/photo-1614082242765-7c98ca0f3df3?w=800","","","","","","none",-100,"KEPT_EXISTING","kept_existing"
"place-archaeological-society-of-india-museum-bodh-gaya","Archaeological Society of India Museum","Bodh Gaya","Bihar","https://images.unsplash.com/photo-1564507592333-c60657eea523?w=800","https://images.unsplash.com/photo-1564507592333-c60657eea523?w=800","","","","","","none",-100,"KEPT_EXISTING","kept_existing"
"place-bodhgaya-multimedia-museum-bodh-gaya","Bodhgaya Multimedia Museum","Bodh Gaya","Bihar","https://images.unsplash.com/photo-1564507592333-c60657eea523?w=800","https://images.unsplash.com/photo-1564507592333-c60657eea523?w=800","","","","","","none",-100,"KEPT_EXISTING","kept_existing"
"place-bodhi-tree-bodh-gaya","Bodhi Tree","Bodh Gaya","Bihar","https://images.unsplash.com/photo-1470071459604-3b5ec3a7fe05?w=800","https://images.unsplash.com/photo-1470071459604-3b5ec3a7fe05?w=800","","","","","","none",-100,"KEPT_EXISTING","kept_existing"
"place-burmese-vihara-monastery-bodh-gaya","Burmese Vihara Monastery","Bodh Gaya","Bihar","https://images.unsplash.com/photo-1567337710282-00832b415979?w=800","https://images.unsplash.com/photo-1567337710282-00832b415979?w=800","","","","","","none",-100,"KEPT_EXISTING","kept_existing"
"place-cankamana-bodh-gaya","Cankamana","Bodh Gaya","Bihar","https://images.unsplash.com/photo-1614082242765-7c98ca0f3df3?w=800","https://images.unsplash.com/photo-1614082242765-7c98ca0f3df3?w=800","","","","","","none",-100,"KEPT_EXISTING","kept_existing"
"place-chinese-temple-bodh-gaya","Chinese Temple","Bodh Gaya","Bihar","https://images.unsplash.com/photo-1614082242765-7c98ca0f3df3?w=800","https://images.unsplash.com/photo-1614082242765-7c98ca0f3df3?w=800","","","","","","none",-100,"KEPT_EXISTING","kept_existing"
"place-daijokyo-buddhist-temple-bodh-gaya","Daijokyo Buddhist Temple","Bodh Gaya","Bihar","https://images.unsplash.com/photo-1614082242765-7c98ca0f3df3?w=800","https://images.unsplash.com/photo-1614082242765-7c98ca0f3df3?w=800","","","","","","none",-100,"KEPT_EXISTING","kept_existing"
"place-dungeshwari-hills-bodh-gaya","Dungeshwari Hills","Bodh Gaya","Bihar","https://images.unsplash.com/photo-1614082242765-7c98ca0f3df3?w=800","https://images.unsplash.com/photo-1614082242765-7c98ca0f3df3?w=800","","","","","","none",-100,"KEPT_EXISTING","kept_existing"
"place-great-buddha-statue-bodh-gaya","Great Buddha Statue","Bodh Gaya","Bihar","https://images.unsplash.com/photo-1567337710282-00832b415979?w=800","https://images.unsplash.com/photo-1567337710282-00832b415979?w=800","","","","","","none",-100,"KEPT_EXISTING","kept_existing"
"place-indosan-nippon-japanese-temple-bodh-gaya","Indosan Nippon Japanese Temple","Bodh Gaya","Bihar","https://images.unsplash.com/photo-1614082242765-7c98ca0f3df3?w=800","https://images.unsplash.com/photo-1614082242765-7c98ca0f3df3?w=800","","","","","","none",-100,"KEPT_EXISTING","kept_existing"
"place-jama-masjid-bodh-gaya","Jama Masjid","Bodh Gaya","Bihar","https://images.unsplash.com/photo-1614082242765-7c98ca0f3df3?w=800","https://images.unsplash.com/photo-1614082242765-7c98ca0f3df3?w=800","","","","","","none",-100,"KEPT_EXISTING","kept_existing"
"place-kundan-bazaar-bodh-gaya","Kundan Bazaar","Bodh Gaya","Bihar","https://images.unsplash.com/photo-1596402184320-417e7178b2cd?w=800","https://images.unsplash.com/photo-1596402184320-417e7178b2cd?w=800","","","","","","none",-100,"KEPT_EXISTING","kept_existing"
"place-mahabodhi-temple-bodh-gaya","Mahabodhi Temple","Bodh Gaya","Bihar","https://whc.unesco.org/uploads/thumbs/site_1056_0001-750-750-20120601152647.jpg","https://whc.unesco.org/uploads/thumbs/site_1056_0001-750-750-20120601152647.jpg","","","","","","none",-100,"KEPT_EXISTING","kept_existing"
"place-mahabodhi-temple-complex-book-store-bodh-gaya","Mahabodhi Temple Complex Book store","Bodh Gaya","Bihar","https://images.unsplash.com/photo-1614082242765-7c98ca0f3df3?w=800","https://images.unsplash.com/photo-1614082242765-7c98ca0f3df3?w=800","","","","","Mahabodhi Temple Complex Book store, Bodh Gaya, Bihar, India","weak",42,"KEPT_EXISTING","kept_existing"
"place-muchalinda-lake-bodh-gaya","Muchalinda Lake","Bodh Gaya","Bihar","https://images.unsplash.com/photo-1470071459604-3b5ec3a7fe05?w=800","https://images.unsplash.com/photo-1470071459604-3b5ec3a7fe05?w=800","","","","","","none",-100,"KEPT_EXISTING","kept_existing"
"place-root-institute-for-wisdom-culture-bodh-gaya","Root Institute for Wisdom Culture","Bodh Gaya","Bihar","https://images.unsplash.com/photo-1567337710282-00832b415979?w=800","https://images.unsplash.com/photo-1567337710282-00832b415979?w=800","","","","","","none",-100,"KEPT_EXISTING","kept_existing"
"place-royal-bhutan-monastery-bodh-gaya","Royal Bhutan Monastery","Bodh Gaya","Bihar","https://images.unsplash.com/photo-1470071459604-3b5ec3a7fe05?w=800","https://images.unsplash.com/photo-1470071459604-3b5ec3a7fe05?w=800","","","","","","none",-100,"KEPT_EXISTING","kept_existing"
"place-sujata-kuti-bodh-gaya","Sujata Kuti","Bodh Gaya","Bihar","https://images.unsplash.com/photo-1614082242765-7c98ca0f3df3?w=800","https://images.unsplash.com/photo-1614082242765-7c98ca0f3df3?w=800","","","","","","none",-100,"KEPT_EXISTING","kept_existing"
"place-sujatha-temple-bodh-gaya","Sujatha Temple","Bodh Gaya","Bihar","https://images.unsplash.com/photo-1614082242765-7c98ca0f3df3?w=800","https://images.unsplash.com/photo-1614082242765-7c98ca0f3df3?w=800","","","","","","none",-100,"KEPT_EXISTING","kept_existing"
"place-thai-monastery-bodh-gaya","Thai Monastery","Bodh Gaya","Bihar","https://images.unsplash.com/photo-1470071459604-3b5ec3a7fe05?w=800","https://images.unsplash.com/photo-1470071459604-3b5ec3a7fe05?w=800","","","","","","none",-100,"KEPT_EXISTING","kept_existing"
"place-tibetan-refugee-market-bodh-gaya","Tibetan Refugee Market","Bodh Gaya","Bihar","https://images.unsplash.com/photo-1596402184320-417e7178b2cd?w=800","https://images.unsplash.com/photo-1596402184320-417e7178b2cd?w=800","","","","","","none",-100,"KEPT_EXISTING","kept_existing"
"place-vishnupad-temple-bodh-gaya","Vishnupad Temple","Bodh Gaya","Bihar","https://images.unsplash.com/photo-1614082242765-7c98ca0f3df3?w=800","https://images.unsplash.com/photo-1614082242765-7c98ca0f3df3?w=800","","","","","","none",-100,"KEPT_EXISTING","kept_existing"
"place-budhha-smriti-park-patna","Budhha Smriti Park","Patna","Bihar","https://upload.wikimedia.org/wikipedia/commons/1/1a/Buddha_Smriti_Park.jpg","https://upload.wikimedia.org/wikipedia/commons/1/1a/Buddha_Smriti_Park.jpg","","","","","","none",-100,"KEPT_EXISTING","kept_existing"
"place-golghar-patna","Golghar","Patna","Bihar","https://images.unsplash.com/photo-1582510003544-4d00b7f74220?w=800","https://images.unsplash.com/photo-1582510003544-4d00b7f74220?w=800","","","","","","none",-100,"KEPT_EXISTING","kept_existing"
"place-mahavir-mandir-patna","Mahavir Mandir","Patna","Bihar","https://images.unsplash.com/photo-1582510003544-4d00b7f74220?w=800","https://images.unsplash.com/photo-1582510003544-4d00b7f74220?w=800","","","","","","none",-100,"KEPT_EXISTING","kept_existing"
"place-patna-museum-patna","Patna Museum","Patna","Bihar","https://images.unsplash.com/photo-1582510003544-4d00b7f74220?w=800","https://images.unsplash.com/photo-1582510003544-4d00b7f74220?w=800","","","","","","none",-100,"KEPT_EXISTING","kept_existing"
"place-sanjay-gandhi-biological-park-patna","Sanjay Gandhi Biological Park","Patna","Bihar","https://upload.wikimedia.org/wikipedia/commons/thumb/f/f1/Sanjay_Gandhi_Jaivik_Udyan.jpg/1200px-Sanjay_Gandhi_Jaivik_Udyan.jpg","https://upload.wikimedia.org/wikipedia/commons/thumb/f/f1/Sanjay_Gandhi_Jaivik_Udyan.jpg/1200px-Sanjay_Gandhi_Jaivik_Udyan.jpg","","","","","","none",-100,"KEPT_EXISTING","kept_existing"
"place-takhat-shri-harimandir-ji-patna-sahib-patna","Takhat Shri Harimandir Ji Patna Sahib","Patna","Bihar","https://tourism.bihar.gov.in/content/dam/bihar-tourism/images/category_a/patna/takht_sri_harmandir_sahib/20.%20Takhat-Sri-Harimandir-Ji.jpg/jcr:content/renditions/cq5dam.web.480.480.jpeg","https://tourism.bihar.gov.in/content/dam/bihar-tourism/images/category_a/patna/takht_sri_harmandir_sahib/20.%20Takhat-Sri-Harimandir-Ji.jpg/jcr:content/renditions/cq5dam.web.480.480.jpeg","","","","","","none",-100,"KEPT_EXISTING","kept_existing"
"place-chitrakote-falls-bastar","Chitrakote Falls","Bastar","Chhattisgarh","https://upload.wikimedia.org/wikipedia/commons/9/91/Chitrakot_waterfalls.JPG","https://upload.wikimedia.org/wikipedia/commons/9/91/Chitrakot_waterfalls.JPG","","","","","","none",-100,"KEPT_EXISTING","kept_existing"
"place-diu-fort-diu","Diu Fort","Diu","Dadra and Nagar Haveli and Daman and Diu","https://dynamic-media-cdn.tripadvisor.com/media/photo-o/10/53/f4/8e/beutiful-place.jpg?w=900&h=500&s=1","https://dynamic-media-cdn.tripadvisor.com/media/photo-o/10/53/f4/8e/beutiful-place.jpg?w=900&h=500&s=1","","","","","","none",-100,"KEPT_EXISTING","kept_existing"
"place-naida-caves-diu","Naida Caves","Diu","Dadra and Nagar Haveli and Daman and Diu","https://dynamic-media-cdn.tripadvisor.com/media/photo-o/0d/a3/00/53/img-20161116-140018-largejpg.jpg?w=1200&h=-1&s=1","https://dynamic-media-cdn.tripadvisor.com/media/photo-o/0d/a3/00/53/img-20161116-140018-largejpg.jpg?w=1200&h=-1&s=1","","","","","","none",-100,"KEPT_EXISTING","kept_existing"
"place-a-different-world-in-paharganj-delhi","A Different World in Paharganj","Delhi","Delhi","https://images.unsplash.com/photo-1470071459604-3b5ec3a7fe05?w=800","https://images.unsplash.com/photo-1470071459604-3b5ec3a7fe05?w=800","","","","","","none",-100,"KEPT_EXISTING","kept_existing"
"place-admire-the-architecture-of-purana-qila-delhi","Admire the architecture of Purana Qila","Delhi","Delhi","https://images.unsplash.com/photo-1548013146-72479768bada?w=800","https://images.unsplash.com/photo-1548013146-72479768bada?w=800","","","","","","none",-100,"KEPT_EXISTING","kept_existing"
"place-adventure-island-delhi","Adventure Island","Delhi","Delhi","https://images.unsplash.com/photo-1507525428034-b723cf961d3e?w=800","https://images.unsplash.com/photo-1507525428034-b723cf961d3e?w=800","","","","","","none",-100,"KEPT_EXISTING","kept_existing"
"place-agrasen-ki-baoli-delhi","Agrasen ki Baoli","Delhi","Delhi","https://upload.wikimedia.org/wikipedia/commons/thumb/c/cc/Agrasen_ki_Baoli%2C_New_Delhi%2C_India_-_20070127.jpg/800px-Agrasen_ki_Baoli%2C_New_Delhi%2C_India_-_20070127.jpg","https://upload.wikimedia.org/wikipedia/commons/thumb/c/cc/Agrasen_ki_Baoli%2C_New_Delhi%2C_India_-_20070127.jpg/800px-Agrasen_ki_Baoli%2C_New_Delhi%2C_India_-_20070127.jpg","","","","","","none",-100,"KEPT_EXISTING","kept_existing"
"place-akshardham-temple-delhi","Akshardham Temple","Delhi","Delhi","https://i0.wp.com/singhruby.com/wp-content/uploads/2016/01/akshardham_facts_and_figure_banner.jpg","https://i0.wp.com/singhruby.com/wp-content/uploads/2016/01/akshardham_facts_and_figure_banner.jpg","","","","","","none",-100,"KEPT_EXISTING","kept_existing"
"place-bharat-darshan-park-delhi","Bharat Darshan Park","Delhi","Delhi","https://images.unsplash.com/photo-1585320806297-9794b3e4eeae?w=800","https://images.unsplash.com/photo-1585320806297-9794b3e4eeae?w=800","","","","","","none",-100,"KEPT_EXISTING","kept_existing"
"place-birla-mandir-delhi-delhi","Birla Mandir Delhi","Delhi","Delhi","https://images.unsplash.com/photo-1614082242765-7c98ca0f3df3?w=800","https://images.unsplash.com/photo-1614082242765-7c98ca0f3df3?w=800","","","","","","none",-100,"KEPT_EXISTING","kept_existing"
"place-chandni-chowk-delhi","Chandni Chowk","Delhi","Delhi","https://media.cnn.com/api/v1/images/stellar/prod/gurudwara-sis-ganj-and-the-golden-mosque-next-to-it.jpg?c=16x9&q=h_833","https://media.cnn.com/api/v1/images/stellar/prod/gurudwara-sis-ganj-and-the-golden-mosque-next-to-it.jpg?c=16x9&q=h_833","","","","","","none",-100,"KEPT_EXISTING","kept_existing"
"place-clubbing-in-hauz-khas-village-delhi","Clubbing in Hauz Khas Village","Delhi","Delhi","https://images.unsplash.com/photo-1470071459604-3b5ec3a7fe05?w=800","https://images.unsplash.com/photo-1470071459604-3b5ec3a7fe05?w=800","","","","","","none",-100,"KEPT_EXISTING","kept_existing"
"place-crafts-museum-delhi","Crafts Museum","Delhi","Delhi","https://images.unsplash.com/photo-1564507592333-c60657eea523?w=800","https://images.unsplash.com/photo-1564507592333-c60657eea523?w=800","","","","","","none",-100,"KEPT_EXISTING","kept_existing"
"place-enjoy-the-colours-of-lajpat-nagar-delhi","Enjoy the Colours of Lajpat Nagar","Delhi","Delhi","https://images.unsplash.com/photo-1596402184320-417e7178b2cd?w=800","https://images.unsplash.com/photo-1596402184320-417e7178b2cd?w=800","","","","","","none",-100,"KEPT_EXISTING","kept_existing"
"place-garden-of-five-senses-delhi","Garden of Five Senses","Delhi","Delhi","https://dynamic-media-cdn.tripadvisor.com/media/photo-o/15/32/8b/e9/nipunsagarofficial-5.jpg?w=1200&h=-1&s=1","https://dynamic-media-cdn.tripadvisor.com/media/photo-o/15/32/8b/e9/nipunsagarofficial-5.jpg?w=1200&h=-1&s=1","","","","","Garden of Five Senses, Delhi, Delhi, India","weak",46.666666666666664,"KEPT_EXISTING","kept_existing"
"place-gurudwara-bangla-sahib-new-delhi-175","Gurudwara Bangla Sahib","Delhi","Delhi","https://upload.wikimedia.org/wikipedia/commons/thumb/4/49/Front_view_of_Gurudwara_Bangla_Sahib%2C_Delhi.jpg/800px-Front_view_of_Gurudwara_Bangla_Sahib%2C_Delhi.jpg","https://upload.wikimedia.org/wikipedia/commons/thumb/4/49/Front_view_of_Gurudwara_Bangla_Sahib%2C_Delhi.jpg/800px-Front_view_of_Gurudwara_Bangla_Sahib%2C_Delhi.jpg","","","","","","none",-100,"KEPT_EXISTING","kept_existing"
"place-humayun-s-tomb-delhi","Humayun's Tomb","Delhi","Delhi","https://whc.unesco.org/uploads/thumbs/site_0232_0005-750-750-20210425155601.jpg","https://whc.unesco.org/uploads/thumbs/site_0232_0005-750-750-20210425155601.jpg","","","","","","none",-100,"KEPT_EXISTING","kept_existing"
"place-iskcon-hare-krishna-temple-delhi","ISKCON (Hare Krishna) Temple","Delhi","Delhi","https://images.unsplash.com/photo-1614082242765-7c98ca0f3df3?w=800","https://images.unsplash.com/photo-1614082242765-7c98ca0f3df3?w=800","","","","","","none",-100,"KEPT_EXISTING","kept_existing"
"place-india-gate-delhi","India Gate","Delhi","Delhi","https://upload.wikimedia.org/wikipedia/commons/thumb/9/99/India_Gate_on_the_evening_of_77th_Independence_day.jpg/640px-India_Gate_on_the_evening_of_77th_Independence_day.jpg","https://upload.wikimedia.org/wikipedia/commons/thumb/9/99/India_Gate_on_the_evening_of_77th_Independence_day.jpg/640px-India_Gate_on_the_evening_of_77th_Independence_day.jpg","","","","","","none",-100,"KEPT_EXISTING","kept_existing"
"place-iron-pillar-delhi","Iron Pillar","Delhi","Delhi","https://images.unsplash.com/photo-1564507592333-c60657eea523?w=800","https://images.unsplash.com/photo-1564507592333-c60657eea523?w=800","","","","","","none",-100,"KEPT_EXISTING","kept_existing"
"place-jama-masjid-delhi","Jama Masjid","Delhi","Delhi","https://images.unsplash.com/photo-1470071459604-3b5ec3a7fe05?w=800","https://images.unsplash.com/photo-1470071459604-3b5ec3a7fe05?w=800","","","","","","none",-100,"KEPT_EXISTING","kept_existing"
"place-jantar-mantar-delhi","Jantar Mantar","Delhi","Delhi","https://upload.wikimedia.org/wikipedia/commons/b/b8/Jantar_Mantar%2C_New_Delhi_%28Misra_Yantra%29.jpg","https://upload.wikimedia.org/wikipedia/commons/b/b8/Jantar_Mantar%2C_New_Delhi_%28Misra_Yantra%29.jpg","","","","","","none",-100,"KEPT_EXISTING","kept_existing"
"place-kingdom-of-dreams-delhi","Kingdom of Dreams","Delhi","Delhi","https://images.unsplash.com/photo-1470071459604-3b5ec3a7fe05?w=800","https://images.unsplash.com/photo-1470071459604-3b5ec3a7fe05?w=800","","","","","","none",-100,"KEPT_EXISTING","kept_existing"
"place-kuchesar-delhi","Kuchesar","Delhi","Delhi","https://images.unsplash.com/photo-1470071459604-3b5ec3a7fe05?w=800","https://images.unsplash.com/photo-1470071459604-3b5ec3a7fe05?w=800","","","","","","none",-100,"KEPT_EXISTING","kept_existing"
"place-lodhi-garden-delhi","Lodhi Garden","Delhi","Delhi","https://dynamic-media-cdn.tripadvisor.com/media/photo-o/06/14/cf/80/lodi-gardens.jpg?w=1200&h=1200&s=1","https://dynamic-media-cdn.tripadvisor.com/media/photo-o/06/14/cf/80/lodi-gardens.jpg?w=1200&h=1200&s=1","","","","","","none",-100,"KEPT_EXISTING","kept_existing"
"place-lotus-temple-delhi","Lotus Temple","Delhi","Delhi","https://upload.wikimedia.org/wikipedia/commons/thumb/f/fc/LotusDelhi.jpg/800px-LotusDelhi.jpg","https://upload.wikimedia.org/wikipedia/commons/thumb/f/fc/LotusDelhi.jpg/800px-LotusDelhi.jpg","","","","","","none",-100,"KEPT_EXISTING","kept_existing"
"place-mehrauli-archaeological-park-delhi","Mehrauli Archaeological Park","Delhi","Delhi","https://images.unsplash.com/photo-1564507592333-c60657eea523?w=800","https://images.unsplash.com/photo-1564507592333-c60657eea523?w=800","","","","","","none",-100,"KEPT_EXISTING","kept_existing"
"place-morning-walk-near-india-gate-delhi","Morning walk near India Gate","Delhi","Delhi","https://images.unsplash.com/photo-1548013146-72479768bada?w=800","https://images.unsplash.com/photo-1548013146-72479768bada?w=800","","","","","","none",-100,"KEPT_EXISTING","kept_existing"
"place-mughal-gardens-delhi","Mughal Gardens","Delhi","Delhi","https://images.unsplash.com/photo-1564507592333-c60657eea523?w=800","https://images.unsplash.com/photo-1564507592333-c60657eea523?w=800","","","","","","none",-100,"KEPT_EXISTING","kept_existing"
"place-museum-of-illusions-delhi","Museum of Illusions","Delhi","Delhi","https://images.unsplash.com/photo-1564507592333-c60657eea523?w=800","https://images.unsplash.com/photo-1564507592333-c60657eea523?w=800","","","","","","none",-100,"KEPT_EXISTING","kept_existing"
"place-national-gallery-of-modern-art-delhi","National Gallery of Modern Art","Delhi","Delhi","https://upload.wikimedia.org/wikipedia/commons/3/31/Jaipur_House_Delhi.jpg","https://upload.wikimedia.org/wikipedia/commons/3/31/Jaipur_House_Delhi.jpg","","","","","","none",-100,"KEPT_EXISTING","kept_existing"
"place-national-science-centre-delhi","National Science Centre","Delhi","Delhi","https://dynamic-media-cdn.tripadvisor.com/media/photo-o/0e/a7/60/38/nice-experience.jpg?w=1200&h=1200&s=1","https://dynamic-media-cdn.tripadvisor.com/media/photo-o/0e/a7/60/38/nice-experience.jpg?w=1200&h=1200&s=1","","","","","","none",-100,"KEPT_EXISTING","kept_existing"
"place-nehru-memorial-museum-and-library-delhi","Nehru Memorial Museum and Library","Delhi","Delhi","https://images.unsplash.com/photo-1564507592333-c60657eea523?w=800","https://images.unsplash.com/photo-1564507592333-c60657eea523?w=800","","","","","","none",-100,"KEPT_EXISTING","kept_existing"
"place-nicholson-cemetery-delhi","Nicholson Cemetery","Delhi","Delhi","https://images.unsplash.com/photo-1524492412937-b28074a5d7da?w=800","https://images.unsplash.com/photo-1524492412937-b28074a5d7da?w=800","","","","","","none",-100,"KEPT_EXISTING","kept_existing"
"place-nizamuddin-dargah-delhi","Nizamuddin Dargah","Delhi","Delhi","https://images.unsplash.com/photo-1614082242765-7c98ca0f3df3?w=800","https://images.unsplash.com/photo-1614082242765-7c98ca0f3df3?w=800","","","","","","none",-100,"KEPT_EXISTING","kept_existing"
"place-party-at-the-connaught-place-delhi","Party at the Connaught Place","Delhi","Delhi","https://images.unsplash.com/photo-1524492412937-b28074a5d7da?w=800","https://images.unsplash.com/photo-1524492412937-b28074a5d7da?w=800","","","","","","none",-100,"KEPT_EXISTING","kept_existing"
"place-pick-the-trends-at-sarojini-market-delhi","Pick the Trends at Sarojini Market","Delhi","Delhi","https://images.unsplash.com/photo-1596402184320-417e7178b2cd?w=800","https://images.unsplash.com/photo-1596402184320-417e7178b2cd?w=800","","","","","","none",-100,"KEPT_EXISTING","kept_existing"
"place-pradhanmantri-sangrahalaya-delhi","Pradhanmantri Sangrahalaya","Delhi","Delhi","https://images.unsplash.com/photo-1564507592333-c60657eea523?w=800","https://images.unsplash.com/photo-1564507592333-c60657eea523?w=800","","","","","Pradhanmantri Sangrahalaya, Delhi, Delhi, India","weak",35,"KEPT_EXISTING","kept_existing"
"place-quwwat-ul-islam-mosque-delhi","Quwwat-ul-Islam Mosque","Delhi","Delhi","https://images.unsplash.com/photo-1614082242765-7c98ca0f3df3?w=800","https://images.unsplash.com/photo-1614082242765-7c98ca0f3df3?w=800","","","","","","none",-100,"KEPT_EXISTING","kept_existing"
"place-rajghat-delhi","Rajghat","Delhi","Delhi","https://images.unsplash.com/photo-1470071459604-3b5ec3a7fe05?w=800","https://images.unsplash.com/photo-1470071459604-3b5ec3a7fe05?w=800","","","","","","none",-100,"KEPT_EXISTING","kept_existing"
"place-rajpath-delhi","Rajpath","Delhi","Delhi","https://images.unsplash.com/photo-1470071459604-3b5ec3a7fe05?w=800","https://images.unsplash.com/photo-1470071459604-3b5ec3a7fe05?w=800","","","","","","none",-100,"KEPT_EXISTING","kept_existing"
"place-rashtrapati-bhavan-delhi","Rashtrapati Bhavan","Delhi","Delhi","https://images.unsplash.com/photo-1564507592333-c60657eea523?w=800","https://images.unsplash.com/photo-1564507592333-c60657eea523?w=800","","","","","","none",-100,"KEPT_EXISTING","kept_existing"
"place-red-fort-delhi","Red Fort","Delhi","Delhi","https://cdn.britannica.com/20/189820-050-D650A54D/Red-Fort-Old-Delhi-India.jpg","https://images.pexels.com/photos/14094276/pexels-photo-14094276.jpeg?auto=compress&cs=tinysrgb&dpr=2&h=650&w=940","14094276","https://www.pexels.com/photo/facade-of-the-lahori-gate-in-red-fort-in-delhi-india-14094276/","Vishal Adhikari","https://www.pexels.com/@vishalcreation","Red Fort, Delhi, Delhi, India","exact",85,"REPLACED_EXACT","replaced"
"place-roam-around-the-shopping-markets-delhi","Roam around the Shopping Markets","Delhi","Delhi","https://images.unsplash.com/photo-1596402184320-417e7178b2cd?w=800","https://images.unsplash.com/photo-1596402184320-417e7178b2cd?w=800","","","","","","none",-100,"KEPT_EXISTING","kept_existing"
"place-safdarjung-tomb-delhi","Safdarjung Tomb","Delhi","Delhi","https://images.unsplash.com/photo-1564507592333-c60657eea523?w=800","https://images.unsplash.com/photo-1564507592333-c60657eea523?w=800","","","","","","none",-100,"KEPT_EXISTING","kept_existing"
"place-savour-the-food-of-khan-market-delhi","Savour the food of Khan Market","Delhi","Delhi","https://images.unsplash.com/photo-1596402184320-417e7178b2cd?w=800","https://images.unsplash.com/photo-1596402184320-417e7178b2cd?w=800","","","","","","none",-100,"KEPT_EXISTING","kept_existing"
"place-shop-eat-at-dilli-haat-delhi","Shop & Eat at Dilli Haat","Delhi","Delhi","https://images.unsplash.com/photo-1596402184320-417e7178b2cd?w=800","https://images.unsplash.com/photo-1596402184320-417e7178b2cd?w=800","","","","","","none",-100,"KEPT_EXISTING","kept_existing"
"place-stroll-through-pragati-maidan-delhi","Stroll through Pragati Maidan","Delhi","Delhi","https://images.unsplash.com/photo-1470071459604-3b5ec3a7fe05?w=800","https://images.unsplash.com/photo-1470071459604-3b5ec3a7fe05?w=800","","","","","","none",-100,"KEPT_EXISTING","kept_existing"
"place-sulabh-international-museum-of-toilets-delhi","Sulabh International Museum of Toilets","Delhi","Delhi","https://images.unsplash.com/photo-1564507592333-c60657eea523?w=800","https://images.unsplash.com/photo-1564507592333-c60657eea523?w=800","","","","","","none",-100,"KEPT_EXISTING","kept_existing"
"place-sunder-nursery-delhi","Sunder Nursery","Delhi","Delhi","https://upload.wikimedia.org/wikipedia/commons/thumb/0/0d/Sunder_Nursery_Sep-2019.jpg/1200px-Sunder_Nursery_Sep-2019.jpg","https://upload.wikimedia.org/wikipedia/commons/thumb/0/0d/Sunder_Nursery_Sep-2019.jpg/1200px-Sunder_Nursery_Sep-2019.jpg","","","","","","none",-100,"KEPT_EXISTING","kept_existing"
"place-teen-murti-bhavan-nehru-house-and-nehru-planetarium-delhi","Teen Murti Bhavan (Nehru House) and Nehru Planetarium","Delhi","Delhi","https://images.unsplash.com/photo-1470071459604-3b5ec3a7fe05?w=800","https://images.unsplash.com/photo-1470071459604-3b5ec3a7fe05?w=800","","","","","","none",-100,"KEPT_EXISTING","kept_existing"
"place-tour-the-national-zoological-park-delhi","Tour the National Zoological Park","Delhi","Delhi","https://images.unsplash.com/photo-1585320806297-9794b3e4eeae?w=800","https://images.unsplash.com/photo-1585320806297-9794b3e4eeae?w=800","","","","","","none",-100,"KEPT_EXISTING","kept_existing"
"place-tughlaqabad-fort-delhi","Tughlaqabad Fort","Delhi","Delhi","https://images.unsplash.com/photo-1564507592333-c60657eea523?w=800","https://images.unsplash.com/photo-1564507592333-c60657eea523?w=800","","","","","","none",-100,"KEPT_EXISTING","kept_existing"
"place-waste-to-wonder-park-delhi","Waste to Wonder Park","Delhi","Delhi","https://dynamic-media-cdn.tripadvisor.com/media/photo-o/16/aa/20/2c/made-by-cupboard-sheets.jpg?w=1200&h=-1&s=1","https://dynamic-media-cdn.tripadvisor.com/media/photo-o/16/aa/20/2c/made-by-cupboard-sheets.jpg?w=1200&h=-1&s=1","","","","","","none",-100,"KEPT_EXISTING","kept_existing"
"place-adventures-of-anjuna-beach-goa","Adventures of Anjuna Beach","Goa","Goa","https://images.unsplash.com/photo-1507525428034-b723cf961d3e?w=800","https://images.unsplash.com/photo-1507525428034-b723cf961d3e?w=800","","","","","","none",-100,"KEPT_EXISTING","kept_existing"
"place-aguada-beach-goa","Aguada Beach","Goa","Goa","https://dynamic-media-cdn.tripadvisor.com/media/photo-o/0b/30/bd/4c/photo2jpg.jpg?w=1200&h=-1&s=1","https://dynamic-media-cdn.tripadvisor.com/media/photo-o/0b/30/bd/4c/photo2jpg.jpg?w=1200&h=-1&s=1","","","","","","none",-100,"KEPT_EXISTING","kept_existing"
"place-anjuna-flea-market-goa","Anjuna Flea Market","Goa","Goa","https://images.unsplash.com/photo-1596402184320-417e7178b2cd?w=800","https://images.unsplash.com/photo-1596402184320-417e7178b2cd?w=800","","","","","","none",-100,"KEPT_EXISTING","kept_existing"
"place-arambol-beach-goa","Arambol Beach","Goa","Goa","https://upload.wikimedia.org/wikipedia/commons/a/ab/Arambol_2022-01-04-2.jpg","https://upload.wikimedia.org/wikipedia/commons/a/ab/Arambol_2022-01-04-2.jpg","","","","","","none",-100,"KEPT_EXISTING","kept_existing"
"place-arvalem-waterfalls-goa","Arvalem Waterfalls","Goa","Goa","https://images.unsplash.com/photo-1470071459604-3b5ec3a7fe05?w=800","https://images.unsplash.com/photo-1470071459604-3b5ec3a7fe05?w=800","","","","","","none",-100,"KEPT_EXISTING","kept_existing"
"place-basilica-of-bom-jesus-goa","Basilica of Bom Jesus","Goa","Goa","https://upload.wikimedia.org/wikipedia/commons/thumb/9/9b/Basilica_of_bom_jesus_-_Front_View.jpg/1200px-Basilica_of_bom_jesus_-_Front_View.jpg","https://upload.wikimedia.org/wikipedia/commons/thumb/9/9b/Basilica_of_bom_jesus_-_Front_View.jpg/1200px-Basilica_of_bom_jesus_-_Front_View.jpg","","","","","","none",-100,"KEPT_EXISTING","kept_existing"
"place-behold-to-dudhsagar-waterfalls-goa","Behold to Dudhsagar Waterfalls","Goa","Goa","https://images.unsplash.com/photo-1470071459604-3b5ec3a7fe05?w=800","https://images.unsplash.com/photo-1470071459604-3b5ec3a7fe05?w=800","","","","","","none",-100,"KEPT_EXISTING","kept_existing"
"place-betalbatim-beach-goa","Betalbatim Beach","Goa","Goa","https://images.unsplash.com/photo-1507525428034-b723cf961d3e?w=800","https://images.unsplash.com/photo-1507525428034-b723cf961d3e?w=800","","","","","","none",-100,"KEPT_EXISTING","kept_existing"
"place-bhagwan-mahavir-sanctuary-goa","Bhagwan Mahavir Sanctuary","Goa","Goa","https://images.unsplash.com/photo-1544735716-392fe2489ffa?w=800","https://images.unsplash.com/photo-1544735716-392fe2489ffa?w=800","","","","","","none",-100,"KEPT_EXISTING","kept_existing"
"place-brittos-goa","Brittos","Goa","Goa","https://images.unsplash.com/photo-1507525428034-b723cf961d3e?w=800","https://images.unsplash.com/photo-1507525428034-b723cf961d3e?w=800","","","","","Brittos, Goa, Goa, India","weak",35,"KEPT_EXISTING","kept_existing"
"place-bungee-jumping-in-goa-goa","Bungee Jumping in Goa","Goa","Goa","https://images.unsplash.com/photo-1507525428034-b723cf961d3e?w=800","https://images.unsplash.com/photo-1507525428034-b723cf961d3e?w=800","","","","","","none",-100,"KEPT_EXISTING","kept_existing"
"place-butterfly-beach-goa","Butterfly Beach","Goa","Goa","https://images.unsplash.com/photo-1507525428034-b723cf961d3e?w=800","https://images.unsplash.com/photo-1507525428034-b723cf961d3e?w=800","","","","","","none",-100,"KEPT_EXISTING","kept_existing"
"place-butterfly-conservatory-of-goa-goa","Butterfly Conservatory Of Goa","Goa","Goa","https://images.unsplash.com/photo-1544735716-392fe2489ffa?w=800","https://images.unsplash.com/photo-1544735716-392fe2489ffa?w=800","","","","","","none",-100,"KEPT_EXISTING","kept_existing"
"place-cabo-de-rama-beach-goa","Cabo de Rama Beach","Goa","Goa","https://images.unsplash.com/photo-1507525428034-b723cf961d3e?w=800","https://images.unsplash.com/photo-1507525428034-b723cf961d3e?w=800","","","","","","none",-100,"KEPT_EXISTING","kept_existing"
"place-calangute-beach-goa","Calangute Beach","Goa","Goa","https://s7ap1.scene7.com/is/image/incredibleindia/calangute-beach-goa-7-musthead-hero?qlt=82&ts=1726735078814","https://s7ap1.scene7.com/is/image/incredibleindia/calangute-beach-goa-7-musthead-hero?qlt=82&ts=1726735078814","","","","","","none",-100,"KEPT_EXISTING","kept_existing"
"place-carnival-in-goa-goa","Carnival in Goa","Goa","Goa","https://images.unsplash.com/photo-1470071459604-3b5ec3a7fe05?w=800","https://images.unsplash.com/photo-1470071459604-3b5ec3a7fe05?w=800","","","","","","none",-100,"KEPT_EXISTING","kept_existing"
"place-casino-goa","Casino","Goa","Goa","https://images.unsplash.com/photo-1470071459604-3b5ec3a7fe05?w=800","https://images.unsplash.com/photo-1470071459604-3b5ec3a7fe05?w=800","","","","","","none",-100,"KEPT_EXISTING","kept_existing"
"place-chapora-fort-goa","Chapora Fort","Goa","Goa","https://upload.wikimedia.org/wikipedia/commons/3/35/Fort_Chapora_26012016.jpg","https://upload.wikimedia.org/wikipedia/commons/3/35/Fort_Chapora_26012016.jpg","","","","","","none",-100,"KEPT_EXISTING","kept_existing"
"place-church-of-our-lady-of-the-immaculate-conception-goa","Church of Our Lady of the Immaculate Conception","Goa","Goa","https://images.unsplash.com/photo-1614082242765-7c98ca0f3df3?w=800","https://images.unsplash.com/photo-1614082242765-7c98ca0f3df3?w=800","","","","","","none",-100,"KEPT_EXISTING","kept_existing"
"place-church-of-st-francis-of-assisi-goa","Church of St Francis of Assisi","Goa","Goa","https://images.unsplash.com/photo-1614082242765-7c98ca0f3df3?w=800","https://images.unsplash.com/photo-1614082242765-7c98ca0f3df3?w=800","","","","","","none",-100,"KEPT_EXISTING","kept_existing"
"place-church-of-st-cajetan-goa","Church of St. Cajetan","Goa","Goa","https://images.unsplash.com/photo-1614082242765-7c98ca0f3df3?w=800","https://images.unsplash.com/photo-1614082242765-7c98ca0f3df3?w=800","","","","","","none",-100,"KEPT_EXISTING","kept_existing"
"place-club-lpk-love-passion-karma-goa","Club LPK - Love Passion Karma","Goa","Goa","https://images.unsplash.com/photo-1470071459604-3b5ec3a7fe05?w=800","https://images.unsplash.com/photo-1470071459604-3b5ec3a7fe05?w=800","","","","","","none",-100,"KEPT_EXISTING","kept_existing"
"place-dine-on-a-cruise-goa","Dine on a Cruise","Goa","Goa","https://images.unsplash.com/photo-1470071459604-3b5ec3a7fe05?w=800","https://images.unsplash.com/photo-1470071459604-3b5ec3a7fe05?w=800","","","","","","none",-100,"KEPT_EXISTING","kept_existing"
"place-divar-island-goa","Divar Island","Goa","Goa","https://images.unsplash.com/photo-1507525428034-b723cf961d3e?w=800","https://images.unsplash.com/photo-1507525428034-b723cf961d3e?w=800","","","","","","none",-100,"KEPT_EXISTING","kept_existing"
"place-explore-dona-paula-goa","Explore Dona Paula","Goa","Goa","https://images.unsplash.com/photo-1507525428034-b723cf961d3e?w=800","https://images.unsplash.com/photo-1507525428034-b723cf961d3e?w=800","","","","","","none",-100,"KEPT_EXISTING","kept_existing"
"place-fontainhas-and-sao-tome-goa","Fontainhas and Sao Tome","Goa","Goa","https://images.unsplash.com/photo-1564507592333-c60657eea523?w=800","https://images.unsplash.com/photo-1564507592333-c60657eea523?w=800","","","","","","none",-100,"KEPT_EXISTING","kept_existing"
"place-fort-aguada-goa","Fort Aguada","Goa","Goa","https://upload.wikimedia.org/wikipedia/commons/a/ad/Fort_aguada.jpg","https://upload.wikimedia.org/wikipedia/commons/a/ad/Fort_aguada.jpg","","","","","","none",-100,"KEPT_EXISTING","kept_existing"
"place-fort-tiracol-goa","Fort Tiracol","Goa","Goa","https://images.unsplash.com/photo-1564507592333-c60657eea523?w=800","https://images.unsplash.com/photo-1564507592333-c60657eea523?w=800","","","","","","none",-100,"KEPT_EXISTING","kept_existing"
"place-fun-time-in-calangute-beach-goa","Fun time in Calangute Beach","Goa","Goa","https://images.unsplash.com/photo-1507525428034-b723cf961d3e?w=800","https://images.unsplash.com/photo-1507525428034-b723cf961d3e?w=800","","","","","","none",-100,"KEPT_EXISTING","kept_existing"
"place-go-shopping-in-goa-goa","Go Shopping in Goa","Goa","Goa","https://images.unsplash.com/photo-1596402184320-417e7178b2cd?w=800","https://images.unsplash.com/photo-1596402184320-417e7178b2cd?w=800","","","","","","none",-100,"KEPT_EXISTING","kept_existing"
"place-grande-island-goa","Grande Island","Goa","Goa","https://images.unsplash.com/photo-1507525428034-b723cf961d3e?w=800","https://images.unsplash.com/photo-1507525428034-b723cf961d3e?w=800","","","","","","none",-100,"KEPT_EXISTING","kept_existing"
"place-mambos-goa","Mambos","Goa","Goa","https://images.unsplash.com/photo-1470071459604-3b5ec3a7fe05?w=800","https://images.unsplash.com/photo-1470071459604-3b5ec3a7fe05?w=800","","","","","","none",-100,"KEPT_EXISTING","kept_existing"
"place-mollem-national-park-goa","Mollem National Park","Goa","Goa","https://images.unsplash.com/photo-1502680390548-bdbac40e4ce3?w=800","https://images.unsplash.com/photo-1502680390548-bdbac40e4ce3?w=800","","","","","","none",-100,"KEPT_EXISTING","kept_existing"
"place-monastery-of-st-augustine-goa","Monastery Of St Augustine","Goa","Goa","https://images.unsplash.com/photo-1614082242765-7c98ca0f3df3?w=800","https://images.unsplash.com/photo-1614082242765-7c98ca0f3df3?w=800","","","","","","none",-100,"KEPT_EXISTING","kept_existing"
"place-party-at-the-tito-s-goa","Party at the Tito's","Goa","Goa","https://images.unsplash.com/photo-1524492412937-b28074a5d7da?w=800","https://images.unsplash.com/photo-1524492412937-b28074a5d7da?w=800","","","","","Party at the Tito's, Goa, Goa, India","weak",35,"KEPT_EXISTING","kept_existing"
"place-rejuvenate-by-spas-and-massages-goa","Rejuvenate by Spas and Massages","Goa","Goa","https://images.unsplash.com/photo-1507525428034-b723cf961d3e?w=800","https://images.unsplash.com/photo-1507525428034-b723cf961d3e?w=800","","","","","","none",-100,"KEPT_EXISTING","kept_existing"
"place-relax-at-the-palolem-beach-goa","Relax at the Palolem beach","Goa","Goa","https://images.unsplash.com/photo-1507525428034-b723cf961d3e?w=800","https://images.unsplash.com/photo-1507525428034-b723cf961d3e?w=800","","","","","","none",-100,"KEPT_EXISTING","kept_existing"
"place-savoi-plantation-goa","Savoi Plantation","Goa","Goa","https://images.unsplash.com/photo-1470071459604-3b5ec3a7fe05?w=800","https://images.unsplash.com/photo-1470071459604-3b5ec3a7fe05?w=800","","","","","","none",-100,"KEPT_EXISTING","kept_existing"
"place-scuba-diving-in-goa-goa","Scuba Diving in Goa","Goa","Goa","https://images.unsplash.com/photo-1470071459604-3b5ec3a7fe05?w=800","https://images.unsplash.com/photo-1470071459604-3b5ec3a7fe05?w=800","","","","","","none",-100,"KEPT_EXISTING","kept_existing"
"place-se-cathedral-goa","Se Cathedral","Goa","Goa","https://upload.wikimedia.org/wikipedia/commons/7/72/Se%E2%80%99_Cathedral%2C_Goa.jpg","https://upload.wikimedia.org/wikipedia/commons/7/72/Se%E2%80%99_Cathedral%2C_Goa.jpg","","","","","","none",-100,"KEPT_EXISTING","kept_existing"
"place-sri-mahadeva-temple-goa","Sri Mahadeva Temple","Goa","Goa","https://images.unsplash.com/photo-1614082242765-7c98ca0f3df3?w=800","https://images.unsplash.com/photo-1614082242765-7c98ca0f3df3?w=800","","","","","","none",-100,"KEPT_EXISTING","kept_existing"
"place-sunburn-festival-goa","Sunburn Festival","Goa","Goa","https://images.unsplash.com/photo-1524492412937-b28074a5d7da?w=800","https://images.unsplash.com/photo-1524492412937-b28074a5d7da?w=800","","","","","","none",-100,"KEPT_EXISTING","kept_existing"
"place-thalassa-goa","Thalassa","Goa","Goa","https://images.unsplash.com/photo-1470071459604-3b5ec3a7fe05?w=800","https://images.unsplash.com/photo-1470071459604-3b5ec3a7fe05?w=800","","","","","","none",-100,"KEPT_EXISTING","kept_existing"
"place-water-sports-in-goa-goa","Water Sports in Goa","Goa","Goa","https://images.unsplash.com/photo-1470071459604-3b5ec3a7fe05?w=800","https://images.unsplash.com/photo-1470071459604-3b5ec3a7fe05?w=800","","","","","","none",-100,"KEPT_EXISTING","kept_existing"
"place-basilica-of-bom-jesus-panaji-222","Basilica of Bom Jesus","Panaji","Goa","https://images.unsplash.com/photo-1614082242765-7c98ca0f3df3?w=800","https://images.unsplash.com/photo-1614082242765-7c98ca0f3df3?w=800","","","","","","none",-100,"KEPT_EXISTING","kept_existing"
"place-dona-paula-panaji","Dona Paula","Panaji","Goa","https://images.unsplash.com/photo-1582510003544-4d00b7f74220?w=800","https://images.unsplash.com/photo-1582510003544-4d00b7f74220?w=800","","","","","","none",-100,"KEPT_EXISTING","kept_existing"
"place-fort-aguada-panaji-224","Fort Aguada","Panaji","Goa","https://images.unsplash.com/photo-1564507592333-c60657eea523?w=800","https://images.unsplash.com/photo-1564507592333-c60657eea523?w=800","","","","","","none",-100,"KEPT_EXISTING","kept_existing"
"place-auda-garden-ahmedabad","AUDA Garden","Ahmedabad","Gujarat","https://images.unsplash.com/photo-1585320806297-9794b3e4eeae?w=800","https://images.unsplash.com/photo-1585320806297-9794b3e4eeae?w=800","","","","","","none",-100,"KEPT_EXISTING","kept_existing"
"place-adalaj-step-well-ahmedabad","Adalaj Step Well","Ahmedabad","Gujarat","https://images.unsplash.com/photo-1470071459604-3b5ec3a7fe05?w=800","https://images.unsplash.com/photo-1470071459604-3b5ec3a7fe05?w=800","","","","","","none",-100,"KEPT_EXISTING","kept_existing"
"place-ahmedabad-one-ahmedabad","Ahmedabad One","Ahmedabad","Gujarat","https://images.unsplash.com/photo-1596402184320-417e7178b2cd?w=800","https://images.unsplash.com/photo-1596402184320-417e7178b2cd?w=800","","","","","","none",-100,"KEPT_EXISTING","kept_existing"
"place-alpha-one-mall-ahmedabad","Alpha One Mall","Ahmedabad","Gujarat","https://images.unsplash.com/photo-1596402184320-417e7178b2cd?w=800","https://images.unsplash.com/photo-1596402184320-417e7178b2cd?w=800","","","","","","none",-100,"KEPT_EXISTING","kept_existing"
"place-banascraft-ahmedabad","Banascraft","Ahmedabad","Gujarat","https://images.unsplash.com/photo-1524492412937-b28074a5d7da?w=800","https://images.unsplash.com/photo-1524492412937-b28074a5d7da?w=800","","","","","","none",-100,"KEPT_EXISTING","kept_existing"
"place-bhadra-fort-teen-darwaza-ahmedabad","Bhadra Fort & Teen Darwaza","Ahmedabad","Gujarat","https://images.unsplash.com/photo-1614082242765-7c98ca0f3df3?w=800","https://images.unsplash.com/photo-1614082242765-7c98ca0f3df3?w=800","","","","","","none",-100,"KEPT_EXISTING","kept_existing"
"place-calico-textile-museum-ahmedabad","Calico Textile Museum","Ahmedabad","Gujarat","https://images.unsplash.com/photo-1564507592333-c60657eea523?w=800","https://images.unsplash.com/photo-1564507592333-c60657eea523?w=800","","","","","","none",-100,"KEPT_EXISTING","kept_existing"
"place-city-shopping-ahmedabad","City Shopping","Ahmedabad","Gujarat","https://images.unsplash.com/photo-1596402184320-417e7178b2cd?w=800","https://images.unsplash.com/photo-1596402184320-417e7178b2cd?w=800","","","","","","none",-100,"KEPT_EXISTING","kept_existing"
"place-dada-bhagwan-temple-ahmedabad","Dada Bhagwan temple","Ahmedabad","Gujarat","https://images.unsplash.com/photo-1614082242765-7c98ca0f3df3?w=800","https://images.unsplash.com/photo-1614082242765-7c98ca0f3df3?w=800","","","","","","none",-100,"KEPT_EXISTING","kept_existing"
"place-dada-hari-wav-ahmedabad","Dada Hari Wav","Ahmedabad","Gujarat","https://images.unsplash.com/photo-1470071459604-3b5ec3a7fe05?w=800","https://images.unsplash.com/photo-1470071459604-3b5ec3a7fe05?w=800","","","","","","none",-100,"KEPT_EXISTING","kept_existing"
"place-dhanvantari-garden-ahmedabad","Dhanvantari Garden","Ahmedabad","Gujarat","https://images.unsplash.com/photo-1585320806297-9794b3e4eeae?w=800","https://images.unsplash.com/photo-1585320806297-9794b3e4eeae?w=800","","","","","","none",-100,"KEPT_EXISTING","kept_existing"
"place-gotila-garden-talav-ahmedabad","Gotila Garden-Talav","Ahmedabad","Gujarat","https://images.unsplash.com/photo-1585320806297-9794b3e4eeae?w=800","https://images.unsplash.com/photo-1585320806297-9794b3e4eeae?w=800","","","","","","none",-100,"KEPT_EXISTING","kept_existing"
"place-hathisingh-jain-temple-ahmedabad","Hathisingh Jain Temple","Ahmedabad","Gujarat","https://images.unsplash.com/photo-1614082242765-7c98ca0f3df3?w=800","https://images.unsplash.com/photo-1614082242765-7c98ca0f3df3?w=800","","","","","","none",-100,"KEPT_EXISTING","kept_existing"
"place-iskcon-temple-ahmedabad","ISKCON Temple","Ahmedabad","Gujarat","https://images.unsplash.com/photo-1614082242765-7c98ca0f3df3?w=800","https://images.unsplash.com/photo-1614082242765-7c98ca0f3df3?w=800","","","","","","none",-100,"KEPT_EXISTING","kept_existing"
"place-jama-masjid-ahmedabad","Jama Masjid","Ahmedabad","Gujarat","https://images.unsplash.com/photo-1614082242765-7c98ca0f3df3?w=800","https://images.pexels.com/photos/672638/pexels-photo-672638.jpeg?auto=compress&cs=tinysrgb&dpr=2&h=650&w=940","672638","https://www.pexels.com/photo/monochrome-photograph-of-mosque-672638/","NAUSHIL | SKYHAWK. ASIA","https://www.pexels.com/@naushil-skyhawk-asia-151720","Jama Masjid, Ahmedabad, Gujarat, India","relevant",70,"REPLACED_RELEVANT","replaced"
"place-jhulta-minar-ahmedabad","Jhulta Minar","Ahmedabad","Gujarat","https://images.unsplash.com/photo-1470071459604-3b5ec3a7fe05?w=800","https://images.unsplash.com/photo-1470071459604-3b5ec3a7fe05?w=800","","","","","","none",-100,"KEPT_EXISTING","kept_existing"
"place-kamala-nehru-zoo-ahmedabad","Kamala Nehru Zoo","Ahmedabad","Gujarat","https://images.unsplash.com/photo-1470071459604-3b5ec3a7fe05?w=800","https://images.unsplash.com/photo-1470071459604-3b5ec3a7fe05?w=800","","","","","","none",-100,"KEPT_EXISTING","kept_existing"
"place-kankaria-lake-ahmedabad","Kankaria Lake","Ahmedabad","Gujarat","https://upload.wikimedia.org/wikipedia/commons/thumb/2/2a/Kankaria_Carnival_2_Ahmedabad.JPG/1200px-Kankaria_Carnival_2_Ahmedabad.JPG","https://upload.wikimedia.org/wikipedia/commons/thumb/2/2a/Kankaria_Carnival_2_Ahmedabad.JPG/1200px-Kankaria_Carnival_2_Ahmedabad.JPG","","","","","","none",-100,"KEPT_EXISTING","kept_existing"
"place-kapasi-handicraft-emporium-ahmedabad","Kapasi Handicraft Emporium","Ahmedabad","Gujarat","https://images.unsplash.com/photo-1596402184320-417e7178b2cd?w=800","https://images.unsplash.com/photo-1596402184320-417e7178b2cd?w=800","","","","","","none",-100,"KEPT_EXISTING","kept_existing"
"place-kite-museum-ahmedabad","Kite Museum","Ahmedabad","Gujarat","https://images.unsplash.com/photo-1564507592333-c60657eea523?w=800","https://images.unsplash.com/photo-1564507592333-c60657eea523?w=800","","","","","","none",-100,"KEPT_EXISTING","kept_existing"
"place-lal-darwaza-ahmedabad","Lal Darwaza","Ahmedabad","Gujarat","https://images.unsplash.com/photo-1470071459604-3b5ec3a7fe05?w=800","https://images.unsplash.com/photo-1470071459604-3b5ec3a7fe05?w=800","","","","","","none",-100,"KEPT_EXISTING","kept_existing"
"place-lalbhai-dalpatbhai-museum-ahmedabad","Lalbhai Dalpatbhai Museum","Ahmedabad","Gujarat","https://images.unsplash.com/photo-1564507592333-c60657eea523?w=800","https://images.unsplash.com/photo-1564507592333-c60657eea523?w=800","","","","","","none",-100,"KEPT_EXISTING","kept_existing"
"place-law-garden-night-market-ahmedabad","Law Garden Night Market","Ahmedabad","Gujarat","https://images.unsplash.com/photo-1596402184320-417e7178b2cd?w=800","https://images.unsplash.com/photo-1596402184320-417e7178b2cd?w=800","","","","","","none",-100,"KEPT_EXISTING","kept_existing"
"place-lothal-ahmedabad","Lothal","Ahmedabad","Gujarat","https://images.unsplash.com/photo-1470071459604-3b5ec3a7fe05?w=800","https://images.unsplash.com/photo-1470071459604-3b5ec3a7fe05?w=800","","","","","","none",-100,"KEPT_EXISTING","kept_existing"
"place-manek-chowk-ahmedabad","Manek Chowk","Ahmedabad","Gujarat","https://upload.wikimedia.org/wikipedia/commons/9/9f/Manekchok.jpg","https://upload.wikimedia.org/wikipedia/commons/9/9f/Manekchok.jpg","","","","","","none",-100,"KEPT_EXISTING","kept_existing"
"place-modhera-sun-temple-ahmedabad","Modhera Sun Temple","Ahmedabad","Gujarat","https://images.unsplash.com/photo-1614082242765-7c98ca0f3df3?w=800","https://images.unsplash.com/photo-1614082242765-7c98ca0f3df3?w=800","","","","","","none",-100,"KEPT_EXISTING","kept_existing"
"place-nehru-bridge-ahmedabad","Nehru Bridge","Ahmedabad","Gujarat","https://images.unsplash.com/photo-1548013146-72479768bada?w=800","https://images.unsplash.com/photo-1548013146-72479768bada?w=800","","","","","","none",-100,"KEPT_EXISTING","kept_existing"
"place-one-tree-hill-garden-ahmedabad","One Tree Hill Garden","Ahmedabad","Gujarat","https://images.unsplash.com/photo-1470071459604-3b5ec3a7fe05?w=800","https://images.unsplash.com/photo-1470071459604-3b5ec3a7fe05?w=800","","","","","","none",-100,"KEPT_EXISTING","kept_existing"
"place-r3-the-mall-ahmedabad","R3 The Mall","Ahmedabad","Gujarat","https://images.unsplash.com/photo-1596402184320-417e7178b2cd?w=800","https://images.unsplash.com/photo-1596402184320-417e7178b2cd?w=800","","","","","","none",-100,"KEPT_EXISTING","kept_existing"
"place-radhe-shopping-mall-ahmedabad","Radhe Shopping Mall","Ahmedabad","Gujarat","https://images.unsplash.com/photo-1596402184320-417e7178b2cd?w=800","https://images.unsplash.com/photo-1596402184320-417e7178b2cd?w=800","","","","","","none",-100,"KEPT_EXISTING","kept_existing"
"place-rani-ki-vav-ahmedabad","Rani ki Vav","Ahmedabad","Gujarat","https://images.unsplash.com/photo-1596402184320-417e7178b2cd?w=800","https://images.unsplash.com/photo-1596402184320-417e7178b2cd?w=800","","","","","","none",-100,"KEPT_EXISTING","kept_existing"
"place-sabarmati-ashram-ahmedabad","Sabarmati Ashram","Ahmedabad","Gujarat","https://upload.wikimedia.org/wikipedia/commons/9/9a/GANDHI_ASHRAM_03.jpg","https://upload.wikimedia.org/wikipedia/commons/9/9a/GANDHI_ASHRAM_03.jpg","","","","","","none",-100,"KEPT_EXISTING","kept_existing"
"place-sabarmati-riverfront-ahmedabad","Sabarmati Riverfront","Ahmedabad","Gujarat","https://upload.wikimedia.org/wikipedia/commons/d/d0/Sabarmati_1_Madhur.jpg","https://upload.wikimedia.org/wikipedia/commons/d/d0/Sabarmati_1_Madhur.jpg","","","","","","none",-100,"KEPT_EXISTING","kept_existing"
"place-sanskar-kendra-ahmedabad","Sanskar Kendra","Ahmedabad","Gujarat","https://images.unsplash.com/photo-1470071459604-3b5ec3a7fe05?w=800","https://images.unsplash.com/photo-1470071459604-3b5ec3a7fe05?w=800","","","","","","none",-100,"KEPT_EXISTING","kept_existing"
"place-sardar-vallabhai-patel-national-museum-ahmedabad","Sardar Vallabhai Patel National Museum","Ahmedabad","Gujarat","https://images.unsplash.com/photo-1564507592333-c60657eea523?w=800","https://images.unsplash.com/photo-1564507592333-c60657eea523?w=800","","","","","","none",-100,"KEPT_EXISTING","kept_existing"
"place-sarkhej-roza-ahmedabad","Sarkhej Roza","Ahmedabad","Gujarat","https://images.unsplash.com/photo-1470071459604-3b5ec3a7fe05?w=800","https://images.unsplash.com/photo-1470071459604-3b5ec3a7fe05?w=800","","","","","","none",-100,"KEPT_EXISTING","kept_existing"
"place-science-city-ahmedabad","Science City","Ahmedabad","Gujarat","https://assets.simpleviewinc.com/simpleview/image/upload/crm/overlandpark/15800061_1200678019970162_2078686735126305890_o0-e9440f315056a36_e944123e-5056-a36a-09c5cf0c57ceea63.jpg","https://assets.simpleviewinc.com/simpleview/image/upload/crm/overlandpark/15800061_1200678019970162_2078686735126305890_o0-e9440f315056a36_e944123e-5056-a36a-09c5cf0c57ceea63.jpg","","","","","","none",-100,"KEPT_EXISTING","kept_existing"
"place-shree-camp-hanuman-mandir-ahmedabad","Shree Camp Hanuman Mandir","Ahmedabad","Gujarat","https://images.unsplash.com/photo-1614082242765-7c98ca0f3df3?w=800","https://images.unsplash.com/photo-1614082242765-7c98ca0f3df3?w=800","","","","","","none",-100,"KEPT_EXISTING","kept_existing"
"place-sidi-saiyyed-mosque-ahmedabad","Sidi Saiyyed Mosque","Ahmedabad","Gujarat","https://images.unsplash.com/photo-1614082242765-7c98ca0f3df3?w=800","https://images.unsplash.com/photo-1614082242765-7c98ca0f3df3?w=800","","","","","","none",-100,"KEPT_EXISTING","kept_existing"
"place-statue-of-unity-ahmedabad","Statue of Unity","Ahmedabad","Gujarat","https://images.unsplash.com/photo-1470071459604-3b5ec3a7fe05?w=800","https://images.unsplash.com/photo-1470071459604-3b5ec3a7fe05?w=800","","","","","","none",-100,"KEPT_EXISTING","kept_existing"
"place-swaminarayan-temple-ahmedabad","Swaminarayan Temple","Ahmedabad","Gujarat","https://images.unsplash.com/photo-1614082242765-7c98ca0f3df3?w=800","https://images.unsplash.com/photo-1614082242765-7c98ca0f3df3?w=800","","","","","","none",-100,"KEPT_EXISTING","kept_existing"
"place-tomb-of-ahmed-shah-and-ahmed-shah-s-mosque-ahmedabad","Tomb of Ahmed Shah and Ahmed Shah's Mosque.","Ahmedabad","Gujarat","https://images.unsplash.com/photo-1614082242765-7c98ca0f3df3?w=800","https://images.unsplash.com/photo-1614082242765-7c98ca0f3df3?w=800","","","","","","none",-100,"KEPT_EXISTING","kept_existing"
"place-vadla-ahmedabad","Vadla","Ahmedabad","Gujarat","https://images.unsplash.com/photo-1544735716-392fe2489ffa?w=800","https://images.unsplash.com/photo-1544735716-392fe2489ffa?w=800","","","","","","none",-100,"KEPT_EXISTING","kept_existing"
"place-vaishnodevi-temple-ahmedabad","Vaishnodevi Temple","Ahmedabad","Gujarat","https://images.unsplash.com/photo-1614082242765-7c98ca0f3df3?w=800","https://images.unsplash.com/photo-1614082242765-7c98ca0f3df3?w=800","","","","","","none",-100,"KEPT_EXISTING","kept_existing"
"place-vastrapur-lake-ahmedabad","Vastrapur Lake","Ahmedabad","Gujarat","https://images.unsplash.com/photo-1470071459604-3b5ec3a7fe05?w=800","https://images.unsplash.com/photo-1470071459604-3b5ec3a7fe05?w=800","","","","","","none",-100,"KEPT_EXISTING","kept_existing"
"place-vechaar-utensils-museum-ahmedabad","Vechaar Utensils Museum","Ahmedabad","Gujarat","https://images.unsplash.com/photo-1564507592333-c60657eea523?w=800","https://images.unsplash.com/photo-1564507592333-c60657eea523?w=800","","","","","","none",-100,"KEPT_EXISTING","kept_existing"
"place-victoria-garden-ahmedabad","Victoria Garden","Ahmedabad","Gujarat","https://images.unsplash.com/photo-1564507592333-c60657eea523?w=800","https://images.unsplash.com/photo-1564507592333-c60657eea523?w=800","","","","","","none",-100,"KEPT_EXISTING","kept_existing"
"place-world-vintage-car-museum-ahmedabad","World Vintage Car Museum","Ahmedabad","Gujarat","https://images.unsplash.com/photo-1564507592333-c60657eea523?w=800","https://images.unsplash.com/photo-1564507592333-c60657eea523?w=800","","","","","","none",-100,"KEPT_EXISTING","kept_existing"
"place-white-desert-bhuj","White Desert","Bhuj","Gujarat","https://upload.wikimedia.org/wikipedia/commons/4/4a/Al_Farafrah%2C_New_Valley_Governorate%2C_Egypt_-_panoramio_%2821%29.jpg","https://upload.wikimedia.org/wikipedia/commons/4/4a/Al_Farafrah%2C_New_Valley_Governorate%2C_Egypt_-_panoramio_%2821%29.jpg","","","","","White Desert, Bhuj, Gujarat, India","weak",50,"KEPT_EXISTING","kept_existing"
"place-dwarkadhish-temple-mathura","Dwarkadhish Temple","Dwarka","Gujarat","https://upload.wikimedia.org/wikipedia/commons/a/a2/Dwarkadheesh_temple.jpg","https://upload.wikimedia.org/wikipedia/commons/a/a2/Dwarkadheesh_temple.jpg","","","","","","none",-100,"KEPT_EXISTING","kept_existing"
"place-dandi-kutir-gandhinagar","Dandi Kutir","Gandhinagar","Gujarat","https://dandi-kutir.com/wp-content/uploads/2023/07/Picture2.jpg","https://dandi-kutir.com/wp-content/uploads/2023/07/Picture2.jpg","","","","","","none",-100,"KEPT_EXISTING","kept_existing"
"place-gir-national-park-junagadh","Gir National Park","Junagadh","Gujarat","https://upload.wikimedia.org/wikipedia/commons/9/90/Gir_lion-Gir_forest%2Cjunagadh%2Cgujarat%2Cindia.jpeg","https://images.pexels.com/photos/37316520/pexels-photo-37316520.jpeg?auto=compress&cs=tinysrgb&dpr=2&h=650&w=940","37316520","https://www.pexels.com/photo/asiatic-lions-in-sasan-gir-wildlife-sanctuary-37316520/","Abhishek  Navlakha","https://www.pexels.com/@navlakha","Gir National Park, Junagadh, Gujarat, India","relevant",65,"REPLACED_RELEVANT","replaced"
"place-statue-of-unity-kevadia-277","Statue of Unity","Kevadia","Gujarat","https://upload.wikimedia.org/wikipedia/commons/0/07/Statue_of_Unity.jpg","https://upload.wikimedia.org/wikipedia/commons/0/07/Statue_of_Unity.jpg","","","","","","none",-100,"KEPT_EXISTING","kept_existing"
"place-rann-utsav-rann-of-kutch","Rann Utsav","Rann of Kutch","Gujarat","https://www.rannutsav.com/blog/wp-content/uploads/2024/12/141013682_715635635803639_4674705074199093637_n-1.png","https://www.rannutsav.com/blog/wp-content/uploads/2024/12/141013682_715635635803639_4674705074199093637_n-1.png","","","","","","none",-100,"KEPT_EXISTING","kept_existing"
"place-somnath-temple-somnath","Somnath Temple","Somnath","Gujarat","https://upload.wikimedia.org/wikipedia/commons/thumb/1/10/Somanath_mandir_%28cropped%29.jpg/640px-Somanath_mandir_%28cropped%29.jpg","https://upload.wikimedia.org/wikipedia/commons/thumb/1/10/Somanath_mandir_%28cropped%29.jpg/640px-Somanath_mandir_%28cropped%29.jpg","","","","","","none",-100,"KEPT_EXISTING","kept_existing"
"place-dutch-garden-surat","Dutch Garden","Surat","Gujarat","https://images.unsplash.com/photo-1582510003544-4d00b7f74220?w=800","https://images.unsplash.com/photo-1582510003544-4d00b7f74220?w=800","","","","","","none",-100,"KEPT_EXISTING","kept_existing"
"place-jagdishchandra-bose-aquarium-surat","Jagdishchandra Bose Aquarium","Surat","Gujarat","https://images.unsplash.com/photo-1582510003544-4d00b7f74220?w=800","https://images.unsplash.com/photo-1582510003544-4d00b7f74220?w=800","","","","","","none",-100,"KEPT_EXISTING","kept_existing"
"place-sarthana-nature-park-surat","Sarthana Nature Park","Surat","Gujarat","https://images.unsplash.com/photo-1582510003544-4d00b7f74220?w=800","https://images.unsplash.com/photo-1582510003544-4d00b7f74220?w=800","","","","","","none",-100,"KEPT_EXISTING","kept_existing"
"place-baroda-golf-club-vadodara","Baroda Golf Club","Vadodara","Gujarat","https://images.unsplash.com/photo-1582510003544-4d00b7f74220?w=800","https://images.unsplash.com/photo-1582510003544-4d00b7f74220?w=800","","","","","","none",-100,"KEPT_EXISTING","kept_existing"
"place-laxmi-vilas-palace-vadodara","Laxmi Vilas Palace","Vadodara","Gujarat","https://upload.wikimedia.org/wikipedia/commons/b/bd/LakshmiVilas_Palace.jpg","https://upload.wikimedia.org/wikipedia/commons/b/bd/LakshmiVilas_Palace.jpg","","","","","","none",-100,"KEPT_EXISTING","kept_existing"
"place-sayaji-garden-vadodara","Sayaji Garden","Vadodara","Gujarat","https://images.unsplash.com/photo-1582510003544-4d00b7f74220?w=800","https://images.unsplash.com/photo-1582510003544-4d00b7f74220?w=800","","","","","","none",-100,"KEPT_EXISTING","kept_existing"
"place-badkhal-lake-faridabad","Badkhal Lake","Faridabad","Haryana","https://images.unsplash.com/photo-1582510003544-4d00b7f74220?w=800","https://images.unsplash.com/photo-1582510003544-4d00b7f74220?w=800","","","","","","none",-100,"KEPT_EXISTING","kept_existing"
"place-raja-nahar-singh-palace-faridabad","Raja Nahar Singh Palace","Faridabad","Haryana","https://images.unsplash.com/photo-1582510003544-4d00b7f74220?w=800","https://images.unsplash.com/photo-1582510003544-4d00b7f74220?w=800","","","","","","none",-100,"KEPT_EXISTING","kept_existing"
"place-surajkund-lake-faridabad","Surajkund Lake","Faridabad","Haryana","https://images.unsplash.com/photo-1582510003544-4d00b7f74220?w=800","https://images.unsplash.com/photo-1582510003544-4d00b7f74220?w=800","","","","","","none",-100,"KEPT_EXISTING","kept_existing"
"place-cyber-hub-gurgaon","Cyber Hub","Gurgaon","Haryana","https://images.unsplash.com/photo-1582510003544-4d00b7f74220?w=800","https://images.unsplash.com/photo-1582510003544-4d00b7f74220?w=800","","","","","","none",-100,"KEPT_EXISTING","kept_existing"
"place-damdama-lake-gurgaon","Damdama Lake","Gurgaon","Haryana","https://images.unsplash.com/photo-1582510003544-4d00b7f74220?w=800","https://images.unsplash.com/photo-1582510003544-4d00b7f74220?w=800","","","","","","none",-100,"KEPT_EXISTING","kept_existing"
"place-kingdom-of-dreams-gurgaon-291","Kingdom of Dreams","Gurgaon","Haryana","https://images.unsplash.com/photo-1470071459604-3b5ec3a7fe05?w=800","https://images.unsplash.com/photo-1470071459604-3b5ec3a7fe05?w=800","","","","","","none",-100,"KEPT_EXISTING","kept_existing"
"place-ambience-mall-gurugram","Ambience Mall","Gurugram","Haryana","https://upload.wikimedia.org/wikipedia/commons/6/62/Mango_atrium_at_Ambience_Mall%2C_Gurgaon.jpg","https://upload.wikimedia.org/wikipedia/commons/6/62/Mango_atrium_at_Ambience_Mall%2C_Gurgaon.jpg","","","","","","none",-100,"KEPT_EXISTING","kept_existing"
"place-dlf-cyberhub-gurugram","DLF CyberHub","Gurugram","Haryana","https://dynamic-media-cdn.tripadvisor.com/media/photo-o/0f/b8/e2/a4/photo5jpg.jpg?w=1200&h=-1&s=1","https://dynamic-media-cdn.tripadvisor.com/media/photo-o/0f/b8/e2/a4/photo5jpg.jpg?w=1200&h=-1&s=1","","","","","","none",-100,"KEPT_EXISTING","kept_existing"
"place-kingdom-of-dreams-gurugram-294","Kingdom of Dreams","Gurugram","Haryana","https://upload.wikimedia.org/wikipedia/commons/6/68/Culture_Gully_and_Nautanki_Mahal_auditorium%2C_Kingdom_of_Dreams%2C_Gurgaon.jpg","https://upload.wikimedia.org/wikipedia/commons/6/68/Culture_Gully_and_Nautanki_Mahal_auditorium%2C_Kingdom_of_Dreams%2C_Gurgaon.jpg","","","","","","none",-100,"KEPT_EXISTING","kept_existing"
"place-barot-valley-barot","Barot Valley","Barot","Himachal Pradesh","https://dynamic-media-cdn.tripadvisor.com/media/photo-o/05/e7/15/ff/barot-valley-view.jpg?w=900&h=500&s=1","https://dynamic-media-cdn.tripadvisor.com/media/photo-o/05/e7/15/ff/barot-valley-view.jpg?w=900&h=500&s=1","","","","","","none",-100,"KEPT_EXISTING","kept_existing"
"place-paragliding-site-bir-billing","Paragliding Site","Bir Billing","Himachal Pradesh","https://www.pandotrip.com/wp-content/uploads/2014/05/Top-10-Paragliding-Sites-Slovenia-Photo-by-Robert-Kovacs.jpg","https://www.pandotrip.com/wp-content/uploads/2014/05/Top-10-Paragliding-Sites-Slovenia-Photo-by-Robert-Kovacs.jpg","","","","","","none",-100,"KEPT_EXISTING","kept_existing"
"place-chamera-lake-dalhousie","Chamera Lake","Chamba","Himachal Pradesh","https://dynamic-media-cdn.tripadvisor.com/media/photo-o/15/9f/79/82/chamera-lake-also-known.jpg?w=1200&h=-1&s=1","https://dynamic-media-cdn.tripadvisor.com/media/photo-o/15/9f/79/82/chamera-lake-also-known.jpg?w=1200&h=-1&s=1","","","","","","none",-100,"KEPT_EXISTING","kept_existing"
"place-bakrota-hills-or-upper-bakrota-dalhousie","Bakrota Hills or Upper Bakrota","Dalhousie","Himachal Pradesh","https://images.unsplash.com/photo-1470071459604-3b5ec3a7fe05?w=800","https://images.unsplash.com/photo-1470071459604-3b5ec3a7fe05?w=800","","","","","","none",-100,"KEPT_EXISTING","kept_existing"
"place-bhuri-singh-museum-dalhousie","Bhuri Singh Museum","Dalhousie","Himachal Pradesh","https://images.unsplash.com/photo-1564507592333-c60657eea523?w=800","https://images.unsplash.com/photo-1564507592333-c60657eea523?w=800","","","","","Bhuri Singh Museum, Dalhousie, Himachal Pradesh, India","weak",35,"KEPT_EXISTING","kept_existing"
"place-chamba-dalhousie","Chamba","Dalhousie","Himachal Pradesh","https://images.unsplash.com/photo-1470071459604-3b5ec3a7fe05?w=800","https://images.unsplash.com/photo-1470071459604-3b5ec3a7fe05?w=800","","","","","","none",-100,"KEPT_EXISTING","kept_existing"
"place-chamera-lake-dalhousie-301","Chamera Lake","Dalhousie","Himachal Pradesh","https://images.unsplash.com/photo-1470071459604-3b5ec3a7fe05?w=800","https://images.unsplash.com/photo-1470071459604-3b5ec3a7fe05?w=800","","","","","","none",-100,"KEPT_EXISTING","kept_existing"
"place-chamunda-devi-temple-dalhousie","Chamunda Devi Temple","Dalhousie","Himachal Pradesh","https://images.unsplash.com/photo-1614082242765-7c98ca0f3df3?w=800","https://images.unsplash.com/photo-1614082242765-7c98ca0f3df3?w=800","","","","","","none",-100,"KEPT_EXISTING","kept_existing"
"place-city-shopping-dalhousie","City Shopping","Dalhousie","Himachal Pradesh","https://images.unsplash.com/photo-1596402184320-417e7178b2cd?w=800","https://images.unsplash.com/photo-1596402184320-417e7178b2cd?w=800","","","","","","none",-100,"KEPT_EXISTING","kept_existing"
"place-dainkund-peak-dalhousie","Dainkund Peak","Dalhousie","Himachal Pradesh","https://images.unsplash.com/photo-1470071459604-3b5ec3a7fe05?w=800","https://images.unsplash.com/photo-1470071459604-3b5ec3a7fe05?w=800","","","","","","none",-100,"KEPT_EXISTING","kept_existing"
"place-dainkund-to-jot-trek-dalhousie","Dainkund to Jot Trek","Dalhousie","Himachal Pradesh","https://images.unsplash.com/photo-1502680390548-bdbac40e4ce3?w=800","https://images.unsplash.com/photo-1502680390548-bdbac40e4ce3?w=800","","","","","","none",-100,"KEPT_EXISTING","kept_existing"
"place-ganji-pahari-dalhousie","Ganji Pahari","Dalhousie","Himachal Pradesh","https://images.unsplash.com/photo-1502680390548-bdbac40e4ce3?w=800","https://images.unsplash.com/photo-1502680390548-bdbac40e4ce3?w=800","","","","","","none",-100,"KEPT_EXISTING","kept_existing"
"place-garam-sadak-dalhousie","Garam Sadak","Dalhousie","Himachal Pradesh","https://images.unsplash.com/photo-1470071459604-3b5ec3a7fe05?w=800","https://images.unsplash.com/photo-1470071459604-3b5ec3a7fe05?w=800","","","","","","none",-100,"KEPT_EXISTING","kept_existing"
"place-indo-tibetan-market-dalhousie","Indo Tibetan Market","Dalhousie","Himachal Pradesh","https://images.unsplash.com/photo-1596402184320-417e7178b2cd?w=800","https://images.unsplash.com/photo-1596402184320-417e7178b2cd?w=800","","","","","","none",-100,"KEPT_EXISTING","kept_existing"
"place-kalatop-wildlife-sanctuary-dalhousie","Kalatop wildlife sanctuary","Dalhousie","Himachal Pradesh","https://images.unsplash.com/photo-1544735716-392fe2489ffa?w=800","https://images.unsplash.com/photo-1544735716-392fe2489ffa?w=800","","","","","","none",-100,"KEPT_EXISTING","kept_existing"
"place-khajjiar-lake-dalhousie","Khajjiar Lake","Dalhousie","Himachal Pradesh","https://upload.wikimedia.org/wikipedia/commons/thumb/2/20/Khajjiar.jpg/1200px-Khajjiar.jpg","https://upload.wikimedia.org/wikipedia/commons/thumb/2/20/Khajjiar.jpg/1200px-Khajjiar.jpg","","","","","","none",-100,"KEPT_EXISTING","kept_existing"
"place-laxmi-narayan-temple-dalhousie-dalhousie","Laxmi Narayan Temple Dalhousie","Dalhousie","Himachal Pradesh","https://images.unsplash.com/photo-1614082242765-7c98ca0f3df3?w=800","https://images.unsplash.com/photo-1614082242765-7c98ca0f3df3?w=800","","","","","","none",-100,"KEPT_EXISTING","kept_existing"
"place-panch-pulla-dalhousie","Panch Pulla","Dalhousie","Himachal Pradesh","https://images.unsplash.com/photo-1470071459604-3b5ec3a7fe05?w=800","https://images.unsplash.com/photo-1470071459604-3b5ec3a7fe05?w=800","","","","","","none",-100,"KEPT_EXISTING","kept_existing"
"place-paragliding-at-khajjiar-dalhousie","Paragliding at Khajjiar","Dalhousie","Himachal Pradesh","https://images.unsplash.com/photo-1502680390548-bdbac40e4ce3?w=800","https://images.unsplash.com/photo-1502680390548-bdbac40e4ce3?w=800","","","","","","none",-100,"KEPT_EXISTING","kept_existing"
"place-river-crossing-and-river-rafting-dalhousie","River Crossing and River Rafting","Dalhousie","Himachal Pradesh","https://images.unsplash.com/photo-1502680390548-bdbac40e4ce3?w=800","https://images.unsplash.com/photo-1502680390548-bdbac40e4ce3?w=800","","","","","","none",-100,"KEPT_EXISTING","kept_existing"
"place-rock-climbing-dalhousie","Rock Climbing","Dalhousie","Himachal Pradesh","https://images.unsplash.com/photo-1502680390548-bdbac40e4ce3?w=800","https://images.unsplash.com/photo-1502680390548-bdbac40e4ce3?w=800","","","","","","none",-100,"KEPT_EXISTING","kept_existing"
"place-rock-garden-dalhousie","Rock Garden","Dalhousie","Himachal Pradesh","https://images.unsplash.com/photo-1585320806297-9794b3e4eeae?w=800","https://images.unsplash.com/photo-1585320806297-9794b3e4eeae?w=800","","","","","","none",-100,"KEPT_EXISTING","kept_existing"
"place-sach-pass-dalhousie","Sach Pass","Dalhousie","Himachal Pradesh","https://images.unsplash.com/photo-1470071459604-3b5ec3a7fe05?w=800","https://images.unsplash.com/photo-1470071459604-3b5ec3a7fe05?w=800","","","","","","none",-100,"KEPT_EXISTING","kept_existing"
"place-satdhara-falls-dalhousie","Satdhara Falls","Dalhousie","Himachal Pradesh","https://images.unsplash.com/photo-1470071459604-3b5ec3a7fe05?w=800","https://images.unsplash.com/photo-1470071459604-3b5ec3a7fe05?w=800","","","","","","none",-100,"KEPT_EXISTING","kept_existing"
"place-st-patricks-church-dalhousie","St Patricks Church","Dalhousie","Himachal Pradesh","https://images.unsplash.com/photo-1614082242765-7c98ca0f3df3?w=800","https://images.unsplash.com/photo-1614082242765-7c98ca0f3df3?w=800","","","","","","none",-100,"KEPT_EXISTING","kept_existing"
"place-st-francis-church-dalhousie","St. Francis Church","Dalhousie","Himachal Pradesh","https://images.unsplash.com/photo-1614082242765-7c98ca0f3df3?w=800","https://images.unsplash.com/photo-1614082242765-7c98ca0f3df3?w=800","","","","","","none",-100,"KEPT_EXISTING","kept_existing"
"place-st-john-church-dalhousie","St. John Church","Dalhousie","Himachal Pradesh","https://images.unsplash.com/photo-1614082242765-7c98ca0f3df3?w=800","https://images.unsplash.com/photo-1614082242765-7c98ca0f3df3?w=800","","","","","","none",-100,"KEPT_EXISTING","kept_existing"
"place-subhash-baoli-dalhousie","Subhash Baoli","Dalhousie","Himachal Pradesh","https://images.unsplash.com/photo-1470071459604-3b5ec3a7fe05?w=800","https://images.unsplash.com/photo-1470071459604-3b5ec3a7fe05?w=800","","","","","","none",-100,"KEPT_EXISTING","kept_existing"
"place-trekking-dalhousie","Trekking","Dalhousie","Himachal Pradesh","https://images.unsplash.com/photo-1502680390548-bdbac40e4ce3?w=800","https://images.unsplash.com/photo-1502680390548-bdbac40e4ce3?w=800","","","","","","none",-100,"KEPT_EXISTING","kept_existing"
"place-kangra-fort-mcleodganj","Kangra Fort","Kangra","Himachal Pradesh","https://upload.wikimedia.org/wikipedia/commons/f/f0/Kangra_Fort_%2CHimachal_Pradesh_06.jpg","https://upload.wikimedia.org/wikipedia/commons/f/f0/Kangra_Fort_%2CHimachal_Pradesh_06.jpg","","","","","","none",-100,"KEPT_EXISTING","kept_existing"
"place-baptist-church-kasauli","Baptist Church","Kasauli","Himachal Pradesh","https://images.unsplash.com/photo-1614082242765-7c98ca0f3df3?w=800","https://images.unsplash.com/photo-1614082242765-7c98ca0f3df3?w=800","","","","","","none",-100,"KEPT_EXISTING","kept_existing"
"place-christ-anglican-church-kasauli","Christ (Anglican) Church","Kasauli","Himachal Pradesh","https://images.unsplash.com/photo-1614082242765-7c98ca0f3df3?w=800","https://images.unsplash.com/photo-1614082242765-7c98ca0f3df3?w=800","","","","","","none",-100,"KEPT_EXISTING","kept_existing"
"place-gilbert-trail-kasauli","Gilbert Trail","Kasauli","Himachal Pradesh","https://images.unsplash.com/photo-1524492412937-b28074a5d7da?w=800","https://images.unsplash.com/photo-1524492412937-b28074a5d7da?w=800","","","","","","none",-100,"KEPT_EXISTING","kept_existing"
"place-gurka-fort-kasauli","Gurka Fort","Kasauli","Himachal Pradesh","https://images.unsplash.com/photo-1564507592333-c60657eea523?w=800","https://images.unsplash.com/photo-1564507592333-c60657eea523?w=800","","","","","Gurka Fort, Kasauli, Himachal Pradesh, India","weak",20,"KEPT_EXISTING","kept_existing"
"place-gurudwara-shri-guru-nanakji-kasauli","Gurudwara Shri Guru Nanakji","Kasauli","Himachal Pradesh","https://images.unsplash.com/photo-1614082242765-7c98ca0f3df3?w=800","https://images.unsplash.com/photo-1614082242765-7c98ca0f3df3?w=800","","","","","","none",-100,"KEPT_EXISTING","kept_existing"